[13Sep2026 17:30:17.033] [main/INFO] [cpw.mods.modlauncher.Launcher/MODLAUNCHER]: ModLauncher running: args [--launchTarget, forgeserver, --fml.neoForgeVersion, 21.1.250, --fml.fmlVersion, 4.0.44, --fml.mcVersion, 1.21.1, --fml.neoFormVersion, 20240808.144430]
[13Sep2026 17:30:17.035] [main/INFO] [cpw.mods.modlauncher.Launcher/MODLAUNCHER]: JVM identified as Eclipse Adoptium OpenJDK 64-Bit Server VM 21.0.12.1+1-LTS
[13Sep2026 17:30:17.036] [main/INFO] [cpw.mods.modlauncher.Launcher/MODLAUNCHER]: ModLauncher 11.0.5+main.901c6ea8 starting: java version 21.0.12.1 by Eclipse Adoptium; OS Linux arch amd64 version 7.0.0-31-generic
[13Sep2026 17:30:17.207] [main/INFO] [net.neoforged.fml.loading.ImmediateWindowHandler/]: ImmediateWindowProvider not loading because launch target is forgeserver
[13Sep2026 17:30:17.281] [main/INFO] [mixin/]: SpongePowered MIXIN Subsystem Version=0.8.7 Source=union:/home/amp/.ampdata/instances/FusionCreateMine01/Minecraft/libraries/net/fabricmc/sponge-mixin/0.15.2+mixin.0.8.7/sponge-mixin-0.15.2+mixin.0.8.7.jar%2373!/ Service=ModLauncher Env=SERVER
[13Sep2026 17:30:17.506] [main/INFO] [net.neoforged.fml.loading.moddiscovery.ModDiscoverer/SCAN]: Found mod file "server-1.21.1-20240808.144430-srg.jar" [locator: production server provider +net.neoforged:neoforge:21.1.250:server]
[13Sep2026 17:30:17.522] [main/INFO] [net.neoforged.fml.loading.moddiscovery.ModDiscoverer/SCAN]: Found mod file "neoforge-21.1.250-universal.jar" [locator: PathBasedLocator[name=neoforge, paths=[libraries/net/neoforged/neoforge/21.1.250/neoforge-21.1.250-universal.jar]], reader: mod manifest]
[13Sep2026 17:30:17.524] [main/INFO] [net.neoforged.fml.loading.moddiscovery.ModDiscoverer/SCAN]: Found library file "~nonexistent" [locator: org.sinytra.connector.locator.ConnectorEarlyLocatorBootstrap@9bd0fa6]
[13Sep2026 17:30:17.533] [main/INFO] [net.neoforged.fml.loading.moddiscovery.ModDiscoverer/SCAN]: Found mod file "aero_cam_sync-1.4.0.jar" [locator: {mods folder locator at /home/amp/.ampdata/instances/FusionCreateMine01/Minecraft/mods}, reader: mod manifest]
[13Sep2026 17:30:17.537] [main/INFO] [net.neoforged.fml.loading.moddiscovery.ModDiscoverer/SCAN]: Found mod file "aero_player_tilt-0.1.3.jar" [locator: {mods folder locator at /home/amp/.ampdata/instances/FusionCreateMine01/Minecraft/mods}, reader: mod manifest]
[13Sep2026 17:30:17.542] [main/INFO] [net.neoforged.fml.loading.moddiscovery.ModDiscoverer/SCAN]: Found mod file "aeronauticsdiscovery-2.1.3.jar" [locator: {mods folder locator at /home/amp/.ampdata/instances/FusionCreateMine01/Minecraft/mods}, reader: mod manifest]
[13Sep2026 17:30:17.546] [main/INFO] [net.neoforged.fml.loading.moddiscovery.ModDiscoverer/SCAN]: Found mod file "AI-Improvements-1.21-0.5.3.jar" [locator: {mods folder locator at /home/amp/.ampdata/instances/FusionCreateMine01/Minecraft/mods}, reader: mod manifest]
[13Sep2026 17:30:17.552] [main/INFO] [net.neoforged.fml.loading.moddiscovery.ModDiscoverer/SCAN]: Found mod file "alltheleaks-1.1.12+1.21.1-neoforge.jar" [locator: {mods folder locator at /home/amp/.ampdata/instances/FusionCreateMine01/Minecraft/mods}, reader: mod manifest]
[13Sep2026 17:30:17.554] [main/INFO] [net.neoforged.fml.loading.moddiscovery.ModDiscoverer/SCAN]: Found mod file "appleskin-neoforge-mc1.21-3.0.9.jar" [locator: {mods folder locator at /home/amp/.ampdata/instances/FusionCreateMine01/Minecraft/mods}, reader: mod manifest]
[13Sep2026 17:30:17.556] [main/INFO] [net.neoforged.fml.loading.moddiscovery.ModDiscoverer/SCAN]: Found mod file "architectury-13.0.11-neoforge.jar" [locator: {mods folder locator at /home/amp/.ampdata/instances/FusionCreateMine01/Minecraft/mods}, reader: mod manifest]
[13Sep2026 17:30:17.558] [main/INFO] [net.neoforged.fml.loading.moddiscovery.ModDiscoverer/SCAN]: Found mod file "baguettelib-1.21.1-NeoForge-2.0.6.jar" [locator: {mods folder locator at /home/amp/.ampdata/instances/FusionCreateMine01/Minecraft/mods}, reader: mod manifest]
[13Sep2026 17:30:17.560] [main/INFO] [net.neoforged.fml.loading.moddiscovery.ModDiscoverer/SCAN]: Found mod file "better-advanced-tooltips-2101.1.0-build.5.jar" [locator: {mods folder locator at /home/amp/.ampdata/instances/FusionCreateMine01/Minecraft/mods}, reader: mod manifest]
[13Sep2026 17:30:17.562] [main/INFO] [net.neoforged.fml.loading.moddiscovery.ModDiscoverer/SCAN]: Found mod file "blockui-1.0.211-1.21.1-snapshot.jar" [locator: {mods folder locator at /home/amp/.ampdata/instances/FusionCreateMine01/Minecraft/mods}, reader: mod manifest]
[13Sep2026 17:30:17.565] [main/INFO] [net.neoforged.fml.loading.moddiscovery.ModDiscoverer/SCAN]: Found mod file "c2me-neoforge-mc1.21.1-0.4.0-alpha.0.120.jar" [locator: {mods folder locator at /home/amp/.ampdata/instances/FusionCreateMine01/Minecraft/mods}, reader: mod manifest]
[13Sep2026 17:30:17.567] [main/INFO] [net.neoforged.fml.loading.moddiscovery.ModDiscoverer/SCAN]: Found mod file "chunkloaders-1.2.9-neoforge-mc1.21.jar" [locator: {mods folder locator at /home/amp/.ampdata/instances/FusionCreateMine01/Minecraft/mods}, reader: mod manifest]
[13Sep2026 17:30:17.570] [main/INFO] [net.neoforged.fml.loading.moddiscovery.ModDiscoverer/SCAN]: Found mod file "Chunky-NeoForge-1.4.23.jar" [locator: {mods folder locator at /home/amp/.ampdata/instances/FusionCreateMine01/Minecraft/mods}, reader: mod manifest]
[13Sep2026 17:30:17.597] [main/WARN] [net.neoforged.fml.loading.moddiscovery.ModDiscoverer/SCAN]: Skipping jar. File /home/amp/.ampdata/instances/FusionCreateMine01/Minecraft/mods/ClientID-Fabric-1.1.3-1.21.1.jar is a Fabric mod and cannot be loaded
[13Sep2026 17:30:17.599] [main/INFO] [net.neoforged.fml.loading.moddiscovery.ModDiscoverer/SCAN]: Found mod file "cloth-config-15.0.140-neoforge.jar" [locator: {mods folder locator at /home/amp/.ampdata/instances/FusionCreateMine01/Minecraft/mods}, reader: mod manifest]
[13Sep2026 17:30:17.601] [main/INFO] [net.neoforged.fml.loading.moddiscovery.ModDiscoverer/SCAN]: Found mod file "Clumps-neoforge-1.21.1-19.0.0.1.jar" [locator: {mods folder locator at /home/amp/.ampdata/instances/FusionCreateMine01/Minecraft/mods}, reader: mod manifest]
[13Sep2026 17:30:17.602] [main/INFO] [net.neoforged.fml.loading.moddiscovery.ModDiscoverer/SCAN]: Found mod file "cmparallelpipes-neoforge-2.0.2.jar" [locator: {mods folder locator at /home/amp/.ampdata/instances/FusionCreateMine01/Minecraft/mods}, reader: mod manifest]
[13Sep2026 17:30:17.604] [main/INFO] [net.neoforged.fml.loading.moddiscovery.ModDiscoverer/SCAN]: Found mod file "compactflap-neoforge-1.21.1-1.0.4.1.jar" [locator: {mods folder locator at /home/amp/.ampdata/instances/FusionCreateMine01/Minecraft/mods}, reader: mod manifest]
[13Sep2026 17:30:17.606] [main/INFO] [net.neoforged.fml.loading.moddiscovery.ModDiscoverer/SCAN]: Found mod file "compactgearbox-1.0.2.jar" [locator: {mods folder locator at /home/amp/.ampdata/instances/FusionCreateMine01/Minecraft/mods}, reader: mod manifest]
[13Sep2026 17:30:17.609] [main/INFO] [net.neoforged.fml.loading.moddiscovery.ModDiscoverer/SCAN]: Found mod file "ConstructionWandsRevived-1.21.1-4.0.4-NeoForge.jar" [locator: {mods folder locator at /home/amp/.ampdata/instances/FusionCreateMine01/Minecraft/mods}, reader: mod manifest]
[13Sep2026 17:30:17.611] [main/INFO] [net.neoforged.fml.loading.moddiscovery.ModDiscoverer/SCAN]: Found mod file "convenient_augershafts_1.21.1-1.1.2.jar" [locator: {mods folder locator at /home/amp/.ampdata/instances/FusionCreateMine01/Minecraft/mods}, reader: mod manifest]
[13Sep2026 17:30:17.613] [main/INFO] [net.neoforged.fml.loading.moddiscovery.ModDiscoverer/SCAN]: Found mod file "coordboard-1.0.0.jar" [locator: {mods folder locator at /home/amp/.ampdata/instances/FusionCreateMine01/Minecraft/mods}, reader: mod manifest]
[13Sep2026 17:30:17.615] [main/INFO] [net.neoforged.fml.loading.moddiscovery.ModDiscoverer/SCAN]: Found mod file "copycats-3.0.9+mc.1.21.1-neoforge.jar" [locator: {mods folder locator at /home/amp/.ampdata/instances/FusionCreateMine01/Minecraft/mods}, reader: mod manifest]
[13Sep2026 17:30:17.618] [main/INFO] [net.neoforged.fml.loading.moddiscovery.ModDiscoverer/SCAN]: Found mod file "Create Encased-1.21.1-1.9.0-ht3.jar" [locator: {mods folder locator at /home/amp/.ampdata/instances/FusionCreateMine01/Minecraft/mods}, reader: mod manifest]
[13Sep2026 17:30:17.620] [main/INFO] [net.neoforged.fml.loading.moddiscovery.ModDiscoverer/SCAN]: Found mod file "Create Quality of Life-1.21.1-1.6.3-fix1.jar" [locator: {mods folder locator at /home/amp/.ampdata/instances/FusionCreateMine01/Minecraft/mods}, reader: mod manifest]
[13Sep2026 17:30:17.625] [main/INFO] [net.neoforged.fml.loading.moddiscovery.ModDiscoverer/SCAN]: Found mod file "create-1.21.1-6.0.10.jar" [locator: {mods folder locator at /home/amp/.ampdata/instances/FusionCreateMine01/Minecraft/mods}, reader: mod manifest]
[13Sep2026 17:30:17.627] [main/INFO] [net.neoforged.fml.loading.moddiscovery.ModDiscoverer/SCAN]: Found mod file "create-aeronautics-bundled-1.21.1-1.3.2.jar" [locator: {mods folder locator at /home/amp/.ampdata/instances/FusionCreateMine01/Minecraft/mods}, reader: mod manifest]
[13Sep2026 17:30:17.628] [main/INFO] [net.neoforged.fml.loading.moddiscovery.ModDiscoverer/SCAN]: Found mod file "create-aeronautics-ultimatefactory-recipe-fix-0.1.jar" [locator: {mods folder locator at /home/amp/.ampdata/instances/FusionCreateMine01/Minecraft/mods}, reader: mod manifest]
[13Sep2026 17:30:17.629] [main/INFO] [net.neoforged.fml.loading.moddiscovery.ModDiscoverer/SCAN]: Found mod file "create-break_levitite-1.1.0.jar" [locator: {mods folder locator at /home/amp/.ampdata/instances/FusionCreateMine01/Minecraft/mods}, reader: mod manifest]
[13Sep2026 17:30:17.630] [main/INFO] [net.neoforged.fml.loading.moddiscovery.ModDiscoverer/SCAN]: Found mod file "create-coal-recipe-1.jar" [locator: {mods folder locator at /home/amp/.ampdata/instances/FusionCreateMine01/Minecraft/mods}, reader: mod manifest]
[13Sep2026 17:30:17.631] [main/INFO] [net.neoforged.fml.loading.moddiscovery.ModDiscoverer/SCAN]: Found mod file "create-crimsite-recipe-1.jar" [locator: {mods folder locator at /home/amp/.ampdata/instances/FusionCreateMine01/Minecraft/mods}, reader: mod manifest]
[13Sep2026 17:30:17.632] [main/INFO] [net.neoforged.fml.loading.moddiscovery.ModDiscoverer/SCAN]: Found mod file "create-diamond-production-1.jar" [locator: {mods folder locator at /home/amp/.ampdata/instances/FusionCreateMine01/Minecraft/mods}, reader: mod manifest]
[13Sep2026 17:30:17.633] [main/INFO] [net.neoforged.fml.loading.moddiscovery.ModDiscoverer/SCAN]: Found mod file "create-glowstone-dust-recipe-1.jar" [locator: {mods folder locator at /home/amp/.ampdata/instances/FusionCreateMine01/Minecraft/mods}, reader: mod manifest]
[13Sep2026 17:30:17.634] [main/INFO] [net.neoforged.fml.loading.moddiscovery.ModDiscoverer/SCAN]: Found mod file "create-jetpack-vessel-recipefix-1.jar" [locator: {mods folder locator at /home/amp/.ampdata/instances/FusionCreateMine01/Minecraft/mods}, reader: mod manifest]
[13Sep2026 17:30:17.635] [main/INFO] [net.neoforged.fml.loading.moddiscovery.ModDiscoverer/SCAN]: Found mod file "create-redstone-recipe-1.jar" [locator: {mods folder locator at /home/amp/.ampdata/instances/FusionCreateMine01/Minecraft/mods}, reader: mod manifest]
[13Sep2026 17:30:17.637] [main/INFO] [net.neoforged.fml.loading.moddiscovery.ModDiscoverer/SCAN]: Found mod file "create-renewable-brass-1.0.2.jar" [locator: {mods folder locator at /home/amp/.ampdata/instances/FusionCreateMine01/Minecraft/mods}, reader: mod manifest]
[13Sep2026 17:30:17.638] [main/INFO] [net.neoforged.fml.loading.moddiscovery.ModDiscoverer/SCAN]: Found mod file "create-stones-2.0.1.jar" [locator: {mods folder locator at /home/amp/.ampdata/instances/FusionCreateMine01/Minecraft/mods}, reader: mod manifest]
[13Sep2026 17:30:17.639] [main/INFO] [net.neoforged.fml.loading.moddiscovery.ModDiscoverer/SCAN]: Found mod file "create-stuff-additions1.21.1_v2.1.4b.jar" [locator: {mods folder locator at /home/amp/.ampdata/instances/FusionCreateMine01/Minecraft/mods}, reader: mod manifest]
[13Sep2026 17:30:17.640] [main/INFO] [net.neoforged.fml.loading.moddiscovery.ModDiscoverer/SCAN]: Found mod file "create-zinc-recipe-1.20.1-1.1-Datapack.jar" [locator: {mods folder locator at /home/amp/.ampdata/instances/FusionCreateMine01/Minecraft/mods}, reader: mod manifest]
[13Sep2026 17:30:17.642] [main/INFO] [net.neoforged.fml.loading.moddiscovery.ModDiscoverer/SCAN]: Found mod file "create_aeronautics_toolgun-0.3.6.jar" [locator: {mods folder locator at /home/amp/.ampdata/instances/FusionCreateMine01/Minecraft/mods}, reader: mod manifest]
[13Sep2026 17:30:17.644] [main/INFO] [net.neoforged.fml.loading.moddiscovery.ModDiscoverer/SCAN]: Found mod file "create_connected-1.3.3-mc1.21.1.jar" [locator: {mods folder locator at /home/amp/.ampdata/instances/FusionCreateMine01/Minecraft/mods}, reader: mod manifest]
[13Sep2026 17:30:17.646] [main/INFO] [net.neoforged.fml.loading.moddiscovery.ModDiscoverer/SCAN]: Found mod file "create_dupe_fix-1.21.1-1.2.jar" [locator: {mods folder locator at /home/amp/.ampdata/instances/FusionCreateMine01/Minecraft/mods}, reader: mod manifest]
[13Sep2026 17:30:17.648] [main/INFO] [net.neoforged.fml.loading.moddiscovery.ModDiscoverer/SCAN]: Found mod file "create_mobile_packages-1.21.1-0.7.7.jar" [locator: {mods folder locator at /home/amp/.ampdata/instances/FusionCreateMine01/Minecraft/mods}, reader: mod manifest]
[13Sep2026 17:30:17.650] [main/INFO] [net.neoforged.fml.loading.moddiscovery.ModDiscoverer/SCAN]: Found mod file "create_pattern_schematics-2.0.10.jar" [locator: {mods folder locator at /home/amp/.ampdata/instances/FusionCreateMine01/Minecraft/mods}, reader: mod manifest]
[13Sep2026 17:30:17.653] [main/INFO] [net.neoforged.fml.loading.moddiscovery.ModDiscoverer/SCAN]: Found mod file "create_the_air_wars-4.67.jar" [locator: {mods folder locator at /home/amp/.ampdata/instances/FusionCreateMine01/Minecraft/mods}, reader: mod manifest]
[13Sep2026 17:30:17.654] [main/INFO] [net.neoforged.fml.loading.moddiscovery.ModDiscoverer/SCAN]: Found mod file "create_ultimate_factory-2.2.4-neoforge-1.21.1.jar" [locator: {mods folder locator at /home/amp/.ampdata/instances/FusionCreateMine01/Minecraft/mods}, reader: mod manifest]
[13Sep2026 17:30:17.656] [main/INFO] [net.neoforged.fml.loading.moddiscovery.ModDiscoverer/SCAN]: Found mod file "createaddonorganizer-1.5__1.21.1.jar" [locator: {mods folder locator at /home/amp/.ampdata/instances/FusionCreateMine01/Minecraft/mods}, reader: mod manifest]
[13Sep2026 17:30:17.657] [main/INFO] [net.neoforged.fml.loading.moddiscovery.ModDiscoverer/SCAN]: Found mod file "createcardboardthings-1.21.1-1.0.2.jar" [locator: {mods folder locator at /home/amp/.ampdata/instances/FusionCreateMine01/Minecraft/mods}, reader: mod manifest]
[13Sep2026 17:30:17.659] [main/INFO] [net.neoforged.fml.loading.moddiscovery.ModDiscoverer/SCAN]: Found mod file "createcobblestone-1.5.0+neoforge-1.21.1-153.jar" [locator: {mods folder locator at /home/amp/.ampdata/instances/FusionCreateMine01/Minecraft/mods}, reader: mod manifest]
[13Sep2026 17:30:17.661] [main/INFO] [net.neoforged.fml.loading.moddiscovery.ModDiscoverer/SCAN]: Found mod file "createdieselgenerators-1.21.1-1.3.15.jar" [locator: {mods folder locator at /home/amp/.ampdata/instances/FusionCreateMine01/Minecraft/mods}, reader: mod manifest]
[13Sep2026 17:30:17.663] [main/INFO] [net.neoforged.fml.loading.moddiscovery.ModDiscoverer/SCAN]: Found mod file "CreateDragonsPlus-1.11.8b.jar" [locator: {mods folder locator at /home/amp/.ampdata/instances/FusionCreateMine01/Minecraft/mods}, reader: mod manifest]
[13Sep2026 17:30:17.664] [main/INFO] [net.neoforged.fml.loading.moddiscovery.ModDiscoverer/SCAN]: Found mod file "CreateFastSchematicCannon-2.6.1-neoforge-1.21.1.jar" [locator: {mods folder locator at /home/amp/.ampdata/instances/FusionCreateMine01/Minecraft/mods}, reader: mod manifest]
[13Sep2026 17:30:17.666] [main/INFO] [net.neoforged.fml.loading.moddiscovery.ModDiscoverer/SCAN]: Found mod file "createliquidfuel-3.0.0-1.21.1.jar" [locator: {mods folder locator at /home/amp/.ampdata/instances/FusionCreateMine01/Minecraft/mods}, reader: mod manifest]
[13Sep2026 17:30:17.668] [main/INFO] [net.neoforged.fml.loading.moddiscovery.ModDiscoverer/SCAN]: Found mod file "createmorewrenchables-1.0.0.jar" [locator: {mods folder locator at /home/amp/.ampdata/instances/FusionCreateMine01/Minecraft/mods}, reader: mod manifest]
[13Sep2026 17:30:17.669] [main/INFO] [net.neoforged.fml.loading.moddiscovery.ModDiscoverer/SCAN]: Found mod file "createsa_tank_fix-1.3.jar" [locator: {mods folder locator at /home/amp/.ampdata/instances/FusionCreateMine01/Minecraft/mods}, reader: mod manifest]
[13Sep2026 17:30:17.670] [main/INFO] [net.neoforged.fml.loading.moddiscovery.ModDiscoverer/SCAN]: Found mod file "createthreadedtrains-neoforge-1.21.1-1.0.0.jar" [locator: {mods folder locator at /home/amp/.ampdata/instances/FusionCreateMine01/Minecraft/mods}, reader: mod manifest]
[13Sep2026 17:30:17.672] [main/INFO] [net.neoforged.fml.loading.moddiscovery.ModDiscoverer/SCAN]: Found mod file "curios-neoforge-9.5.1+1.21.1.jar" [locator: {mods folder locator at /home/amp/.ampdata/instances/FusionCreateMine01/Minecraft/mods}, reader: mod manifest]
[13Sep2026 17:30:17.673] [main/INFO] [net.neoforged.fml.loading.moddiscovery.ModDiscoverer/SCAN]: Found mod file "domum-ornamentum-1.0.236-snapshot-main.jar" [locator: {mods folder locator at /home/amp/.ampdata/instances/FusionCreateMine01/Minecraft/mods}, reader: mod manifest]
[13Sep2026 17:30:17.675] [main/INFO] [net.neoforged.fml.loading.moddiscovery.ModDiscoverer/SCAN]: Found mod file "drivebysable-r1.5.2.jar" [locator: {mods folder locator at /home/amp/.ampdata/instances/FusionCreateMine01/Minecraft/mods}, reader: mod manifest]
[13Sep2026 17:30:17.676] [main/INFO] [net.neoforged.fml.loading.moddiscovery.ModDiscoverer/SCAN]: Found mod file "End-Sea-Everywhere.jar" [locator: {mods folder locator at /home/amp/.ampdata/instances/FusionCreateMine01/Minecraft/mods}, reader: mod manifest]
[13Sep2026 17:30:17.677] [main/WARN] [net.neoforged.fml.loading.moddiscovery.ModDiscoverer/SCAN]: Skipping jar. File /home/amp/.ampdata/instances/FusionCreateMine01/Minecraft/mods/fabric-permissions-api-0.3.1.jar is a Fabric mod and cannot be loaded
[13Sep2026 17:30:17.679] [main/INFO] [net.neoforged.fml.loading.moddiscovery.ModDiscoverer/SCAN]: Found mod file "FarmersDelight-1.21.1-1.3.4.jar" [locator: {mods folder locator at /home/amp/.ampdata/instances/FusionCreateMine01/Minecraft/mods}, reader: mod manifest]
[13Sep2026 17:30:17.680] [main/INFO] [net.neoforged.fml.loading.moddiscovery.ModDiscoverer/SCAN]: Found mod file "FastSuite-1.21.1-6.0.7.jar" [locator: {mods folder locator at /home/amp/.ampdata/instances/FusionCreateMine01/Minecraft/mods}, reader: mod manifest]
[13Sep2026 17:30:17.694] [main/INFO] [net.neoforged.fml.loading.moddiscovery.ModDiscoverer/SCAN]: Found mod file "ferritecore-7.0.3-neoforge.jar" [locator: {mods folder locator at /home/amp/.ampdata/instances/FusionCreateMine01/Minecraft/mods}, reader: mod manifest]
[13Sep2026 17:30:17.695] [main/INFO] [net.neoforged.fml.loading.moddiscovery.ModDiscoverer/SCAN]: Found mod file "forgified-fabric-api-0.116.15+2.3.5+1.21.1.jar" [locator: {mods folder locator at /home/amp/.ampdata/instances/FusionCreateMine01/Minecraft/mods}, reader: mod manifest]
[13Sep2026 17:30:17.697] [main/INFO] [net.neoforged.fml.loading.moddiscovery.ModDiscoverer/SCAN]: Found mod file "gravestone-neoforge-1.21.1-1.0.40.jar" [locator: {mods folder locator at /home/amp/.ampdata/instances/FusionCreateMine01/Minecraft/mods}, reader: mod manifest]
[13Sep2026 17:30:17.698] [main/INFO] [net.neoforged.fml.loading.moddiscovery.ModDiscoverer/SCAN]: Found mod file "gravestone_sable_compat-1.0.0.jar" [locator: {mods folder locator at /home/amp/.ampdata/instances/FusionCreateMine01/Minecraft/mods}, reader: mod manifest]
[13Sep2026 17:30:17.699] [main/INFO] [net.neoforged.fml.loading.moddiscovery.ModDiscoverer/SCAN]: Found mod file "gravestonecurioscompat-1.21.1-NeoForge-4.0.2.jar" [locator: {mods folder locator at /home/amp/.ampdata/instances/FusionCreateMine01/Minecraft/mods}, reader: mod manifest]
[13Sep2026 17:30:17.701] [main/INFO] [net.neoforged.fml.loading.moddiscovery.ModDiscoverer/SCAN]: Found mod file "gws_aeronautics_copycats-1.0.1.jar" [locator: {mods folder locator at /home/amp/.ampdata/instances/FusionCreateMine01/Minecraft/mods}, reader: mod manifest]
[13Sep2026 17:30:17.702] [main/INFO] [net.neoforged.fml.loading.moddiscovery.ModDiscoverer/SCAN]: Found mod file "hotstuff-1.1.7.jar" [locator: {mods folder locator at /home/amp/.ampdata/instances/FusionCreateMine01/Minecraft/mods}, reader: mod manifest]
[13Sep2026 17:30:17.703] [main/INFO] [net.neoforged.fml.loading.moddiscovery.ModDiscoverer/SCAN]: Found mod file "imfast-NEOFORGE-1.21.1-1.0.3.jar" [locator: {mods folder locator at /home/amp/.ampdata/instances/FusionCreateMine01/Minecraft/mods}, reader: mod manifest]
[13Sep2026 17:30:17.705] [main/INFO] [net.neoforged.fml.loading.moddiscovery.ModDiscoverer/SCAN]: Found mod file "Jade-1.21.1-NeoForge-15.10.6.jar" [locator: {mods folder locator at /home/amp/.ampdata/instances/FusionCreateMine01/Minecraft/mods}, reader: mod manifest]
[13Sep2026 17:30:17.706] [main/INFO] [net.neoforged.fml.loading.moddiscovery.ModDiscoverer/SCAN]: Found mod file "jei-1.21.1-neoforge-19.54.0.429.jar" [locator: {mods folder locator at /home/amp/.ampdata/instances/FusionCreateMine01/Minecraft/mods}, reader: mod manifest]
[13Sep2026 17:30:17.707] [main/INFO] [net.neoforged.fml.loading.moddiscovery.ModDiscoverer/SCAN]: Found mod file "KryptonFoxified-0.1.0+mc1.21.jar" [locator: {mods folder locator at /home/amp/.ampdata/instances/FusionCreateMine01/Minecraft/mods}, reader: mod manifest]
[13Sep2026 17:30:17.709] [main/INFO] [net.neoforged.fml.loading.moddiscovery.ModDiscoverer/SCAN]: Found mod file "kubejs-neoforge-2101.7.2-build.377.jar" [locator: {mods folder locator at /home/amp/.ampdata/instances/FusionCreateMine01/Minecraft/mods}, reader: mod manifest]
[13Sep2026 17:30:17.711] [main/INFO] [net.neoforged.fml.loading.moddiscovery.ModDiscoverer/SCAN]: Found mod file "lithium-neoforge-0.15.4+mc1.21.1.jar" [locator: {mods folder locator at /home/amp/.ampdata/instances/FusionCreateMine01/Minecraft/mods}, reader: mod manifest]
[13Sep2026 17:30:17.720] [main/INFO] [net.neoforged.fml.loading.moddiscovery.ModDiscoverer/SCAN]: Found mod file "minecolonies-1.1.1383-1.21.1-snapshot.jar" [locator: {mods folder locator at /home/amp/.ampdata/instances/FusionCreateMine01/Minecraft/mods}, reader: mod manifest]
[13Sep2026 17:30:17.722] [main/INFO] [net.neoforged.fml.loading.moddiscovery.ModDiscoverer/SCAN]: Found mod file "MineColonies_Compatibility-1.21.1-3.57.jar" [locator: {mods folder locator at /home/amp/.ampdata/instances/FusionCreateMine01/Minecraft/mods}, reader: mod manifest]
[13Sep2026 17:30:17.723] [main/INFO] [net.neoforged.fml.loading.moddiscovery.ModDiscoverer/SCAN]: Found mod file "MineColonies_Tweaks-1.21.1-3.33.jar" [locator: {mods folder locator at /home/amp/.ampdata/instances/FusionCreateMine01/Minecraft/mods}, reader: mod manifest]
[13Sep2026 17:30:17.724] [main/INFO] [net.neoforged.fml.loading.moddiscovery.ModDiscoverer/SCAN]: Found mod file "mll-1.0.jar" [locator: {mods folder locator at /home/amp/.ampdata/instances/FusionCreateMine01/Minecraft/mods}, reader: mod manifest]
[13Sep2026 17:30:17.726] [main/INFO] [net.neoforged.fml.loading.moddiscovery.ModDiscoverer/SCAN]: Found mod file "modernfix-neoforge-5.27.24+mc1.21.1.jar" [locator: {mods folder locator at /home/amp/.ampdata/instances/FusionCreateMine01/Minecraft/mods}, reader: mod manifest]
[13Sep2026 17:30:17.727] [main/INFO] [net.neoforged.fml.loading.moddiscovery.ModDiscoverer/SCAN]: Found mod file "monsters_in_the_closet-1.0.3+1.21-forge.jar" [locator: {mods folder locator at /home/amp/.ampdata/instances/FusionCreateMine01/Minecraft/mods}, reader: mod manifest]
[13Sep2026 17:30:17.728] [main/INFO] [net.neoforged.fml.loading.moddiscovery.ModDiscoverer/SCAN]: Found mod file "moonlight-1.21.1-3.6.4-neoforge.jar" [locator: {mods folder locator at /home/amp/.ampdata/instances/FusionCreateMine01/Minecraft/mods}, reader: mod manifest]
[13Sep2026 17:30:17.730] [main/INFO] [net.neoforged.fml.loading.moddiscovery.ModDiscoverer/SCAN]: Found mod file "moreculling-neoforge-1.21.1-1.0.10.jar" [locator: {mods folder locator at /home/amp/.ampdata/instances/FusionCreateMine01/Minecraft/mods}, reader: mod manifest]
[13Sep2026 17:30:17.731] [main/INFO] [net.neoforged.fml.loading.moddiscovery.ModDiscoverer/SCAN]: Found mod file "multipiston-1.2.58-1.21.1.jar" [locator: {mods folder locator at /home/amp/.ampdata/instances/FusionCreateMine01/Minecraft/mods}, reader: mod manifest]
[13Sep2026 17:30:17.732] [main/INFO] [net.neoforged.fml.loading.moddiscovery.ModDiscoverer/SCAN]: Found mod file "NaturesCompass-1.21.1-3.4.0-neoforge.jar" [locator: {mods folder locator at /home/amp/.ampdata/instances/FusionCreateMine01/Minecraft/mods}, reader: mod manifest]
[13Sep2026 17:30:17.733] [main/INFO] [net.neoforged.fml.loading.moddiscovery.ModDiscoverer/SCAN]: Found mod file "netherrack-recipe-1.jar" [locator: {mods folder locator at /home/amp/.ampdata/instances/FusionCreateMine01/Minecraft/mods}, reader: mod manifest]
[13Sep2026 17:30:17.734] [main/INFO] [net.neoforged.fml.loading.moddiscovery.ModDiscoverer/SCAN]: Found mod file "Placebo-1.21.1-9.9.2.jar" [locator: {mods folder locator at /home/amp/.ampdata/instances/FusionCreateMine01/Minecraft/mods}, reader: mod manifest]
[13Sep2026 17:30:17.735] [main/INFO] [net.neoforged.fml.loading.moddiscovery.ModDiscoverer/SCAN]: Found mod file "ploughandroll-1.2.0-alpha.1.jar" [locator: {mods folder locator at /home/amp/.ampdata/instances/FusionCreateMine01/Minecraft/mods}, reader: mod manifest]
[13Sep2026 17:30:17.736] [main/INFO] [net.neoforged.fml.loading.moddiscovery.ModDiscoverer/SCAN]: Found mod file "rhino-2101.2.8-build.91.jar" [locator: {mods folder locator at /home/amp/.ampdata/instances/FusionCreateMine01/Minecraft/mods}, reader: mod manifest]
[13Sep2026 17:30:17.738] [main/INFO] [net.neoforged.fml.loading.moddiscovery.ModDiscoverer/SCAN]: Found mod file "ropefix-1.5.0.jar" [locator: {mods folder locator at /home/amp/.ampdata/instances/FusionCreateMine01/Minecraft/mods}, reader: mod manifest]
[13Sep2026 17:30:17.739] [main/INFO] [net.neoforged.fml.loading.moddiscovery.ModDiscoverer/SCAN]: Found mod file "sable-neoforge-1.21.1-2.0.5.jar" [locator: {mods folder locator at /home/amp/.ampdata/instances/FusionCreateMine01/Minecraft/mods}, reader: mod manifest]
[13Sep2026 17:30:17.741] [main/INFO] [net.neoforged.fml.loading.moddiscovery.ModDiscoverer/SCAN]: Found mod file "sablecleanup-0.3.0.jar" [locator: {mods folder locator at /home/amp/.ampdata/instances/FusionCreateMine01/Minecraft/mods}, reader: mod manifest]
[13Sep2026 17:30:17.742] [main/INFO] [net.neoforged.fml.loading.moddiscovery.ModDiscoverer/SCAN]: Found mod file "SableStuffAdditionsCompat v1.0.3-1.21.1.jar" [locator: {mods folder locator at /home/amp/.ampdata/instances/FusionCreateMine01/Minecraft/mods}, reader: mod manifest]
[13Sep2026 17:30:17.743] [main/INFO] [net.neoforged.fml.loading.moddiscovery.ModDiscoverer/SCAN]: Found mod file "sleeping-bags-neoforge-1.21.1-1.0.9.jar" [locator: {mods folder locator at /home/amp/.ampdata/instances/FusionCreateMine01/Minecraft/mods}, reader: mod manifest]
[13Sep2026 17:30:17.744] [main/INFO] [net.neoforged.fml.loading.moddiscovery.ModDiscoverer/SCAN]: Found mod file "smarterfarmers-1.21-2.2.4-neoforge.jar" [locator: {mods folder locator at /home/amp/.ampdata/instances/FusionCreateMine01/Minecraft/mods}, reader: mod manifest]
[13Sep2026 17:30:17.745] [main/INFO] [net.neoforged.fml.loading.moddiscovery.ModDiscoverer/SCAN]: Found mod file "smoothboot-1.0.jar" [locator: {mods folder locator at /home/amp/.ampdata/instances/FusionCreateMine01/Minecraft/mods}, reader: mod manifest]
[13Sep2026 17:30:17.747] [main/INFO] [net.neoforged.fml.loading.moddiscovery.ModDiscoverer/SCAN]: Found mod file "sophisticatedbackpacks-1.21.1-3.26.3.2158.jar" [locator: {mods folder locator at /home/amp/.ampdata/instances/FusionCreateMine01/Minecraft/mods}, reader: mod manifest]
[13Sep2026 17:30:17.748] [main/INFO] [net.neoforged.fml.loading.moddiscovery.ModDiscoverer/SCAN]: Found mod file "sophisticatedbackpackscreateintegration-1.21.1-0.2.0.168.jar" [locator: {mods folder locator at /home/amp/.ampdata/instances/FusionCreateMine01/Minecraft/mods}, reader: mod manifest]
[13Sep2026 17:30:17.749] [main/INFO] [net.neoforged.fml.loading.moddiscovery.ModDiscoverer/SCAN]: Found mod file "sophisticatedcore-1.21.1-1.5.1.2341.jar" [locator: {mods folder locator at /home/amp/.ampdata/instances/FusionCreateMine01/Minecraft/mods}, reader: mod manifest]
[13Sep2026 17:30:17.751] [main/INFO] [net.neoforged.fml.loading.moddiscovery.ModDiscoverer/SCAN]: Found mod file "sophisticatedstorage-1.21.1-1.5.91.2127.jar" [locator: {mods folder locator at /home/amp/.ampdata/instances/FusionCreateMine01/Minecraft/mods}, reader: mod manifest]
[13Sep2026 17:30:17.752] [main/INFO] [net.neoforged.fml.loading.moddiscovery.ModDiscoverer/SCAN]: Found mod file "sophisticatedstoragecreateintegration-1.21.1-0.1.21.209.jar" [locator: {mods folder locator at /home/amp/.ampdata/instances/FusionCreateMine01/Minecraft/mods}, reader: mod manifest]
[13Sep2026 17:30:17.753] [main/INFO] [net.neoforged.fml.loading.moddiscovery.ModDiscoverer/SCAN]: Found mod file "structures-1.2.jar" [locator: {mods folder locator at /home/amp/.ampdata/instances/FusionCreateMine01/Minecraft/mods}, reader: mod manifest]
[13Sep2026 17:30:17.755] [main/INFO] [net.neoforged.fml.loading.moddiscovery.ModDiscoverer/SCAN]: Found mod file "structurize-1.0.833-1.21.1-snapshot.jar" [locator: {mods folder locator at /home/amp/.ampdata/instances/FusionCreateMine01/Minecraft/mods}, reader: mod manifest]
[13Sep2026 17:30:17.756] [main/INFO] [net.neoforged.fml.loading.moddiscovery.ModDiscoverer/SCAN]: Found mod file "supermartijn642configlib-1.1.8-neoforge-mc1.21.jar" [locator: {mods folder locator at /home/amp/.ampdata/instances/FusionCreateMine01/Minecraft/mods}, reader: mod manifest]
[13Sep2026 17:30:17.757] [main/INFO] [net.neoforged.fml.loading.moddiscovery.ModDiscoverer/SCAN]: Found mod file "supermartijn642corelib-1.1.24-neoforge-mc1.21.jar" [locator: {mods folder locator at /home/amp/.ampdata/instances/FusionCreateMine01/Minecraft/mods}, reader: mod manifest]
[13Sep2026 17:30:17.759] [main/INFO] [net.neoforged.fml.loading.moddiscovery.ModDiscoverer/SCAN]: Found mod file "towntalk-1.2.0.jar" [locator: {mods folder locator at /home/amp/.ampdata/instances/FusionCreateMine01/Minecraft/mods}, reader: mod manifest]
[13Sep2026 17:30:17.761] [main/INFO] [net.neoforged.fml.loading.moddiscovery.ModDiscoverer/SCAN]: Found mod file "tracks_plus-1.0.6b6.jar" [locator: {mods folder locator at /home/amp/.ampdata/instances/FusionCreateMine01/Minecraft/mods}, reader: mod manifest]
[13Sep2026 17:30:17.762] [main/INFO] [net.neoforged.fml.loading.moddiscovery.ModDiscoverer/SCAN]: Found mod file "voicechat-neoforge-1.21.1-2.6.23.jar" [locator: {mods folder locator at /home/amp/.ampdata/instances/FusionCreateMine01/Minecraft/mods}, reader: mod manifest]
[13Sep2026 17:30:17.763] [main/INFO] [net.neoforged.fml.loading.moddiscovery.ModDiscoverer/SCAN]: Found mod file "Voiceless Survival-1.21.1-neoforge-2.0.1.jar" [locator: {mods folder locator at /home/amp/.ampdata/instances/FusionCreateMine01/Minecraft/mods}, reader: mod manifest]
[13Sep2026 17:30:17.764] [main/INFO] [net.neoforged.fml.loading.moddiscovery.ModDiscoverer/SCAN]: Found mod file "VS-Sable-HoseConnectors-0.1.8-1.21.1.jar" [locator: {mods folder locator at /home/amp/.ampdata/instances/FusionCreateMine01/Minecraft/mods}, reader: mod manifest]
[13Sep2026 17:30:18.658] [main/WARN] [net.neoforged.jarjar.selection.JarSelector/]: Attempted to select two dependency jars from JarJar which have the same identification: Nested Mod File  in Mod File: /home/amp/.ampdata/instances/FusionCreateMine01/Minecraft/mods/CreateDragonsPlus-1.11.8b.jar and Nested Mod File  in Mod File: /home/amp/.ampdata/instances/FusionCreateMine01/Minecraft/mods/moreculling-neoforge-1.21.1-1.0.10.jar. Using Nested Mod File  in Mod File: /home/amp/.ampdata/instances/FusionCreateMine01/Minecraft/mods/CreateDragonsPlus-1.11.8b.jar
[13Sep2026 17:30:18.659] [main/WARN] [net.neoforged.jarjar.selection.JarSelector/]: Attempted to select a dependency jar for JarJar which was passed in as source: library:net.fabricmc.loader. Using Mod File: /~nonexistent
[13Sep2026 17:30:18.659] [main/WARN] [net.neoforged.jarjar.selection.JarSelector/]: Attempted to select a dependency jar for JarJar which was passed in as source: betteradvancedtooltips. Using Mod File: /home/amp/.ampdata/instances/FusionCreateMine01/Minecraft/mods/better-advanced-tooltips-2101.1.0-build.5.jar
[13Sep2026 17:30:18.659] [main/INFO] [net.neoforged.fml.loading.moddiscovery.locators.JarInJarDependencyLocator/]: Found 92 dependencies adding them to mods collection
[13Sep2026 17:30:18.659] [main/INFO] [net.neoforged.fml.loading.moddiscovery.ModDiscoverer/SCAN]: Found mod file "fabric-transfer-api-v1-5.4.4+6244b11119.jar" [parent: forgified-fabric-api-0.116.15+2.3.5+1.21.1.jar, locator: jarinjar, reader: mod manifest]
[13Sep2026 17:30:18.660] [main/INFO] [net.neoforged.fml.loading.moddiscovery.ModDiscoverer/SCAN]: Found mod file "c2me-neoforge-fixes-worldgen-threading-issues-mc1.21.1-0.4.0-alpha.0.120.jar" [parent: c2me-neoforge-mc1.21.1-0.4.0-alpha.0.120.jar, locator: jarinjar, reader: mod manifest]
[13Sep2026 17:30:18.660] [main/INFO] [net.neoforged.fml.loading.moddiscovery.ModDiscoverer/SCAN]: Found mod file "K0NYarUG-6.0-NEOFORGE-1.21.1.jar" [parent: createaddonorganizer-1.5__1.21.1.jar, locator: jarinjar, reader: mod manifest]
[13Sep2026 17:30:18.660] [main/INFO] [net.neoforged.fml.loading.moddiscovery.ModDiscoverer/SCAN]: Found mod file "fabric-renderer-api-v1-3.4.1+9125b6dc19.jar" [parent: forgified-fabric-api-0.116.15+2.3.5+1.21.1.jar, locator: jarinjar, reader: mod manifest]
[13Sep2026 17:30:18.660] [main/INFO] [net.neoforged.fml.loading.moddiscovery.ModDiscoverer/SCAN]: Found mod file "c2me-neoforge-threading-lighting-mc1.21.1-0.4.0-alpha.0.120.jar" [parent: c2me-neoforge-mc1.21.1-0.4.0-alpha.0.120.jar, locator: jarinjar, reader: mod manifest]
[13Sep2026 17:30:18.660] [main/INFO] [net.neoforged.fml.loading.moddiscovery.ModDiscoverer/SCAN]: Found mod file "codecui-neoforge-1.21.1-1.3.6.jar" [parent: moonlight-1.21.1-3.6.4-neoforge.jar, locator: jarinjar, reader: mod manifest]
[13Sep2026 17:30:18.660] [main/INFO] [net.neoforged.fml.loading.moddiscovery.ModDiscoverer/SCAN]: Found library file "glsl-processor-0.2.3.jar" [parent: veil-neoforge-1.21.1-4.3.2.jar, locator: jarinjar]
[13Sep2026 17:30:18.660] [main/INFO] [net.neoforged.fml.loading.moddiscovery.ModDiscoverer/SCAN]: Found mod file "ponder-neoforge-1.0.82+mc1.21.1.jar" [parent: create-1.21.1-6.0.10.jar, locator: jarinjar, reader: mod manifest]
[13Sep2026 17:30:18.660] [main/INFO] [net.neoforged.fml.loading.moddiscovery.ModDiscoverer/SCAN]: Found mod file "fabric-item-api-v1-11.3.0+b24c12f719.jar" [parent: forgified-fabric-api-0.116.15+2.3.5+1.21.1.jar, locator: jarinjar, reader: mod manifest]
[13Sep2026 17:30:18.660] [main/INFO] [net.neoforged.fml.loading.moddiscovery.ModDiscoverer/SCAN]: Found mod file "fabric-model-loading-api-v1-2.1.0+6e8f52c719.jar" [parent: forgified-fabric-api-0.116.15+2.3.5+1.21.1.jar, locator: jarinjar, reader: mod manifest]
[13Sep2026 17:30:18.660] [main/INFO] [net.neoforged.fml.loading.moddiscovery.ModDiscoverer/SCAN]: Found library file "net.neoforged.neoforge-coremods-21.1.250.jar" [parent: neoforge-21.1.250-universal.jar, locator: jarinjar, reader: mod manifest]
[13Sep2026 17:30:18.660] [main/INFO] [net.neoforged.fml.loading.moddiscovery.ModDiscoverer/SCAN]: Found mod file "fabric-rendering-fluids-v1-3.1.6+ddc51b4719.jar" [parent: forgified-fabric-api-0.116.15+2.3.5+1.21.1.jar, locator: jarinjar, reader: mod manifest]
[13Sep2026 17:30:18.660] [main/INFO] [net.neoforged.fml.loading.moddiscovery.ModDiscoverer/SCAN]: Found mod file "dev.eriksonn.aeronautics.aeronautics-neoforge-1.21.1-1.3.2.jar" [parent: create-aeronautics-bundled-1.21.1-1.3.2.jar, locator: jarinjar, reader: mod manifest]
[13Sep2026 17:30:18.660] [main/INFO] [net.neoforged.fml.loading.moddiscovery.ModDiscoverer/SCAN]: Found mod file "fabric-screen-handler-api-v1-1.3.91+8dbc56dd19.jar" [parent: forgified-fabric-api-0.116.15+2.3.5+1.21.1.jar, locator: jarinjar, reader: mod manifest]
[13Sep2026 17:30:18.660] [main/INFO] [net.neoforged.fml.loading.moddiscovery.ModDiscoverer/SCAN]: Found mod file "fabric-resource-loader-v0-1.3.1+4ea8954419.jar" [parent: forgified-fabric-api-0.116.15+2.3.5+1.21.1.jar, locator: jarinjar, reader: mod manifest]
[13Sep2026 17:30:18.660] [main/INFO] [net.neoforged.fml.loading.moddiscovery.ModDiscoverer/SCAN]: Found mod file "c2me-neoforge-opts-natives-math-mc1.21.1-0.4.0-alpha.0.120.jar" [parent: c2me-neoforge-mc1.21.1-0.4.0-alpha.0.120.jar, locator: jarinjar, reader: mod manifest]
[13Sep2026 17:30:18.661] [main/INFO] [net.neoforged.fml.loading.moddiscovery.ModDiscoverer/SCAN]: Found mod file "fabric-rendering-v1-5.1.0+1a09bd5a19.jar" [parent: forgified-fabric-api-0.116.15+2.3.5+1.21.1.jar, locator: jarinjar, reader: mod manifest]
[13Sep2026 17:30:18.661] [main/INFO] [net.neoforged.fml.loading.moddiscovery.ModDiscoverer/SCAN]: Found mod file "fabric-renderer-indigo-1.7.1+9125b6dc19.jar" [parent: forgified-fabric-api-0.116.15+2.3.5+1.21.1.jar, locator: jarinjar, reader: mod manifest]
[13Sep2026 17:30:18.661] [main/INFO] [net.neoforged.fml.loading.moddiscovery.ModDiscoverer/SCAN]: Found mod file "c2me-neoforge-fixes-general-threading-issues-mc1.21.1-0.4.0-alpha.0.120.jar" [parent: c2me-neoforge-mc1.21.1-0.4.0-alpha.0.120.jar, locator: jarinjar, reader: mod manifest]
[13Sep2026 17:30:18.661] [main/INFO] [net.neoforged.fml.loading.moddiscovery.ModDiscoverer/SCAN]: Found mod file "fabric-convention-tags-v1-2.1.7+7f945d5b19.jar" [parent: forgified-fabric-api-0.116.15+2.3.5+1.21.1.jar, locator: jarinjar, reader: mod manifest]
[13Sep2026 17:30:18.661] [main/INFO] [net.neoforged.fml.loading.moddiscovery.ModDiscoverer/SCAN]: Found mod file "fabric-block-view-api-v2-1.0.11+e9036fd419.jar" [parent: forgified-fabric-api-0.116.15+2.3.5+1.21.1.jar, locator: jarinjar, reader: mod manifest]
[13Sep2026 17:30:18.661] [main/INFO] [net.neoforged.fml.loading.moddiscovery.ModDiscoverer/SCAN]: Found mod file "fabric-command-api-v2-2.2.28+36d727be19.jar" [parent: forgified-fabric-api-0.116.15+2.3.5+1.21.1.jar, locator: jarinjar, reader: mod manifest]
[13Sep2026 17:30:18.661] [main/INFO] [net.neoforged.fml.loading.moddiscovery.ModDiscoverer/SCAN]: Found mod file "fabric-convention-tags-v2-2.12.0+75d3639619.jar" [parent: forgified-fabric-api-0.116.15+2.3.5+1.21.1.jar, locator: jarinjar, reader: mod manifest]
[13Sep2026 17:30:18.661] [main/INFO] [net.neoforged.fml.loading.moddiscovery.ModDiscoverer/SCAN]: Found mod file "fabric-data-attachment-api-v1-1.4.7+26d408aa19.jar" [parent: forgified-fabric-api-0.116.15+2.3.5+1.21.1.jar, locator: jarinjar, reader: mod manifest]
[13Sep2026 17:30:18.661] [main/INFO] [net.neoforged.fml.loading.moddiscovery.ModDiscoverer/SCAN]: Found library file "jctools-core-4.0.5.jar" [parent: c2me-neoforge-mc1.21.1-0.4.0-alpha.0.120.jar, locator: jarinjar]
[13Sep2026 17:30:18.661] [main/INFO] [net.neoforged.fml.loading.moddiscovery.ModDiscoverer/SCAN]: Found gamelibrary file "mixinsquared-neoforge-0.3.7-beta.3.jar" [parent: aero_cam_sync-1.4.0.jar, locator: jarinjar, reader: mod manifest]
[13Sep2026 17:30:18.661] [main/INFO] [net.neoforged.fml.loading.moddiscovery.ModDiscoverer/SCAN]: Found mod file "veil-neoforge-1.21.1-4.3.2.jar" [parent: sable-neoforge-1.21.1-2.0.5.jar, locator: jarinjar, reader: mod manifest]
[13Sep2026 17:30:18.661] [main/INFO] [net.neoforged.fml.loading.moddiscovery.ModDiscoverer/SCAN]: Found mod file "dev.simulated_team.simulated.simulated-neoforge-1.21.1-1.3.2.jar" [parent: create-aeronautics-bundled-1.21.1-1.3.2.jar, locator: jarinjar, reader: mod manifest]
[13Sep2026 17:30:18.661] [main/INFO] [net.neoforged.fml.loading.moddiscovery.ModDiscoverer/SCAN]: Found mod file "c2me-neoforge-opts-math-mc1.21.1-0.4.0-alpha.0.120.jar" [parent: c2me-neoforge-mc1.21.1-0.4.0-alpha.0.120.jar, locator: jarinjar, reader: mod manifest]
[13Sep2026 17:30:18.661] [main/INFO] [net.neoforged.fml.loading.moddiscovery.ModDiscoverer/SCAN]: Found mod file "c2me-neoforge-rewrites-chunk-system-mc1.21.1-0.4.0-alpha.0.120.jar" [parent: c2me-neoforge-mc1.21.1-0.4.0-alpha.0.120.jar, locator: jarinjar, reader: mod manifest]
[13Sep2026 17:30:18.661] [main/INFO] [net.neoforged.fml.loading.moddiscovery.ModDiscoverer/SCAN]: Found library file "rxjava-3.1.12.jar" [parent: c2me-neoforge-mc1.21.1-0.4.0-alpha.0.120.jar, locator: jarinjar]
[13Sep2026 17:30:18.661] [main/INFO] [net.neoforged.fml.loading.moddiscovery.ModDiscoverer/SCAN]: Found mod file "fabric-screen-api-v1-2.0.26+9991ca2f19.jar" [parent: forgified-fabric-api-0.116.15+2.3.5+1.21.1.jar, locator: jarinjar, reader: mod manifest]
[13Sep2026 17:30:18.661] [main/INFO] [net.neoforged.fml.loading.moddiscovery.ModDiscoverer/SCAN]: Found library file "reactive-streams-1.0.4.jar" [parent: c2me-neoforge-mc1.21.1-0.4.0-alpha.0.120.jar, locator: jarinjar]
[13Sep2026 17:30:18.661] [main/INFO] [net.neoforged.fml.loading.moddiscovery.ModDiscoverer/SCAN]: Found library file "molang-compiler-3.1.1.19.jar" [parent: veil-neoforge-1.21.1-4.3.2.jar, locator: jarinjar]
[13Sep2026 17:30:18.661] [main/INFO] [net.neoforged.fml.loading.moddiscovery.ModDiscoverer/SCAN]: Found mod file "c2me-neoforge-base-mc1.21.1-0.4.0-alpha.0.120-all.jar" [parent: c2me-neoforge-mc1.21.1-0.4.0-alpha.0.120.jar, locator: jarinjar, reader: mod manifest]
[13Sep2026 17:30:18.661] [main/INFO] [net.neoforged.fml.loading.moddiscovery.ModDiscoverer/SCAN]: Found mod file "fabric-particles-v1-4.0.2+824f924c19.jar" [parent: forgified-fabric-api-0.116.15+2.3.5+1.21.1.jar, locator: jarinjar, reader: mod manifest]
[13Sep2026 17:30:18.661] [main/INFO] [net.neoforged.fml.loading.moddiscovery.ModDiscoverer/SCAN]: Found library file "animated-gif-lib-for-java-animated-gif-lib-1.7.jar" [parent: kubejs-neoforge-2101.7.2-build.377.jar, locator: jarinjar]
[13Sep2026 17:30:18.661] [main/INFO] [net.neoforged.fml.loading.moddiscovery.ModDiscoverer/SCAN]: Found mod file "c2me-neoforge-opts-worldgen-vanilla-mc1.21.1-0.4.0-alpha.0.120.jar" [parent: c2me-neoforge-mc1.21.1-0.4.0-alpha.0.120.jar, locator: jarinjar, reader: mod manifest]
[13Sep2026 17:30:18.661] [main/INFO] [net.neoforged.fml.loading.moddiscovery.ModDiscoverer/SCAN]: Found mod file "c2me-neoforge-fixes-worldgen-vanilla-bugs-mc1.21.1-0.4.0-alpha.0.120.jar" [parent: c2me-neoforge-mc1.21.1-0.4.0-alpha.0.120.jar, locator: jarinjar, reader: mod manifest]
[13Sep2026 17:30:18.661] [main/INFO] [net.neoforged.fml.loading.moddiscovery.ModDiscoverer/SCAN]: Found mod file "fabric-content-registries-v0-8.0.19+5e0d320019.jar" [parent: forgified-fabric-api-0.116.15+2.3.5+1.21.1.jar, locator: jarinjar, reader: mod manifest]
[13Sep2026 17:30:18.661] [main/INFO] [net.neoforged.fml.loading.moddiscovery.ModDiscoverer/SCAN]: Found mod file "c2me-neoforge-opts-scheduling-mc1.21.1-0.4.0-alpha.0.120.jar" [parent: c2me-neoforge-mc1.21.1-0.4.0-alpha.0.120.jar, locator: jarinjar, reader: mod manifest]
[13Sep2026 17:30:18.661] [main/INFO] [net.neoforged.fml.loading.moddiscovery.ModDiscoverer/SCAN]: Found mod file "fabric-transitive-access-wideners-v1-6.2.0+6c854b6f19.jar" [parent: forgified-fabric-api-0.116.15+2.3.5+1.21.1.jar, locator: jarinjar, reader: mod manifest]
[13Sep2026 17:30:18.661] [main/INFO] [net.neoforged.fml.loading.moddiscovery.ModDiscoverer/SCAN]: Found mod file "dev.ryanhcode.offroad.offroad-neoforge-1.21.1-1.3.2.jar" [parent: create-aeronautics-bundled-1.21.1-1.3.2.jar, locator: jarinjar, reader: mod manifest]
[13Sep2026 17:30:18.661] [main/INFO] [net.neoforged.fml.loading.moddiscovery.ModDiscoverer/SCAN]: Found library file "exp4j-0.4.8.jar" [parent: c2me-neoforge-mc1.21.1-0.4.0-alpha.0.120.jar, locator: jarinjar]
[13Sep2026 17:30:18.661] [main/INFO] [net.neoforged.fml.loading.moddiscovery.ModDiscoverer/SCAN]: Found gamelibrary file "mixinextras-neoforge-0.5.3.jar" [parent: neoforge-21.1.250-universal.jar, locator: jarinjar, reader: mod manifest]
[13Sep2026 17:30:18.661] [main/INFO] [net.neoforged.fml.loading.moddiscovery.ModDiscoverer/SCAN]: Found mod file "fabric-game-rule-api-v1-1.0.53+36d727be19.jar" [parent: forgified-fabric-api-0.116.15+2.3.5+1.21.1.jar, locator: jarinjar, reader: mod manifest]
[13Sep2026 17:30:18.661] [main/INFO] [net.neoforged.fml.loading.moddiscovery.ModDiscoverer/SCAN]: Found mod file "fabric-api-base-0.4.42+d1308ded19.jar" [parent: forgified-fabric-api-0.116.15+2.3.5+1.21.1.jar, locator: jarinjar, reader: mod manifest]
[13Sep2026 17:30:18.661] [main/INFO] [net.neoforged.fml.loading.moddiscovery.ModDiscoverer/SCAN]: Found mod file "fabric-renderer-registries-v1-3.2.69+df3654b319.jar" [parent: forgified-fabric-api-0.116.15+2.3.5+1.21.1.jar, locator: jarinjar, reader: mod manifest]
[13Sep2026 17:30:18.661] [main/INFO] [net.neoforged.fml.loading.moddiscovery.ModDiscoverer/SCAN]: Found mod file "fabric-api-lookup-api-v1-1.6.72+6244b11119.jar" [parent: forgified-fabric-api-0.116.15+2.3.5+1.21.1.jar, locator: jarinjar, reader: mod manifest]
[13Sep2026 17:30:18.661] [main/INFO] [net.neoforged.fml.loading.moddiscovery.ModDiscoverer/SCAN]: Found mod file "fabric-blockrenderlayer-v1-1.1.52+c290471319.jar" [parent: forgified-fabric-api-0.116.15+2.3.5+1.21.1.jar, locator: jarinjar, reader: mod manifest]
[13Sep2026 17:30:18.662] [main/INFO] [net.neoforged.fml.loading.moddiscovery.ModDiscoverer/SCAN]: Found mod file "c2me-neoforge-fixes-chunkio-threading-issues-mc1.21.1-0.4.0-alpha.0.120.jar" [parent: c2me-neoforge-mc1.21.1-0.4.0-alpha.0.120.jar, locator: jarinjar, reader: mod manifest]
[13Sep2026 17:30:18.662] [main/INFO] [net.neoforged.fml.loading.moddiscovery.ModDiscoverer/SCAN]: Found gamelibrary file "dev.ryanhcode.sable.sable-sable_rapier-1.21.1-2.0.5.jar" [parent: sable-neoforge-1.21.1-2.0.5.jar, locator: jarinjar, reader: mod manifest]
[13Sep2026 17:30:18.662] [main/INFO] [net.neoforged.fml.loading.moddiscovery.ModDiscoverer/SCAN]: Found mod file "c2me-neoforge-client-uncapvd-mc1.21.1-0.4.0-alpha.0.120.jar" [parent: c2me-neoforge-mc1.21.1-0.4.0-alpha.0.120.jar, locator: jarinjar, reader: mod manifest]
[13Sep2026 17:30:18.662] [main/INFO] [net.neoforged.fml.loading.moddiscovery.ModDiscoverer/SCAN]: Found mod file "c2me-neoforge-server-utils-mc1.21.1-0.4.0-alpha.0.120.jar" [parent: c2me-neoforge-mc1.21.1-0.4.0-alpha.0.120.jar, locator: jarinjar, reader: mod manifest]
[13Sep2026 17:30:18.662] [main/INFO] [net.neoforged.fml.loading.moddiscovery.ModDiscoverer/SCAN]: Found mod file "fabric-block-api-v1-1.1.0+b0c22bb819.jar" [parent: forgified-fabric-api-0.116.15+2.3.5+1.21.1.jar, locator: jarinjar, reader: mod manifest]
[13Sep2026 17:30:18.662] [main/INFO] [net.neoforged.fml.loading.moddiscovery.ModDiscoverer/SCAN]: Found mod file "fabric-resource-conditions-api-v1-4.3.0+5bdd099819.jar" [parent: forgified-fabric-api-0.116.15+2.3.5+1.21.1.jar, locator: jarinjar, reader: mod manifest]
[13Sep2026 17:30:18.662] [main/INFO] [net.neoforged.fml.loading.moddiscovery.ModDiscoverer/SCAN]: Found mod file "wdUtils-1.2-NEOFORGE-1.21.1.jar" [parent: K0NYarUG-6.0-NEOFORGE-1.21.1.jar, locator: jarinjar, reader: mod manifest]
[13Sep2026 17:30:18.662] [main/INFO] [net.neoforged.fml.loading.moddiscovery.ModDiscoverer/SCAN]: Found mod file "c2me-neoforge-opts-dfc-mc1.21.1-0.4.0-alpha.0.120.jar" [parent: c2me-neoforge-mc1.21.1-0.4.0-alpha.0.120.jar, locator: jarinjar, reader: mod manifest]
[13Sep2026 17:30:18.662] [main/INFO] [net.neoforged.fml.loading.moddiscovery.ModDiscoverer/SCAN]: Found mod file "sable-companion-common-1.21.1-1.6.0.jar" [parent: gravestone_sable_compat-1.0.0.jar, locator: jarinjar, reader: mod manifest]
[13Sep2026 17:30:18.662] [main/INFO] [net.neoforged.fml.loading.moddiscovery.ModDiscoverer/SCAN]: Found mod file "flywheel-neoforge-1.21.1-1.0.6.jar" [parent: create-1.21.1-6.0.10.jar, locator: jarinjar, reader: mod manifest]
[13Sep2026 17:30:18.662] [main/INFO] [net.neoforged.fml.loading.moddiscovery.ModDiscoverer/SCAN]: Found mod file "fabric-item-group-api-v1-4.1.7+e324903319.jar" [parent: forgified-fabric-api-0.116.15+2.3.5+1.21.1.jar, locator: jarinjar, reader: mod manifest]
[13Sep2026 17:30:18.662] [main/INFO] [net.neoforged.fml.loading.moddiscovery.ModDiscoverer/SCAN]: Found library file "velocity-native-3.3.0-SNAPSHOT.jar" [parent: KryptonFoxified-0.1.0+mc1.21.jar, locator: jarinjar]
[13Sep2026 17:30:18.662] [main/INFO] [net.neoforged.fml.loading.moddiscovery.ModDiscoverer/SCAN]: Found mod file "fabric-gametest-api-v1-2.0.5+29f188ce19.jar" [parent: forgified-fabric-api-0.116.15+2.3.5+1.21.1.jar, locator: jarinjar, reader: mod manifest]
[13Sep2026 17:30:18.662] [main/INFO] [net.neoforged.fml.loading.moddiscovery.ModDiscoverer/SCAN]: Found mod file "c2me-neoforge-notickvd-mc1.21.1-0.4.0-alpha.0.120.jar" [parent: c2me-neoforge-mc1.21.1-0.4.0-alpha.0.120.jar, locator: jarinjar, reader: mod manifest]
[13Sep2026 17:30:18.662] [main/INFO] [net.neoforged.fml.loading.moddiscovery.ModDiscoverer/SCAN]: Found mod file "fabric-biome-api-v1-13.0.31+1e62d33c19.jar" [parent: forgified-fabric-api-0.116.15+2.3.5+1.21.1.jar, locator: jarinjar, reader: mod manifest]
[13Sep2026 17:30:18.662] [main/INFO] [net.neoforged.fml.loading.moddiscovery.ModDiscoverer/SCAN]: Found mod file "c2me-neoforge-opts-worldgen-general-mc1.21.1-0.4.0-alpha.0.120.jar" [parent: c2me-neoforge-mc1.21.1-0.4.0-alpha.0.120.jar, locator: jarinjar, reader: mod manifest]
[13Sep2026 17:30:18.662] [main/INFO] [net.neoforged.fml.loading.moddiscovery.ModDiscoverer/SCAN]: Found mod file "fabric-entity-events-v1-1.8.0+e46a02ca19.jar" [parent: forgified-fabric-api-0.116.15+2.3.5+1.21.1.jar, locator: jarinjar, reader: mod manifest]
[13Sep2026 17:30:18.662] [main/INFO] [net.neoforged.fml.loading.moddiscovery.ModDiscoverer/SCAN]: Found mod file "c2me-neoforge-opts-chunkio-mc1.21.1-0.4.0-alpha.0.120.jar" [parent: c2me-neoforge-mc1.21.1-0.4.0-alpha.0.120.jar, locator: jarinjar, reader: mod manifest]
[13Sep2026 17:30:18.662] [main/INFO] [net.neoforged.fml.loading.moddiscovery.ModDiscoverer/SCAN]: Found mod file "fabric-registry-sync-v0-5.3.2+f9aace1619.jar" [parent: forgified-fabric-api-0.116.15+2.3.5+1.21.1.jar, locator: jarinjar, reader: mod manifest]
[13Sep2026 17:30:18.662] [main/INFO] [net.neoforged.fml.loading.moddiscovery.ModDiscoverer/SCAN]: Found library file "MixinSquared-0.3.7-beta.3.jar" [parent: mixinsquared-neoforge-0.3.7-beta.3.jar, locator: jarinjar]
[13Sep2026 17:30:18.662] [main/INFO] [net.neoforged.fml.loading.moddiscovery.ModDiscoverer/SCAN]: Found mod file "fabric-recipe-api-v1-5.0.16+59440bcc19.jar" [parent: forgified-fabric-api-0.116.15+2.3.5+1.21.1.jar, locator: jarinjar, reader: mod manifest]
[13Sep2026 17:30:18.662] [main/INFO] [net.neoforged.fml.loading.moddiscovery.ModDiscoverer/SCAN]: Found mod file "fabric-object-builder-api-v1-15.2.1+cc242efd19.jar" [parent: forgified-fabric-api-0.116.15+2.3.5+1.21.1.jar, locator: jarinjar, reader: mod manifest]
[13Sep2026 17:30:18.662] [main/INFO] [net.neoforged.fml.loading.moddiscovery.ModDiscoverer/SCAN]: Found mod file "fabric-loot-api-v2-3.0.15+a3ee712d19.jar" [parent: forgified-fabric-api-0.116.15+2.3.5+1.21.1.jar, locator: jarinjar, reader: mod manifest]
[13Sep2026 17:30:18.663] [main/INFO] [net.neoforged.fml.loading.moddiscovery.ModDiscoverer/SCAN]: Found mod file "fabric-loot-api-v3-1.0.3+333dfad919.jar" [parent: forgified-fabric-api-0.116.15+2.3.5+1.21.1.jar, locator: jarinjar, reader: mod manifest]
[13Sep2026 17:30:18.663] [main/INFO] [net.neoforged.fml.loading.moddiscovery.ModDiscoverer/SCAN]: Found mod file "conditional-mixin-neoforge-0.6.4.jar" [parent: CreateDragonsPlus-1.11.8b.jar, locator: jarinjar, reader: mod manifest]
[13Sep2026 17:30:18.663] [main/INFO] [net.neoforged.fml.loading.moddiscovery.ModDiscoverer/SCAN]: Found mod file "fabric-rendering-data-attachment-v1-0.3.49+73761d2e19.jar" [parent: forgified-fabric-api-0.116.15+2.3.5+1.21.1.jar, locator: jarinjar, reader: mod manifest]
[13Sep2026 17:30:18.663] [main/INFO] [net.neoforged.fml.loading.moddiscovery.ModDiscoverer/SCAN]: Found mod file "fabric-networking-api-v1-4.3.1+7e3d421f19.jar" [parent: forgified-fabric-api-0.116.15+2.3.5+1.21.1.jar, locator: jarinjar, reader: mod manifest]
[13Sep2026 17:30:18.663] [main/INFO] [net.neoforged.fml.loading.moddiscovery.ModDiscoverer/SCAN]: Found library file "caffeine-3.2.1.jar" [parent: c2me-neoforge-mc1.21.1-0.4.0-alpha.0.120.jar, locator: jarinjar]
[13Sep2026 17:30:18.663] [main/INFO] [net.neoforged.fml.loading.moddiscovery.ModDiscoverer/SCAN]: Found gamelibrary file "Registrate-MC1.21-1.3.0+67.jar" [parent: create-1.21.1-6.0.10.jar, locator: jarinjar, reader: mod manifest]
[13Sep2026 17:30:18.663] [main/INFO] [net.neoforged.fml.loading.moddiscovery.ModDiscoverer/SCAN]: Found mod file "c2me-neoforge-rewrites-chunkio-mc1.21.1-0.4.0-alpha.0.120.jar" [parent: c2me-neoforge-mc1.21.1-0.4.0-alpha.0.120.jar, locator: jarinjar, reader: mod manifest]
[13Sep2026 17:30:18.663] [main/INFO] [net.neoforged.fml.loading.moddiscovery.ModDiscoverer/SCAN]: Found mod file "fabric-sound-api-v1-1.0.23+10b84f8419.jar" [parent: forgified-fabric-api-0.116.15+2.3.5+1.21.1.jar, locator: jarinjar, reader: mod manifest]
[13Sep2026 17:30:18.663] [main/INFO] [net.neoforged.fml.loading.moddiscovery.ModDiscoverer/SCAN]: Found mod file "fabric-message-api-v1-6.0.14+6a754fce19.jar" [parent: forgified-fabric-api-0.116.15+2.3.5+1.21.1.jar, locator: jarinjar, reader: mod manifest]
[13Sep2026 17:30:18.663] [main/INFO] [net.neoforged.fml.loading.moddiscovery.ModDiscoverer/SCAN]: Found mod file "create_factory_abstractions-1.21.1-1.6.0.jar" [parent: create_mobile_packages-1.21.1-0.7.7.jar, locator: jarinjar, reader: mod manifest]
[13Sep2026 17:30:18.663] [main/INFO] [net.neoforged.fml.loading.moddiscovery.ModDiscoverer/SCAN]: Found library file "tiny-java-server-1.0.0-build.33.jar" [parent: kubejs-neoforge-2101.7.2-build.377.jar, locator: jarinjar]
[13Sep2026 17:30:18.663] [main/INFO] [net.neoforged.fml.loading.moddiscovery.ModDiscoverer/SCAN]: Found mod file "c2me-neoforge-opts-allocs-mc1.21.1-0.4.0-alpha.0.120.jar" [parent: c2me-neoforge-mc1.21.1-0.4.0-alpha.0.120.jar, locator: jarinjar, reader: mod manifest]
[13Sep2026 17:30:18.663] [main/INFO] [net.neoforged.fml.loading.moddiscovery.ModDiscoverer/SCAN]: Found mod file "fabric-lifecycle-events-v1-2.6.0+e40d8add19.jar" [parent: forgified-fabric-api-0.116.15+2.3.5+1.21.1.jar, locator: jarinjar, reader: mod manifest]
[13Sep2026 17:30:18.663] [main/INFO] [net.neoforged.fml.loading.moddiscovery.ModDiscoverer/SCAN]: Found mod file "fabric-tag-api-v1-1.3.0+3e2bcb4b19.jar" [parent: forgified-fabric-api-0.116.15+2.3.5+1.21.1.jar, locator: jarinjar, reader: mod manifest]
[13Sep2026 17:30:18.663] [main/INFO] [net.neoforged.fml.loading.moddiscovery.ModDiscoverer/SCAN]: Found mod file "fabric-data-generation-api-v1-20.3.0+3e2bcb4b19.jar" [parent: forgified-fabric-api-0.116.15+2.3.5+1.21.1.jar, locator: jarinjar, reader: mod manifest]
[13Sep2026 17:30:18.663] [main/INFO] [net.neoforged.fml.loading.moddiscovery.ModDiscoverer/SCAN]: Found mod file "fabric-events-interaction-v0-0.7.14+057f5afd19.jar" [parent: forgified-fabric-api-0.116.15+2.3.5+1.21.1.jar, locator: jarinjar, reader: mod manifest]
[13Sep2026 17:30:18.663] [main/INFO] [net.neoforged.fml.loading.moddiscovery.ModDiscoverer/SCAN]: Found library file "asyncutil-0.1.0.jar" [parent: c2me-neoforge-mc1.21.1-0.4.0-alpha.0.120.jar, locator: jarinjar]
[13Sep2026 17:30:18.663] [main/INFO] [net.neoforged.fml.loading.moddiscovery.ModDiscoverer/SCAN]: Found mod file "fabric-key-binding-api-v1-1.0.47+62cc7ce119.jar" [parent: forgified-fabric-api-0.116.15+2.3.5+1.21.1.jar, locator: jarinjar, reader: mod manifest]
[13Sep2026 17:30:18.663] [main/INFO] [net.neoforged.fml.loading.moddiscovery.ModDiscoverer/SCAN]: Found mod file "fabric-client-tags-api-v1-1.2.0+5adff2d719.jar" [parent: forgified-fabric-api-0.116.15+2.3.5+1.21.1.jar, locator: jarinjar, reader: mod manifest]
[13Sep2026 17:30:18.884] [main/INFO] [org.sinytra.connector.locator.DependencyResolver/]: Dependency resolution found 2 candidates to load
[13Sep2026 17:30:20.474] [main/INFO] [net.neoforged.fml.loading.moddiscovery.ModDiscoverer/SCAN]: Found mod file "ClientID-Fabric-1.1.3-1.21.1_mapped_moj_1.21.1.jar" [locator: org.sinytra.connector.locator.ConnectorLocator@2e029d61]
[13Sep2026 17:30:20.474] [main/INFO] [net.neoforged.fml.loading.moddiscovery.ModDiscoverer/SCAN]: Found mod file "fabric-permissions-api-0.3.1_mapped_moj_1.21.1.jar" [locator: org.sinytra.connector.locator.ConnectorLocator@2e029d61]
[13Sep2026 17:30:20.481] [main/INFO] [net.neoforged.fml.loading.moddiscovery.locators.JarInJarDependencyLocator/]: Found 2 dependencies adding them to mods collection
[13Sep2026 17:30:20.481] [main/INFO] [net.neoforged.fml.loading.moddiscovery.ModDiscoverer/SCAN]: Found mod file "org.sinytra.connector-2.0.0-beta.17+1.21.1-mod.jar" [parent: , locator: org.sinytra.connector.locator.ConnectorLocator@2e029d61, reader: mod manifest]
[13Sep2026 17:30:20.481] [main/INFO] [net.neoforged.fml.loading.moddiscovery.ModDiscoverer/SCAN]: Found gamelibrary file "runtime-1.0.0+1.21.1.jar" [parent: , locator: org.sinytra.connector.locator.ConnectorLocator@2e029d61, reader: mod manifest]
[13Sep2026 17:30:20.484] [main/INFO] [net.neoforged.fml.loading.moddiscovery.ModDiscoverer/]: 
     Mod List:
		Name Version (Mod Id)

		Aeronautics Camera Sync 1.4.0 (aero_cam_sync)
		Aeronautics Player Tilt 0.1.3 (aero_player_tilt)
		AI-Improvements 0.5.3 (aiimprovements)
		All The Leaks 1.1.12+1.21.1-neoforge (alltheleaks)
		AppleSkin 3.0.9+mc1.21 (appleskin)
		Architectury 13.0.11 (architectury)
		BaguetteLib 2.0.6 (baguettelib)
		Better Advanced Tooltips 2101.1.0-build.5 (betteradvancedtooltips)
		Chunk Loaders 1.2.9 (chunkloaders)
		Chunky 1.4.23 (chunky)
		ClientID 1.1.3 (clientid)
		Cloth Config v15 API 15.0.140 (cloth_config)
		Clumps 19.0.0.1 (clumps)
		CodecUI 1.21.1-1.3.6 (codecui)
		Compatibility addon for MineColonies 3.57 (minecolonies_compatibility)
		Concurrent Chunk Management Engine 0.4.0-alpha.0.120+1.21.1 (c2me)
		Concurrent Chunk Management Engine (Base) 0.4.0-alpha.0.120+1.21.1 (c2me_base)
		Concurrent Chunk Management Engine (Client/Uncap View Distance) 0.4.0-alpha.0.120+1.21.1 (c2me_client_uncapvd)
		Concurrent Chunk Management Engine (Fixes/Chunk IO/Threading Issues) 0.4.0-alpha.0.120+1.21.1 (c2me_fixes_chunkio_threading_issues)
		Concurrent Chunk Management Engine (Fixes/General/Threading Issues) 0.4.0-alpha.0.120+1.21.1 (c2me_fixes_general_threading_issues)
		Concurrent Chunk Management Engine (Fixes/WorldGen/Threading Issues) 0.4.0-alpha.0.120+1.21.1 (c2me_fixes_worldgen_threading_issues)
		Concurrent Chunk Management Engine (Fixes/WorldGen/Vanilla Bugs) 0.4.0-alpha.0.120+1.21.1 (c2me_fixes_worldgen_vanilla_bugs)
		Concurrent Chunk Management Engine (No Tick View Distance) 0.4.0-alpha.0.120+1.21.1 (c2me_notickvd)
		Concurrent Chunk Management Engine (Optimizations/Chunk IO) 0.4.0-alpha.0.120+1.21.1 (c2me_opts_chunkio)
		Concurrent Chunk Management Engine (Optimizations/Density Function Compiler) 0.4.0-alpha.0.120+1.21.1 (c2me_opts_dfc)
		Concurrent Chunk Management Engine (Optimizations/General WorldGen) 0.4.0-alpha.0.120+1.21.1 (c2me_opts_worldgen_general)
		Concurrent Chunk Management Engine (Optimizations/Math) 0.4.0-alpha.0.120+1.21.1 (c2me_opts_math)
		Concurrent Chunk Management Engine (Optimizations/Memory Allocations) 0.4.0-alpha.0.120+1.21.1 (c2me_opts_allocs)
		Concurrent Chunk Management Engine (Optimizations/Natives Math) 0.4.0-alpha.0.120+1.21.1 (c2me_opts_natives_math)
		Concurrent Chunk Management Engine (Optimizations/Scheduling) 0.4.0-alpha.0.120+1.21.1 (c2me_opts_scheduling)
		Concurrent Chunk Management Engine (Optimizations/Vanilla WorldGen) 0.4.0-alpha.0.120+1.21.1 (c2me_opts_worldgen_vanilla)
		Concurrent Chunk Management Engine (Rewrites/Chunk IO) 0.4.0-alpha.0.120+1.21.1 (c2me_rewrites_chunkio)
		Concurrent Chunk Management Engine (Rewrites/Chunk System) 0.4.0-alpha.0.120+1.21.1 (c2me_rewrites_chunk_system)
		Concurrent Chunk Management Engine (Server Utils) 0.4.0-alpha.0.120+1.21.1 (c2me_server_utils)
		Concurrent Chunk Management Engine (Threading/Lighting) 0.4.0-alpha.0.120+1.21.1 (c2me_threading_lighting)
		conditional mixin 0.6.4 (conditional_mixin)
		Construction Wands Revived 4.0.4 (constructionwand)
		Convenient Auger Shafts 1.1.2 (convenient_augershafts)
		Coordboard 1.0.0 (coordboard)
		Create 6.0.10 (create)
		Create Aeronautics 1.3.2 (aeronautics_bundled)
		Create Aeronautics 1.3.2 (aeronautics)
		Create Aeronautics: Discovery 2.1.3 (aeronauticsdiscovery)
		Create Aeronautics: Toolgun 0.3.6 (create_aeronautics_toolgun)
		Create cobblestone 1.5.0+neoforge-1.21.1-153 (createcobblestone)
		Create Compact Flap 1.0.4 (compactflap)
		Create Compact Gearbox 1.0.2 (compactgearbox)
		Create Diesel Generators 1.21.1-1.3.15 (createdieselgenerators)
		Create Dupe Fix 1.21.1-1.2 (create_dupe_fix)
		Create Encased 1.9.0-ht3 (createcasing)
		Create Factory Abstractions 1.6.0 (create_factory_abstractions)
		Create Liquid Fuel 3.0.0-1.21.1 (createliquidfuel)
		Create Mod Roller & Plough Fix 1.1.0 (create_mod_roller_plough_fix)
		Create More: Parallel Pipes 2.0.2 (cmparallelpipes)
		Create Offroad 1.3.2 (offroad)
		Create Quality of Life 1.6.3-fix1 (createqol)
		Create Simulated 1.3.2 (simulated)
		Create Stuff 'N Additions 2.1.4. (create_sa)
		Create Stuff and Addition Tank Fix 1.3 (createsa_tank_fix)
		Create Tracks+ 1.0.6b6 (tracks)
		Create: Addon Organizer 1.5 (createaddonorganizer)
		Create: Aeronautics/Ultimate Factory Recipe Fix 0.1 (mr_create_aeronauticsultimatefactoryrecipefix)
		Create: Break Levitite 1.0.0 (create_break_levitite)
		Create: Coal Recipe 1 (mr_create_coalrecipe)
		Create: Connected 1.3.3-mc1.21.1 (create_connected)
		Create: Copycats+ 3.0.9+mc.1.21.1-neoforge (copycats)
		Create: Crimsite Recipe 1 (mr_create_crimsiterecipe)
		Create: Diamond Production 1 (mr_create_diamondproduction)
		Create: Dragons Plus 1.11.8b (create_dragons_plus)
		Create: Fast Schematic Cannon 2.6.1-neoforge (createfastschematiccannon)
		Create: Glowstone Dust Recipe 1 (mr_create_glowstonedustrecipe)
		Create: Jetpack-Vessel-Recipefix 1 (mr_create_jetpackvesselrecipefix)
		Create: Manufacturable Lapis Lazuli 1.0 (mr_mll)
		Create: Mobile Packages 0.7.7 (create_mobile_packages)
		Create: More Wrenchables 1.0.0 (createmorewrenchables)
		Create: Netherrack Recipe 1 (mr_netherrack_recipe)
		Create: Pattern Schematics 2.0.10 (create_pattern_schematics)
		Create: Redstone Recipe 1 (mr_create_redstonerecipe)
		Create: Renewable Brass 1.0.2 (mr_create_renewablebrass)
		Create: Stones 2.0.1 (mr_create_stones)
		Create: The Air War 4.67 (create_the_air_wars)
		Create: Threaded Trains 1.0.0 (createthreadedtrains)
		Create: Ultimate Factory 2.2.4 (create_ultimate_factory)
		Create: Zinc Recipe 1.20.1-1.1-Datapack (mr_create_zincrecipe)
		CreateCardboardThings 1.21.1-1.0.2 (createcardboardthings)
		Curios API 9.5.1+1.21.1 (curios)
		Domum Ornamentum 1.0.236-snapshot (domum_ornamentum)
		Drive-By-Sable 1.5.2 (drivebysable)
		End-Sea-Everywhere 1.21 (end_sea_everywhere)
		fabric-permissions-api 0.3.1 (fabric_permissions_api_v0)
		Fancy Tab Sections 6.0-NEOFORGE-1.21.1 (fancytabsections)
		Farmer's Delight 1.3.4 (farmersdelight)
		Fast Suite 6.0.7 (fastsuite)
		Ferrite Core 7.0.3 (ferritecore)
		Flywheel 1.0.6 (flywheel)
		Forgified Fabric API 0.116.15+2.3.5+1.21.1 (fabric_api)
		Forgified Fabric API Base 0.4.42+d1308ded19 (fabric_api_base)
		Forgified Fabric API Lookup API (v1) 1.6.72+6244b11119 (fabric_api_lookup_api_v1)
		Forgified Fabric Biome API (v1) 13.0.31+1e62d33c19 (fabric_biome_api_v1)
		Forgified Fabric Block API (v1) 1.1.0+b0c22bb819 (fabric_block_api_v1)
		Forgified Fabric BlockRenderLayer Registration (v1) 1.1.52+c290471319 (fabric_blockrenderlayer_v1)
		Forgified Fabric BlockView API (v2) 1.0.11+e9036fd419 (fabric_block_view_api_v2)
		Forgified Fabric Client Tags 1.2.0+5adff2d719 (fabric_client_tags_api_v1)
		Forgified Fabric Command API (v2) 2.2.28+36d727be19 (fabric_command_api_v2)
		Forgified Fabric Content Registries (v0) 8.0.19+5e0d320019 (fabric_content_registries_v0)
		Forgified Fabric Convention Tags 2.1.7+7f945d5b19 (fabric_convention_tags_v1)
		Forgified Fabric Convention Tags (v2) 2.12.0+75d3639619 (fabric_convention_tags_v2)
		Forgified Fabric Data Attachment API (v1) 1.4.7+26d408aa19 (fabric_data_attachment_api_v1)
		Forgified Fabric Data Generation API (v1) 20.3.0+3e2bcb4b19 (fabric_data_generation_api_v1)
		Forgified Fabric Entity Events (v1) 1.8.0+e46a02ca19 (fabric_entity_events_v1)
		Forgified Fabric Events Interaction (v0) 0.7.14+057f5afd19 (fabric_events_interaction_v0)
		Forgified Fabric Game Rule API (v1) 1.0.53+36d727be19 (fabric_game_rule_api_v1)
		Forgified Fabric Game Test API (v1) 2.0.5+29f188ce19 (fabric_gametest_api_v1)
		Forgified Fabric Item API (v1) 11.3.0+b24c12f719 (fabric_item_api_v1)
		Forgified Fabric Item Group API (v1) 4.1.7+e324903319 (fabric_item_group_api_v1)
		Forgified Fabric Key Binding API (v1) 1.0.47+62cc7ce119 (fabric_key_binding_api_v1)
		Forgified Fabric Lifecycle Events (v1) 2.6.0+e40d8add19 (fabric_lifecycle_events_v1)
		Forgified Fabric Loot API (v2) 3.0.15+a3ee712d19 (fabric_loot_api_v2)
		Forgified Fabric Loot API (v3) 1.0.3+333dfad919 (fabric_loot_api_v3)
		Forgified Fabric Message API (v1) 6.0.14+6a754fce19 (fabric_message_api_v1)
		Forgified Fabric Model Loading API (v1) 2.1.0+6e8f52c719 (fabric_model_loading_api_v1)
		Forgified Fabric Networking API (v1) 4.3.1+7e3d421f19 (fabric_networking_api_v1)
		Forgified Fabric Object Builder API (v1) 15.2.1+cc242efd19 (fabric_object_builder_api_v1)
		Forgified Fabric Particles (v1) 4.0.2+824f924c19 (fabric_particles_v1)
		Forgified Fabric Recipe API (v1) 5.0.16+59440bcc19 (fabric_recipe_api_v1)
		Forgified Fabric Registry Sync (v0) 5.3.2+f9aace1619 (fabric_registry_sync_v0)
		Forgified Fabric Renderer - Indigo 1.7.1+9125b6dc19 (fabric_renderer_indigo)
		Forgified Fabric Renderer API (v1) 3.4.1+9125b6dc19 (fabric_renderer_api_v1)
		Forgified Fabric Renderer Registries (v1) 3.2.69+df3654b319 (fabric_renderer_registries_v1)
		Forgified Fabric Rendering (v1) 5.1.0+1a09bd5a19 (fabric_rendering_v1)
		Forgified Fabric Rendering Data Attachment (v1) 0.3.49+73761d2e19 (fabric_rendering_data_attachment_v1)
		Forgified Fabric Rendering Fluids (v1) 3.1.6+ddc51b4719 (fabric_rendering_fluids_v1)
		Forgified Fabric Resource Conditions API (v1) 4.3.0+5bdd099819 (fabric_resource_conditions_api_v1)
		Forgified Fabric Resource Loader (v0) 1.3.1+4ea8954419 (fabric_resource_loader_v0)
		Forgified Fabric Screen API (v1) 2.0.26+9991ca2f19 (fabric_screen_api_v1)
		Forgified Fabric Screen Handler API (v1) 1.3.91+8dbc56dd19 (fabric_screen_handler_api_v1)
		Forgified Fabric Sound API (v1) 1.0.23+10b84f8419 (fabric_sound_api_v1)
		Forgified Fabric Tag API (v1) 1.3.0+3e2bcb4b19 (fabric_tag_api_v1)
		Forgified Fabric Transfer API (v1) 5.4.4+6244b11119 (fabric_transfer_api_v1)
		Forgified Fabric Transitive Access Wideners (v1) 6.2.0+6c854b6f19 (fabric_transitive_access_wideners_v1)
		Gravestone Curios Compatibility 4.0.2 (gravestonecurioscompat)
		Gravestone Mod 1.21.1-1.0.40 (gravestone)
		Gravestone Sable Compat 1.0.0 (gravestone_sable_compat)
		GWS Aeronautics Copycats 1.0.1 (gws_aeronautics_copycats)
		Hot's Aerostuff 1.1.7 (hotstuff)
		I'm Fast 1.0.3 (imfast)
		Jade 15.10.6+neoforge (jade)
		Just Enough Items 19.54.0.429 (jei)
		KryptonFoxified 0.1.0+mc1.21 (krypton)
		KubeJS 2101.7.2-build.377 (kubejs)
		Lithium 0.15.4+mc1.21.1 (lithium)
		MineColonies 1.1.1383-1.21.1-snapshot (minecolonies)
		Minecraft 1.21.1 (minecraft)
		ModernFix 5.27.24+mc1.21.1 (modernfix)
		Monsters In The Closet 1.0.3+1.21-forge (monsters_in_the_closet)
		Moonlight Lib 1.21.1-3.6.4 (moonlight)
		More Culling 1.0.10 (moreculling)
		Multi-Piston 1.2.58-1.21.1 (multipiston)
		Nature's Compass 1.21.1-3.4.0-neoforge (naturescompass)
		NeoForge 21.1.250 (neoforge)
		Placebo 9.9.2 (placebo)
		Ponder 1.0.82+mc1.21.1 (ponder)
		Rhino 2101.2.8-build.91 (rhino)
		Rope Structure Fix 1.5.3 (ropefix)
		Sable 2.0.5 (sable)
		Sable Cleanup Tools 0.3.0 (sablecleanup)
		Sable Companion 1.6.0 (sablecompanion)
		Sable: Stuff&Additions Compatibility 1.0.3 (sable_sa_compat)
		Simple Voice Chat 1.21.1-2.6.23 (voicechat)
		Sinytra Connector 2.0.0-beta.17+1.21.1 (connector)
		Sleeping Bags 1.21.1-1.0.9 (sleeping_bags)
		Smarter Farmers 1.21-2.2.4 (smarterfarmers)
		SmoothBoot NeoForged 1.0.0 (smoothboot)
		Sophisticated Backpacks 3.26.3 (sophisticatedbackpacks)
		Sophisticated Backpacks Create Integration 0.2.0 (sophisticatedbackpackscreateintegration)
		Sophisticated Core 1.5.1 (sophisticatedcore)
		Sophisticated Storage 1.5.91 (sophisticatedstorage)
		Sophisticated Storage Create Integration 0.1.21 (sophisticatedstoragecreateintegration)
		Structures 1.2 (structures)
		Structurize 1.0.833-1.21.1-snapshot (structurize)
		SuperMartijn642's Config Library 1.1.8 (supermartijn642configlib)
		SuperMartijn642's Core Lib 1.1.24 (supermartijn642corelib)
		Towntalk 1.2.0 (towntalk)
		Tweaks addon for MineColonies 3.33 (minecolonies_tweaks)
		UI Library Mod 1.0.211-1.21.1-snapshot (blockui)
		Veil 4.3.2 (veil)
		Voiceless Survival 2.0.1 (ezvcsurvival)
		VS Sable Hose Connectors 0.1.8 (vsfluidlink)
		wd's Utils 1.2-NEOFORGE-1.21.1 (wdutils)
[13Sep2026 17:30:20.501] [main/ERROR] [net.neoforged.fml.loading.moddiscovery.ModFile/LOADING]: Access transformer file META-INF/accesstransformer.cfg provided by mod wdutils does not exist!
[13Sep2026 17:30:20.804] [main/INFO] [org.sinytra.connector.service.hacks.ModuleLayerMigrator/]: Successfully made module authlib transformable
[13Sep2026 17:30:20.804] [main/INFO] [org.sinytra.connector.service.hacks.ModuleLayerMigrator/]: Successfully made module brigadier transformable
[13Sep2026 17:30:21.899] [main/INFO] [mixin/]: Compatibility level set to JAVA_21
[13Sep2026 17:30:22.038] [main/INFO] [cpw.mods.modlauncher.LaunchServiceHandler/MODLAUNCHER]: Launching target 'forgeserver' with arguments []
[13Sep2026 17:30:22.091] [main/INFO] [C2ME Modules Manager/]: Initializing com.ishland.c2me.fixes.worldgen.threading_issues.mixin
[13Sep2026 17:30:22.100] [main/INFO] [C2ME Config Updater/]: Updating config from 0 to 1
[13Sep2026 17:30:22.101] [main/INFO] [C2ME Config Updater/]: Updating config from 1 to 2
[13Sep2026 17:30:22.101] [main/INFO] [C2ME Config Updater/]: Updating config from 2 to 3
[13Sep2026 17:30:22.105] [main/INFO] [C2ME Modules Manager/]: Initializing com.ishland.c2me.fixes.general.threading_issues.mixin
[13Sep2026 17:30:22.155] [main/INFO] [ModernFix/]: Loaded configuration file for ModernFix 5.27.24+mc1.21.1: 89 options available, 5 override(s) found
[13Sep2026 17:30:22.156] [main/WARN] [ModernFix/]: Option 'mixin.perf.release_protochunks' overriden (by mods [c2me]) to 'false'
[13Sep2026 17:30:22.156] [main/WARN] [ModernFix/]: Option 'mixin.bugfix.paper_chunk_patches' overriden (by mods [c2me]) to 'false'
[13Sep2026 17:30:22.156] [main/WARN] [ModernFix/]: Option 'mixin.perf.cache_strongholds' overriden (by mods [c2me]) to 'false'
[13Sep2026 17:30:22.156] [main/WARN] [ModernFix/]: Option 'mixin.bugfix.chunk_deadlock' overriden (by mods [c2me]) to 'false'
[13Sep2026 17:30:22.156] [main/WARN] [ModernFix/]: Option 'mixin.perf.thread_priorities' overriden (by mods [smoothboot]) to 'false'
[13Sep2026 17:30:22.156] [main/INFO] [ModernFix/]: Applying Nashorn fix
[13Sep2026 17:30:22.167] [main/WARN] [mixin/]: Reference map 'createdieselgenerators.refmap.json' for createdieselgenerators.mixins.json could not be read. If this is a development environment you can ignore this message
[13Sep2026 17:30:22.167] [main/INFO] [C2ME Modules Manager/]: Initializing com.ishland.c2me.base.mixin
[13Sep2026 17:30:22.195] [main/INFO] [C2ME Config System/]: Global Executor Parallelism: 9 configured, 9 evaluated, 9 default evaluated
[13Sep2026 17:30:22.197] [main/WARN] [mixin/]: Reference map 'supermartijn642corelib.mixins.refmap.json' for supermartijn642corelib.mixins.json could not be read. If this is a development environment you can ignore this message
[13Sep2026 17:30:22.197] [main/INFO] [C2ME Modules Manager/]: Initializing com.ishland.c2me.opts.dfc.mixin
[13Sep2026 17:30:22.198] [main/WARN] [mixin/]: Reference map 'curios.refmap.json' for curios.neoforge.mixins.json could not be read. If this is a development environment you can ignore this message
[13Sep2026 17:30:22.198] [main/WARN] [mixin/]: Reference map 'curios.refmap.json' for curios.mixins.json could not be read. If this is a development environment you can ignore this message
[13Sep2026 17:30:22.202] [main/WARN] [mixin/]: Reference map 'moreculling.refmap.json' for moreculling.mixins.json could not be read. If this is a development environment you can ignore this message
[13Sep2026 17:30:22.203] [main/INFO] [C2ME Modules Manager/]: Initializing com.ishland.c2me.threading.lighting.mixin
[13Sep2026 17:30:22.217] [main/INFO] [LithiumConfig/]: Option 'mixin.experimental.entity.block_caching.suffocation' requires 'mixin.util.block_tracking=true' but found 'false'. Setting 'mixin.experimental.entity.block_caching.suffocation=false'.
[13Sep2026 17:30:22.217] [main/INFO] [LithiumConfig/]: Option 'mixin.experimental.entity.block_caching.block_support' requires 'mixin.util.block_tracking=true' but found 'false'. Setting 'mixin.experimental.entity.block_caching.block_support=false'.
[13Sep2026 17:30:22.217] [main/INFO] [LithiumConfig/]: Option 'mixin.experimental.entity.block_caching.block_touching' requires 'mixin.util.block_tracking=true' but found 'false'. Setting 'mixin.experimental.entity.block_caching.block_touching=false'.
[13Sep2026 17:30:22.217] [main/INFO] [LithiumConfig/]: Option 'mixin.experimental.entity.block_caching' requires 'mixin.util.block_tracking=true' but found 'false'. Setting 'mixin.experimental.entity.block_caching=false'.
[13Sep2026 17:30:22.218] [main/INFO] [Lithium/]: Loaded configuration file for Lithium: 148 options available, 4 override(s) found
[13Sep2026 17:30:22.220] [main/WARN] [mixin/]: Reference map 'aeronautics.refmap.json' for aeronautics.mixins.json could not be read. If this is a development environment you can ignore this message
[13Sep2026 17:30:22.222] [main/INFO] [C2ME Modules Manager/]: Initializing com.ishland.c2me.rewrites.chunksystem.mixin
[13Sep2026 17:30:22.224] [main/INFO] [C2ME Modules Manager/]: Initializing com.ishland.c2me.opts.worldgen.vanilla.mixin
[13Sep2026 17:30:22.225] [main/INFO] [C2ME Modules Manager/]: Initializing com.ishland.c2me.opts.scheduling.mixin
[13Sep2026 17:30:22.246] [main/WARN] [mixin/]: Reference map 'ponder.refmap.json' for ponder-common.mixins.json could not be read. If this is a development environment you can ignore this message
[13Sep2026 17:30:22.247] [main/WARN] [mixin/]: Reference map 'imfast.refmap.json' for imfast.mixins.json could not be read. If this is a development environment you can ignore this message
[13Sep2026 17:30:22.247] [main/INFO] [C2ME Modules Manager/]: Initializing com.ishland.c2me.notickvd.mixin
[13Sep2026 17:30:22.257] [main/WARN] [mixin/]: Reference map 'create_mobile_packages.refmap.json' for create_mobile_packages.mixins.json could not be read. If this is a development environment you can ignore this message
[13Sep2026 17:30:22.257] [main/INFO] [C2ME Modules Manager/]: Initializing com.ishland.c2me.opts.natives_math.mixin
[13Sep2026 17:30:22.258] [main/WARN] [C2ME Modules Manager/]: Disabling com.ishland.c2me.opts.natives_math.mixin due to incompatible Java version, see debug logs for details
[13Sep2026 17:30:22.258] [main/INFO] [C2ME Modules Manager/]: Disabling com.ishland.c2me.opts.natives_math.mixin
[13Sep2026 17:30:22.259] [main/WARN] [mixin/]: Reference map 'placebo.refmap.json' for placebo.mixins.json could not be read. If this is a development environment you can ignore this message
[13Sep2026 17:30:22.261] [main/WARN] [mixin/]: Reference map '' for createsa_tank_fix.mixins.json could not be read. If this is a development environment you can ignore this message
[13Sep2026 17:30:22.263] [main/WARN] [mixin/]: Reference map 'simulated.refmap.json' for simulated.mixins.json could not be read. If this is a development environment you can ignore this message
[13Sep2026 17:30:22.263] [main/INFO] [C2ME Modules Manager/]: Initializing com.ishland.c2me.opts.math.mixin
[13Sep2026 17:30:22.266] [main/INFO] [C2ME Modules Manager/]: Initializing com.ishland.c2me.fixes.worldgen.vanilla_bugs.mixin
[13Sep2026 17:30:22.268] [main/WARN] [mixin/]: Reference map 'create_connected.refmap.json' for create_connected.mixins.json could not be read. If this is a development environment you can ignore this message
[13Sep2026 17:30:22.268] [main/INFO] [C2ME Modules Manager/]: Initializing com.ishland.c2me.fixes.chunkio.threading_issues.mixin
[13Sep2026 17:30:22.269] [main/INFO] [C2ME Modules Manager/]: Initializing com.ishland.c2me.client.uncapvd.mixin
[13Sep2026 17:30:22.270] [main/WARN] [mixin/]: Reference map 'CreateLiquidFuel.refmap.json' for createliquidfuel.mixins.json could not be read. If this is a development environment you can ignore this message
[13Sep2026 17:30:22.272] [main/INFO] [C2ME Modules Manager/]: Initializing com.ishland.c2me.rewrites.chunkio.mixin
[13Sep2026 17:30:22.273] [main/INFO] [C2ME Modules Manager/]: Initializing com.ishland.c2me.opts.allocs.mixin
[13Sep2026 17:30:22.279] [main/WARN] [mixin/]: Reference map 'createcasing.refmap.json' for createcasing.mixins.json could not be read. If this is a development environment you can ignore this message
[13Sep2026 17:30:22.279] [main/WARN] [mixin/]: Reference map 'createqol.refmap.json' for createqol.mixins.json could not be read. If this is a development environment you can ignore this message
[13Sep2026 17:30:22.281] [main/INFO] [dev.ryanhcode.sable.mixin.AbstractSableMixinPlugin/]: Using Vanilla renderer mixins
[13Sep2026 17:30:22.281] [main/INFO] [dev.ryanhcode.sable.mixin.AbstractSableMixinPlugin/]: Using Vanilla renderer mixins
[13Sep2026 17:30:22.282] [main/WARN] [mixin/]: Reference map 'drivebysable.refmap.json' for drivebysable.mixins.json could not be read. If this is a development environment you can ignore this message
[13Sep2026 17:30:22.284] [main/INFO] [AeroCamSync/]: [AeroCamSync] diagnostic mixins: OFF (-Daero_cam_sync.debug=true|false to override)
[13Sep2026 17:30:22.284] [main/WARN] [mixin/]: Reference map 'offroad.refmap.json' for offroad.mixins.json could not be read. If this is a development environment you can ignore this message
[13Sep2026 17:30:22.285] [main/WARN] [mixin/]: Reference map 'create_the_air_wars.refmap.json' for create_the_air_wars.mixins.json could not be read. If this is a development environment you can ignore this message
[13Sep2026 17:30:22.286] [main/WARN] [mixin/]: Reference map 'AeronauticsDiscovery.refmap.json' for aeronauticsdiscovery.mixins.json could not be read. If this is a development environment you can ignore this message
[13Sep2026 17:30:22.287] [main/WARN] [mixin/]: Reference map 'gravestone_sable_compat.refmap.json' for gravestone_sable_compat.mixins.json could not be read. If this is a development environment you can ignore this message
[13Sep2026 17:30:22.289] [main/WARN] [mixin/]: Reference map 'fastsuite.refmap.json' for fastsuite.mixins.json could not be read. If this is a development environment you can ignore this message
[13Sep2026 17:30:22.289] [main/WARN] [mixin/]: Reference map 'clumps.refmap.json' for clumps.mixins.json could not be read. If this is a development environment you can ignore this message
[13Sep2026 17:30:22.290] [main/WARN] [mixin/]: Reference map 'ezvcsurvival.refmap.json' for ezvcsurvival.mixins.json could not be read. If this is a development environment you can ignore this message
[13Sep2026 17:30:22.292] [main/INFO] [C2ME Modules Manager/]: Initializing com.ishland.c2me.server.utils.mixin
[13Sep2026 17:30:22.293] [main/WARN] [mixin/]: Reference map 'smoothboot.refmap.json' for smoothboot.mixins.json could not be read. If this is a development environment you can ignore this message
[13Sep2026 17:30:22.293] [main/WARN] [mixin/]: Reference map 'monsters_in_the_closet.refmap.json' for monsters_in_the_closet.mixins.json could not be read. If this is a development environment you can ignore this message
[13Sep2026 17:30:22.293] [main/WARN] [mixin/]: Reference map 'we_companion.refmap.json' for sable_sa_compat.mixins.json could not be read. If this is a development environment you can ignore this message
[13Sep2026 17:30:22.294] [main/INFO] [C2ME Modules Manager/]: Initializing com.ishland.c2me.opts.worldgen.general.mixin
[13Sep2026 17:30:22.295] [main/INFO] [C2ME Modules Manager/]: Initializing com.ishland.c2me.opts.chunkio.mixin
[13Sep2026 17:30:22.296] [main/WARN] [mixin/]: Reference map 'minecolonies_tweaks.mixin.refmap.json' for minecolonies_tweaks.mixin.client.json could not be read. If this is a development environment you can ignore this message
[13Sep2026 17:30:22.296] [main/WARN] [mixin/]: Reference map 'minecolonies_tweaks.mixin.refmap.json' for minecolonies_tweaks.mixin.common.json could not be read. If this is a development environment you can ignore this message
[13Sep2026 17:30:22.297] [main/WARN] [mixin/]: Reference map 'minecolonies_compatibility.mixin.refmap.json' for minecolonies_compatibility.mixin.client.json could not be read. If this is a development environment you can ignore this message
[13Sep2026 17:30:22.297] [main/WARN] [mixin/]: Reference map 'minecolonies_compatibility.mixin.refmap.json' for minecolonies_compatibility.mixin.common.json could not be read. If this is a development environment you can ignore this message
[13Sep2026 17:30:22.304] [main/WARN] [mixin/]: Reference map '${refmap_target}refmap.json' for ferritecore.predicates.mixin.json could not be read. If this is a development environment you can ignore this message
[13Sep2026 17:30:22.305] [main/WARN] [mixin/]: Reference map '${refmap_target}refmap.json' for ferritecore.fastmap.mixin.json could not be read. If this is a development environment you can ignore this message
[13Sep2026 17:30:22.306] [main/WARN] [mixin/]: Reference map '${refmap_target}refmap.json' for ferritecore.mrl.mixin.json could not be read. If this is a development environment you can ignore this message
[13Sep2026 17:30:22.307] [main/WARN] [mixin/]: Reference map '${refmap_target}refmap.json' for ferritecore.dedupmultipart.mixin.json could not be read. If this is a development environment you can ignore this message
[13Sep2026 17:30:22.307] [main/WARN] [mixin/]: Reference map '${refmap_target}refmap.json' for ferritecore.blockstatecache.mixin.json could not be read. If this is a development environment you can ignore this message
[13Sep2026 17:30:22.308] [main/WARN] [mixin/]: Reference map '${refmap_target}refmap.json' for ferritecore.dedupbakedquad.mixin.json could not be read. If this is a development environment you can ignore this message
[13Sep2026 17:30:22.309] [main/WARN] [mixin/]: Reference map '${refmap_target}refmap.json' for ferritecore.threaddetec.mixin.json could not be read. If this is a development environment you can ignore this message
[13Sep2026 17:30:22.309] [main/WARN] [mixin/]: Reference map '${refmap_target}refmap.json' for ferritecore.modelsides.mixin.json could not be read. If this is a development environment you can ignore this message
[13Sep2026 17:30:22.310] [main/WARN] [mixin/]: Reference map '${refmap_target}refmap.json' for ferritecore.datacomponents.mixin.json could not be read. If this is a development environment you can ignore this message
[13Sep2026 17:30:22.310] [main/WARN] [mixin/]: Reference map '${refmap_target}refmap.json' for ferritecore.accessors.mixin.json could not be read. If this is a development environment you can ignore this message
[13Sep2026 17:30:22.313] [main/WARN] [mixin/]: Reference map '' for adapter.init.mixins.json could not be read. If this is a development environment you can ignore this message
[13Sep2026 17:30:22.586] [main/WARN] [mixin/]: Error loading class: ca/spottedleaf/starlight/common/thread/SchedulingUtil (java.lang.ClassNotFoundException: ca.spottedleaf.starlight.common.thread.SchedulingUtil)
[13Sep2026 17:30:22.597] [main/INFO] [Lithium/]: Force-disabling mixin 'entity.collisions.unpushable_cramming.EntityMixin' as rule 'mixin.entity.collisions.unpushable_cramming' (added by mods [sable]) disables it and children
[13Sep2026 17:30:22.598] [main/INFO] [Lithium/]: Force-disabling mixin 'entity.collisions.unpushable_cramming.EntitySectionMixin' as rule 'mixin.entity.collisions.unpushable_cramming' (added by mods [sable]) disables it and children
[13Sep2026 17:30:22.598] [main/INFO] [Lithium/]: Force-disabling mixin 'entity.collisions.unpushable_cramming.EntitySelectorMixin' as rule 'mixin.entity.collisions.unpushable_cramming' (added by mods [sable]) disables it and children
[13Sep2026 17:30:22.598] [main/INFO] [Lithium/]: Force-disabling mixin 'entity.collisions.unpushable_cramming.LivingEntityMixin' as rule 'mixin.entity.collisions.unpushable_cramming' (added by mods [sable]) disables it and children
[13Sep2026 17:30:22.610] [main/INFO] [Lithium/]: Force-disabling mixin 'world.chunk_access.ChunkHolderMixin' as rule 'mixin.world.chunk_access' (added by mods [sable]) disables it and children
[13Sep2026 17:30:22.610] [main/INFO] [Lithium/]: Force-disabling mixin 'world.chunk_access.GenerationChunkHolderAccessor' as rule 'mixin.world.chunk_access' (added by mods [sable]) disables it and children
[13Sep2026 17:30:22.610] [main/INFO] [Lithium/]: Force-disabling mixin 'world.chunk_access.LevelMixin' as rule 'mixin.world.chunk_access' (added by mods [sable]) disables it and children
[13Sep2026 17:30:22.610] [main/INFO] [Lithium/]: Force-disabling mixin 'world.chunk_access.ServerChunkCacheMixin' as rule 'mixin.world.chunk_access' (added by mods [sable]) disables it and children
[13Sep2026 17:30:22.611] [main/INFO] [Lithium/]: Force-disabling mixin 'world.chunk_ticking.spread_ice.BiomeMixin' as rule 'mixin.world.chunk_ticking' (added by mods [sable]) disables it and children
[13Sep2026 17:30:22.612] [main/INFO] [Lithium/]: Force-disabling mixin 'world.tick_scheduler.LevelChunkTicksMixin' as rule 'mixin.world.tick_scheduler' (added by mods [sable]) disables it and children
[13Sep2026 17:30:22.705] [main/WARN] [mixin/]: Error loading class: ca/spottedleaf/starlight/common/integration/v0/ChunkSystemHooks (java.lang.ClassNotFoundException: ca.spottedleaf.starlight.common.integration.v0.ChunkSystemHooks)
[13Sep2026 17:30:22.705] [main/WARN] [mixin/]: @Mixin target ca/spottedleaf/starlight/common/integration/v0/ChunkSystemHooks was not found c2me-rewrites-chunk-system.mixins.json:scalablelux.MixinChunkSystemHooks from mod c2me_rewrites_chunk_system
[13Sep2026 17:30:22.715] [main/INFO] [AllTheLeaks/]: Class dev.uncandango.alltheleaks.leaks.common.mods.neoforge.Issue1486 will be loaded as it matches versions: 21.1.250 in [21.,)
[13Sep2026 17:30:22.715] [main/INFO] [AllTheLeaks/]: Class dev.uncandango.alltheleaks.leaks.common.mods.minecraft.UntrackedIssue003 will be loaded as it matches versions: 1.21.1 in [1.21.1,1.21.1]
[13Sep2026 17:30:22.715] [main/INFO] [AllTheLeaks/]: Mixins added to allowed list: [main.DebugSampleSubscriptionTrackerMixin]
[13Sep2026 17:30:22.715] [main/INFO] [AllTheLeaks/]: Class dev.uncandango.alltheleaks.leaks.common.mods.minecraft.UntrackedIssue002 will be loaded as it matches versions: 1.21.1 in 1.21.1
[13Sep2026 17:30:22.715] [main/INFO] [AllTheLeaks/]: Class dev.uncandango.alltheleaks.leaks.common.mods.minecraft.UntrackedIssue001 will be loaded as it matches versions: 1.21.1 in 1.21.1
[13Sep2026 17:30:22.716] [main/INFO] [AllTheLeaks/]: Mixins added to allowed list: [main.EntityTickListMixin]
[13Sep2026 17:30:22.716] [main/INFO] [AllTheLeaks/]: Class dev.uncandango.alltheleaks.leaks.common.mods.curios.Issue22 will be loaded as it matches versions: 9.5.1+1.21.1 in [9.0.6,)
[13Sep2026 17:30:22.717] [main/INFO] [AllTheLeaks/]: Mixins added to allowed list: [main.CuriosEventHandlerMixin]
[13Sep2026 17:30:22.722] [main/INFO] [AllTheLeaks/]: Class dev.uncandango.alltheleaks.feature.common.mods.minecraft.SaveWithLoadedChunks will be loaded as it matches versions: 1.21.1 in 1.21.1
[13Sep2026 17:30:22.722] [main/INFO] [AllTheLeaks/]: Class dev.uncandango.alltheleaks.feature.common.mods.minecraft.MemoryMonitor will be loaded as it matches versions: 1.21.1 in 1.21.1
[13Sep2026 17:30:22.722] [main/INFO] [AllTheLeaks/]: Mixins added to allowed list: [main.PlayerMixin, main.ChunkAccessMixin, main.LevelMixin, main.MinecraftServerMixin]
[13Sep2026 17:30:22.723] [main/INFO] [AllTheLeaks/]: Class dev.uncandango.alltheleaks.diag.common.mods.minecraft.LogSavedData will be loaded as it matches versions: 21.1.250 in [21.1,)
[13Sep2026 17:30:22.723] [main/INFO] [AllTheLeaks/]: Mixins added to allowed list: [main.SavedDataMixin]
[13Sep2026 17:30:22.737] [main/WARN] [mixin/]: Error loading class: rbasamoyai/createbigcannons/compat/sable/ShellSubLevelImpactCallback (java.lang.ClassNotFoundException: rbasamoyai.createbigcannons.compat.sable.ShellSubLevelImpactCallback)
[13Sep2026 17:30:22.737] [main/WARN] [mixin/]: @Mixin target rbasamoyai.createbigcannons.compat.sable.ShellSubLevelImpactCallback was not found create_dupe_fix.mixins.json:CBCSableCompatMixin from mod create_dupe_fix
[13Sep2026 17:30:22.822] [main/WARN] [mixin/]: Error loading class: me/jellysquid/mods/lithium/common/ai/pathing/PathNodeDefaults (java.lang.ClassNotFoundException: me.jellysquid.mods.lithium.common.ai.pathing.PathNodeDefaults)
[13Sep2026 17:30:22.841] [main/WARN] [mixin/]: Error loading class: net/minecraft/client/OptionInstance (java.lang.ClassNotFoundException: net.minecraft.client.OptionInstance)
[13Sep2026 17:30:22.841] [main/WARN] [mixin/]: @Mixin target net.minecraft.client.OptionInstance was not found c2me-client-uncapvd.mixins.json:ISimpleOption from mod c2me_client_uncapvd
[13Sep2026 17:30:22.842] [main/ERROR] [net.neoforged.fml.common.asm.RuntimeDistCleaner/DISTXFORM]: Attempted to load class net/minecraft/client/Options for invalid dist DEDICATED_SERVER
[13Sep2026 17:30:22.843] [main/WARN] [mixin/]: Error loading class: net/minecraft/client/Options (java.lang.RuntimeException: Attempted to load class net/minecraft/client/Options for invalid dist DEDICATED_SERVER)
[13Sep2026 17:30:22.843] [main/WARN] [mixin/]: @Mixin target net.minecraft.client.Options was not found c2me-client-uncapvd.mixins.json:MixinGameOptions from mod c2me_client_uncapvd
[13Sep2026 17:30:22.844] [main/WARN] [mixin/]: Error loading class: me/jellysquid/mods/sodium/client/gui/SodiumGameOptionPages (java.lang.ClassNotFoundException: me.jellysquid.mods.sodium.client.gui.SodiumGameOptionPages)
[13Sep2026 17:30:22.845] [main/WARN] [mixin/]: Error loading class: net/caffeinemc/sodium/config/user/UserConfigCategories (java.lang.ClassNotFoundException: net.caffeinemc.sodium.config.user.UserConfigCategories)
[13Sep2026 17:30:22.846] [main/WARN] [mixin/]: Error loading class: net/caffeinemc/mods/sodium/client/gui/SodiumGameOptionPages (java.lang.ClassNotFoundException: net.caffeinemc.mods.sodium.client.gui.SodiumGameOptionPages)
[13Sep2026 17:30:22.847] [main/WARN] [mixin/]: Error loading class: net/vulkanmod/config/option/Options (java.lang.ClassNotFoundException: net.vulkanmod.config.option.Options)
[13Sep2026 17:30:22.850] [main/ERROR] [net.neoforged.fml.common.asm.RuntimeDistCleaner/DISTXFORM]: Attempted to load class net/minecraft/client/renderer/LevelRenderer for invalid dist DEDICATED_SERVER
[13Sep2026 17:30:22.850] [main/WARN] [mixin/]: Error loading class: net/minecraft/client/renderer/LevelRenderer (java.lang.RuntimeException: Attempted to load class net/minecraft/client/renderer/LevelRenderer for invalid dist DEDICATED_SERVER)
[13Sep2026 17:30:22.850] [main/WARN] [mixin/]: @Mixin target net.minecraft.client.renderer.LevelRenderer was not found c2me-client-uncapvd.mixins.json:rendering.MixinFogRenderer from mod c2me_client_uncapvd
[13Sep2026 17:30:22.895] [main/WARN] [mixin/]: Error loading class: me/jellysquid/mods/lithium/common/ai/pathing/PathNodeDefaults (java.lang.ClassNotFoundException: me.jellysquid.mods.lithium.common.ai.pathing.PathNodeDefaults)
[13Sep2026 17:30:23.036] [main/WARN] [mixin/]: Error loading class: com/getitemfromblock/create_tweaked_controllers/block/TweakedLecternControllerBlock (java.lang.ClassNotFoundException: com.getitemfromblock.create_tweaked_controllers.block.TweakedLecternControllerBlock)
[13Sep2026 17:30:23.036] [main/WARN] [mixin/]: Error loading class: com/getitemfromblock/create_tweaked_controllers/block/TweakedLecternControllerBlockEntity (java.lang.ClassNotFoundException: com.getitemfromblock.create_tweaked_controllers.block.TweakedLecternControllerBlockEntity)
[13Sep2026 17:30:23.037] [main/WARN] [mixin/]: Error loading class: com/getitemfromblock/create_tweaked_controllers/item/TweakedLinkedControllerItem (java.lang.ClassNotFoundException: com.getitemfromblock.create_tweaked_controllers.item.TweakedLinkedControllerItem)
[13Sep2026 17:30:23.038] [main/WARN] [mixin/]: Error loading class: com/getitemfromblock/create_tweaked_controllers/packet/TweakedLinkedControllerAxisPacket (java.lang.ClassNotFoundException: com.getitemfromblock.create_tweaked_controllers.packet.TweakedLinkedControllerAxisPacket)
[13Sep2026 17:30:23.039] [main/WARN] [mixin/]: Error loading class: com/getitemfromblock/create_tweaked_controllers/packet/TweakedLinkedControllerButtonPacket (java.lang.ClassNotFoundException: com.getitemfromblock.create_tweaked_controllers.packet.TweakedLinkedControllerButtonPacket)
[13Sep2026 17:30:23.040] [main/WARN] [mixin/]: Error loading class: com/getitemfromblock/create_tweaked_controllers/packet/TweakedLinkedControllerStopLecternPacket (java.lang.ClassNotFoundException: com.getitemfromblock.create_tweaked_controllers.packet.TweakedLinkedControllerStopLecternPacket)
[13Sep2026 17:30:23.041] [main/WARN] [mixin/]: Error loading class: dev/rew1nd/sableschematicapi/compat/drivebywire/DriveByWireBlueprintEvent (java.lang.ClassNotFoundException: dev.rew1nd.sableschematicapi.compat.drivebywire.DriveByWireBlueprintEvent)
[13Sep2026 17:30:23.042] [main/WARN] [mixin/]: Error loading class: moth/boxxed/panels/api/panel/AbstractPanelBlock (java.lang.ClassNotFoundException: moth.boxxed.panels.api.panel.AbstractPanelBlock)
[13Sep2026 17:30:23.043] [main/WARN] [mixin/]: Error loading class: moth/boxxed/panels/api/panel/AbstractPanelBlockEntity (java.lang.ClassNotFoundException: moth.boxxed.panels.api.panel.AbstractPanelBlockEntity)
[13Sep2026 17:30:23.115] [main/ERROR] [net.neoforged.fml.common.asm.RuntimeDistCleaner/DISTXFORM]: Attempted to load class net/minecraft/client/player/AbstractClientPlayer for invalid dist DEDICATED_SERVER
[13Sep2026 17:30:23.116] [main/WARN] [mixin/]: Error loading class: net/minecraft/client/player/AbstractClientPlayer (java.lang.RuntimeException: Attempted to load class net/minecraft/client/player/AbstractClientPlayer for invalid dist DEDICATED_SERVER)
[13Sep2026 17:30:23.116] [main/WARN] [mixin/]: @Mixin target net.minecraft.client.player.AbstractClientPlayer was not found mixins.create_sa.json:AbstractClientPlayerMixin from mod create_sa
[13Sep2026 17:30:23.162] [main/ERROR] [net.neoforged.fml.common.asm.RuntimeDistCleaner/DISTXFORM]: Attempted to load class com/minecolonies/core/compatibility/jei/GenericRecipeCategory for invalid dist DEDICATED_SERVER
[13Sep2026 17:30:23.163] [main/WARN] [mixin/]: Error loading class: com/minecolonies/core/compatibility/jei/GenericRecipeCategory (java.lang.RuntimeException: Attempted to load class com/minecolonies/core/compatibility/jei/GenericRecipeCategory for invalid dist DEDICATED_SERVER)
[13Sep2026 17:30:23.163] [main/WARN] [mixin/]: @Mixin target com.minecolonies.core.compatibility.jei.GenericRecipeCategory was not found minecolonies_compatibility.mixin.common.json:minecolonies.GenericRecipeCategoryMixin from mod minecolonies_compatibility
[13Sep2026 17:30:23.165] [main/WARN] [mixin/]: Error loading class: appeng/blockentity/networking/CableBusBlockEntity (java.lang.ClassNotFoundException: appeng.blockentity.networking.CableBusBlockEntity)
[13Sep2026 17:30:23.166] [main/WARN] [mixin/]: Error loading class: com/lance5057/butchercraft/workstations/butcherblock/ButcherBlockBlockEntity (java.lang.ClassNotFoundException: com.lance5057.butchercraft.workstations.butcherblock.ButcherBlockBlockEntity)
[13Sep2026 17:30:23.166] [main/WARN] [mixin/]: Error loading class: com/lance5057/butchercraft/workstations/hook/MeatHookBlockEntity (java.lang.ClassNotFoundException: com.lance5057.butchercraft.workstations.hook.MeatHookBlockEntity)
[13Sep2026 17:30:23.167] [main/WARN] [mixin/]: Error loading class: com/cobblemon/mod/common/block/BerryBlock (java.lang.ClassNotFoundException: com.cobblemon.mod.common.block.BerryBlock)
[13Sep2026 17:30:23.168] [main/WARN] [mixin/]: Error loading class: com/mrbysco/oreberriesreplanted/block/OreBerryBushBlock (java.lang.ClassNotFoundException: com.mrbysco.oreberriesreplanted.block.OreBerryBushBlock)
[13Sep2026 17:30:23.169] [main/WARN] [mixin/]: Error loading class: com/refinedmods/refinedstorage/api/network/impl/autocrafting/AutocraftingNetworkComponentImpl (java.lang.ClassNotFoundException: com.refinedmods.refinedstorage.api.network.impl.autocrafting.AutocraftingNetworkComponentImpl)
[13Sep2026 17:30:23.170] [main/WARN] [mixin/]: Error loading class: reliquary/item/HandgunItem (java.lang.ClassNotFoundException: reliquary.item.HandgunItem)
[13Sep2026 17:30:23.170] [main/WARN] [mixin/]: Error loading class: reliquary/entity/shot/NeutralShot (java.lang.ClassNotFoundException: reliquary.entity.shot.NeutralShot)
[13Sep2026 17:30:23.341] [main/WARN] [mixin/]: Error loading class: org/jetbrains/annotations/ApiStatus$ScheduledForRemoval (java.lang.ClassNotFoundException: org.jetbrains.annotations.ApiStatus$ScheduledForRemoval)
[13Sep2026 17:30:23.451] [main/INFO] [MixinExtras|Service/]: Initializing MixinExtras via com.llamalad7.mixinextras.service.MixinExtrasServiceImpl(version=0.5.3).
[13Sep2026 17:30:23.581] [main/INFO] [Smooth Boot (NeoForged)/]: Smooth Boot (NeoForged) config initialized
[13Sep2026 17:30:23.618] [main/WARN] [mixin/]: Static binding violation: PRIVATE @Overwrite method decoratedId in modernfix-modernfix.mixins.json:perf.tag_id_caching.TagOrElementLocationMixin from mod modernfix cannot reduce visibiliy of PUBLIC target method, visibility will be upgraded.
[13Sep2026 17:30:23.815] [main/INFO] [net.minecraft.server.Bootstrap/]: ModernFix reached bootstrap stage (7.759 s after launch)
[13Sep2026 17:30:25.631] [main/WARN] [mixin/]: Method overwrite conflict for getTemperature in lithium.mixins.json:world.temperature_cache.BiomeMixin from mod lithium, previously written by org.embeddedt.modernfix.common.mixin.perf.remove_biome_temperature_cache.BiomeMixin. Skipping method.
[13Sep2026 17:30:28.035] [main/INFO] [net.minecraft.server.Bootstrap/]: Vanilla bootstrap took 4218 milliseconds
[13Sep2026 17:30:28.566] [main/INFO] [clientid/]: literal{[ClientID] A new update is available! Get it at https://modrinth.com/plugin/client-id}[style={color=#00FF00,clickEvent=ClickEvent{action=OPEN_URL, value='https://modrinth.com/plugin/client-id'}}]
[13Sep2026 17:30:28.648] [modloading-worker-0/INFO] [Veil/]: Veil is initializing.
[13Sep2026 17:30:28.658] [modloading-worker-0/INFO] [net.neoforged.neoforge.common.NeoForgeMod/NEOFORGE-MOD]: NeoForge mod loading, version 21.1.250, for MC 1.21.1
[13Sep2026 17:30:28.663] [modloading-worker-0/WARN] [mixin/]: Static binding violation: PRIVATE @Overwrite method elementOrTag in modernfix-modernfix.mixins.json:perf.tag_id_caching.TagEntryMixin from mod modernfix cannot reduce visibiliy of PUBLIC target method, visibility will be upgraded.
[13Sep2026 17:30:28.696] [modloading-worker-0/INFO] [me.steinborn.krypton.mod.shared.KryptonSharedInitializer/]: Compression will use libdeflate (Linux x86_64), encryption will use OpenSSL 3.x.x (Linux x86_64)
[13Sep2026 17:30:28.711] [modloading-worker-0/INFO] [me.steinborn.krypton.mod.server.KryptonServerInitializer/]: Krypton is now accelerating your Minecraft server's networking stack 🚀
[13Sep2026 17:30:28.729] [modloading-worker-0/INFO] [CodecUI/]: Codec construction mixins inactive (Codec, MapCodec, RecordCodecBuilder) - expected on NeoForge; using reflective schema inference (numeric ranges recovered, optional-field defaults not).
[13Sep2026 17:30:28.731] [modloading-worker-0/INFO] [com.simibubi.create.Create/]: Create 6.0.10 initializing! Commit hash: ac0c444d9828da3453ae8cc65338e8de063286fb
[13Sep2026 17:30:28.751] [modloading-worker-0/INFO] [com.leclowndu93150.corpsecurioscompat.Main/]: Hello from Gravestone Curios Compat!
[13Sep2026 17:30:29.224] [modloading-worker-0/INFO] [KubeJS/]: Loading vanilla registries...
[13Sep2026 17:30:29.290] [modloading-worker-0/WARN] [mixin/]: Discarding @Unique public method rotate in copycats-neoforge.mixins.json:foundation.copycat.CopycatBlockMixin from mod copycats because it already exists in com.copycatsplus.copycats.content.copycat.sliding_door.CopycatSlidingDoorBlock
[13Sep2026 17:30:29.290] [modloading-worker-0/WARN] [mixin/]: Discarding @Unique public method mirror in copycats-neoforge.mixins.json:foundation.copycat.CopycatBlockMixin from mod copycats because it already exists in com.copycatsplus.copycats.content.copycat.sliding_door.CopycatSlidingDoorBlock
[13Sep2026 17:30:29.290] [modloading-worker-0/WARN] [mixin/]: Discarding @Unique public method useItemOn in copycats-neoforge.mixins.json:foundation.copycat.CopycatBlockMixin from mod copycats because it already exists in com.copycatsplus.copycats.content.copycat.sliding_door.CopycatSlidingDoorBlock
[13Sep2026 17:30:29.290] [modloading-worker-0/WARN] [mixin/]: Discarding @Unique public method useWithoutItem in copycats-neoforge.mixins.json:foundation.copycat.CopycatBlockMixin from mod copycats because it already exists in com.copycatsplus.copycats.content.copycat.sliding_door.CopycatSlidingDoorBlock
[13Sep2026 17:30:29.295] [modloading-worker-0/INFO] [KubeJS/]: Looking for KubeJS plugins...
[13Sep2026 17:30:29.296] [modloading-worker-0/WARN] [mixin/]: Discarding @Unique public method rotate in copycats-neoforge.mixins.json:foundation.copycat.CopycatBlockMixin from mod copycats because it already exists in com.copycatsplus.copycats.content.copycat.door.CopycatDoorBlock
[13Sep2026 17:30:29.296] [modloading-worker-0/WARN] [mixin/]: Discarding @Unique public method mirror in copycats-neoforge.mixins.json:foundation.copycat.CopycatBlockMixin from mod copycats because it already exists in com.copycatsplus.copycats.content.copycat.door.CopycatDoorBlock
[13Sep2026 17:30:29.296] [modloading-worker-0/WARN] [mixin/]: Discarding @Unique public method useItemOn in copycats-neoforge.mixins.json:foundation.copycat.CopycatBlockMixin from mod copycats because it already exists in com.copycatsplus.copycats.content.copycat.door.CopycatDoorBlock
[13Sep2026 17:30:29.297] [modloading-worker-0/WARN] [mixin/]: Discarding @Unique public method useWithoutItem in copycats-neoforge.mixins.json:foundation.copycat.CopycatBlockMixin from mod copycats because it already exists in com.copycatsplus.copycats.content.copycat.door.CopycatDoorBlock
[13Sep2026 17:30:29.303] [modloading-worker-0/WARN] [mixin/]: Discarding @Unique public method rotate in copycats-neoforge.mixins.json:foundation.copycat.CopycatBlockMixin from mod copycats because it already exists in com.copycatsplus.copycats.content.copycat.fluid_pipe.CopycatGlassFluidPipeBlock
[13Sep2026 17:30:29.303] [modloading-worker-0/WARN] [mixin/]: Discarding @Unique public method mirror in copycats-neoforge.mixins.json:foundation.copycat.CopycatBlockMixin from mod copycats because it already exists in com.copycatsplus.copycats.content.copycat.fluid_pipe.CopycatGlassFluidPipeBlock
[13Sep2026 17:30:29.303] [modloading-worker-0/WARN] [mixin/]: Discarding @Unique public method useItemOn in copycats-neoforge.mixins.json:foundation.copycat.CopycatBlockMixin from mod copycats because it already exists in com.copycatsplus.copycats.content.copycat.fluid_pipe.CopycatGlassFluidPipeBlock
[13Sep2026 17:30:29.303] [modloading-worker-0/WARN] [mixin/]: Discarding @Unique public method useWithoutItem in copycats-neoforge.mixins.json:foundation.copycat.CopycatBlockMixin from mod copycats because it already exists in com.copycatsplus.copycats.content.copycat.fluid_pipe.CopycatGlassFluidPipeBlock
[13Sep2026 17:30:29.314] [modloading-worker-0/INFO] [KubeJS/]: Found plugin source kubejs
[13Sep2026 17:30:29.318] [modloading-worker-0/WARN] [mixin/]: Discarding @Unique public method rotate in copycats-neoforge.mixins.json:foundation.copycat.multistate.MultiStateCopycatBlockMixin from mod copycats because it already exists in com.copycatsplus.copycats.foundation.copycat.multistate.MultiStateCopycatBlock
[13Sep2026 17:30:29.318] [modloading-worker-0/WARN] [mixin/]: Discarding @Unique public method mirror in copycats-neoforge.mixins.json:foundation.copycat.multistate.MultiStateCopycatBlockMixin from mod copycats because it already exists in com.copycatsplus.copycats.foundation.copycat.multistate.MultiStateCopycatBlock
[13Sep2026 17:30:29.318] [modloading-worker-0/WARN] [mixin/]: Discarding @Unique public method useItemOn in copycats-neoforge.mixins.json:foundation.copycat.multistate.MultiStateCopycatBlockMixin from mod copycats because it already exists in com.copycatsplus.copycats.foundation.copycat.multistate.MultiStateCopycatBlock
[13Sep2026 17:30:29.318] [modloading-worker-0/WARN] [mixin/]: Discarding @Unique public method useWithoutItem in copycats-neoforge.mixins.json:foundation.copycat.multistate.MultiStateCopycatBlockMixin from mod copycats because it already exists in com.copycatsplus.copycats.foundation.copycat.multistate.MultiStateCopycatBlock
[13Sep2026 17:30:29.345] [modloading-worker-0/WARN] [KubeJS/]: Plugin dev.latvian.mods.kubejs.plugin.builtin.BuiltinKubeJSClientPlugin does not load on server side, skipping
[13Sep2026 17:30:29.346] [modloading-worker-0/INFO] [KubeJS/]: Found plugin source createdieselgenerators
[13Sep2026 17:30:29.357] [modloading-worker-0/WARN] [mixin/]: Discarding @Unique public method rotate in copycats-neoforge.mixins.json:foundation.copycat.CopycatBlockMixin from mod copycats because it already exists in com.copycatsplus.copycats.foundation.copycat.CCCopycatBlock
[13Sep2026 17:30:29.358] [modloading-worker-0/WARN] [mixin/]: Discarding @Unique public method mirror in copycats-neoforge.mixins.json:foundation.copycat.CopycatBlockMixin from mod copycats because it already exists in com.copycatsplus.copycats.foundation.copycat.CCCopycatBlock
[13Sep2026 17:30:29.358] [modloading-worker-0/WARN] [mixin/]: Discarding @Unique public method useItemOn in copycats-neoforge.mixins.json:foundation.copycat.CopycatBlockMixin from mod copycats because it already exists in com.copycatsplus.copycats.foundation.copycat.CCCopycatBlock
[13Sep2026 17:30:29.358] [modloading-worker-0/WARN] [mixin/]: Discarding @Unique public method useWithoutItem in copycats-neoforge.mixins.json:foundation.copycat.CopycatBlockMixin from mod copycats because it already exists in com.copycatsplus.copycats.foundation.copycat.CCCopycatBlock
[13Sep2026 17:30:29.392] [modloading-worker-0/INFO] [KubeJS/]: Found plugin source createcasing
[13Sep2026 17:30:29.397] [modloading-worker-0/INFO] [KubeJS/]: Done in 101.3 ms
[13Sep2026 17:30:29.414] [modloading-worker-0/WARN] [mixin/]: Discarding @Unique public method rotate in copycats-neoforge.mixins.json:foundation.copycat.CopycatBlockMixin from mod copycats because it already exists in com.copycatsplus.copycats.content.copycat.button.CopycatButtonBlock
[13Sep2026 17:30:29.414] [modloading-worker-0/WARN] [mixin/]: Discarding @Unique public method mirror in copycats-neoforge.mixins.json:foundation.copycat.CopycatBlockMixin from mod copycats because it already exists in com.copycatsplus.copycats.content.copycat.button.CopycatButtonBlock
[13Sep2026 17:30:29.415] [modloading-worker-0/WARN] [mixin/]: Discarding @Unique public method useItemOn in copycats-neoforge.mixins.json:foundation.copycat.CopycatBlockMixin from mod copycats because it already exists in com.copycatsplus.copycats.content.copycat.button.CopycatButtonBlock
[13Sep2026 17:30:29.415] [modloading-worker-0/WARN] [mixin/]: Discarding @Unique public method useWithoutItem in copycats-neoforge.mixins.json:foundation.copycat.CopycatBlockMixin from mod copycats because it already exists in com.copycatsplus.copycats.content.copycat.button.CopycatButtonBlock
[13Sep2026 17:30:29.430] [modloading-worker-0/WARN] [mixin/]: Discarding @Unique public method rotate in copycats-neoforge.mixins.json:foundation.copycat.CopycatBlockMixin from mod copycats because it already exists in com.copycatsplus.copycats.content.copycat.fence.CopycatFenceBlock
[13Sep2026 17:30:29.430] [modloading-worker-0/WARN] [mixin/]: Discarding @Unique public method mirror in copycats-neoforge.mixins.json:foundation.copycat.CopycatBlockMixin from mod copycats because it already exists in com.copycatsplus.copycats.content.copycat.fence.CopycatFenceBlock
[13Sep2026 17:30:29.430] [modloading-worker-0/WARN] [mixin/]: Discarding @Unique public method useItemOn in copycats-neoforge.mixins.json:foundation.copycat.CopycatBlockMixin from mod copycats because it already exists in com.copycatsplus.copycats.content.copycat.fence.CopycatFenceBlock
[13Sep2026 17:30:29.430] [modloading-worker-0/WARN] [mixin/]: Discarding @Unique public method useWithoutItem in copycats-neoforge.mixins.json:foundation.copycat.CopycatBlockMixin from mod copycats because it already exists in com.copycatsplus.copycats.content.copycat.fence.CopycatFenceBlock
[13Sep2026 17:30:29.436] [modloading-worker-0/WARN] [mixin/]: Discarding @Unique public method rotate in copycats-neoforge.mixins.json:foundation.copycat.CopycatBlockMixin from mod copycats because it already exists in com.copycatsplus.copycats.content.copycat.fence_gate.CopycatFenceGateBlock
[13Sep2026 17:30:29.436] [modloading-worker-0/WARN] [mixin/]: Discarding @Unique public method mirror in copycats-neoforge.mixins.json:foundation.copycat.CopycatBlockMixin from mod copycats because it already exists in com.copycatsplus.copycats.content.copycat.fence_gate.CopycatFenceGateBlock
[13Sep2026 17:30:29.436] [modloading-worker-0/WARN] [mixin/]: Discarding @Unique public method useItemOn in copycats-neoforge.mixins.json:foundation.copycat.CopycatBlockMixin from mod copycats because it already exists in com.copycatsplus.copycats.content.copycat.fence_gate.CopycatFenceGateBlock
[13Sep2026 17:30:29.436] [modloading-worker-0/WARN] [mixin/]: Discarding @Unique public method useWithoutItem in copycats-neoforge.mixins.json:foundation.copycat.CopycatBlockMixin from mod copycats because it already exists in com.copycatsplus.copycats.content.copycat.fence_gate.CopycatFenceGateBlock
[13Sep2026 17:30:29.460] [modloading-worker-0/WARN] [mixin/]: Discarding @Unique public method rotate in copycats-neoforge.mixins.json:foundation.copycat.CopycatBlockMixin from mod copycats because it already exists in com.copycatsplus.copycats.content.copycat.ladder.CopycatLadderBlock
[13Sep2026 17:30:29.460] [modloading-worker-0/WARN] [mixin/]: Discarding @Unique public method mirror in copycats-neoforge.mixins.json:foundation.copycat.CopycatBlockMixin from mod copycats because it already exists in com.copycatsplus.copycats.content.copycat.ladder.CopycatLadderBlock
[13Sep2026 17:30:29.460] [modloading-worker-0/WARN] [mixin/]: Discarding @Unique public method useItemOn in copycats-neoforge.mixins.json:foundation.copycat.CopycatBlockMixin from mod copycats because it already exists in com.copycatsplus.copycats.content.copycat.ladder.CopycatLadderBlock
[13Sep2026 17:30:29.460] [modloading-worker-0/WARN] [mixin/]: Discarding @Unique public method useWithoutItem in copycats-neoforge.mixins.json:foundation.copycat.CopycatBlockMixin from mod copycats because it already exists in com.copycatsplus.copycats.content.copycat.ladder.CopycatLadderBlock
[13Sep2026 17:30:29.468] [modloading-worker-0/WARN] [mixin/]: Discarding @Unique public method rotate in copycats-neoforge.mixins.json:foundation.copycat.CopycatBlockMixin from mod copycats because it already exists in com.copycatsplus.copycats.content.copycat.pressure_plate.CopycatPressurePlateBlock
[13Sep2026 17:30:29.468] [modloading-worker-0/WARN] [mixin/]: Discarding @Unique public method mirror in copycats-neoforge.mixins.json:foundation.copycat.CopycatBlockMixin from mod copycats because it already exists in com.copycatsplus.copycats.content.copycat.pressure_plate.CopycatPressurePlateBlock
[13Sep2026 17:30:29.468] [modloading-worker-0/WARN] [mixin/]: Discarding @Unique public method useItemOn in copycats-neoforge.mixins.json:foundation.copycat.CopycatBlockMixin from mod copycats because it already exists in com.copycatsplus.copycats.content.copycat.pressure_plate.CopycatPressurePlateBlock
[13Sep2026 17:30:29.468] [modloading-worker-0/WARN] [mixin/]: Discarding @Unique public method useWithoutItem in copycats-neoforge.mixins.json:foundation.copycat.CopycatBlockMixin from mod copycats because it already exists in com.copycatsplus.copycats.content.copycat.pressure_plate.CopycatPressurePlateBlock
[13Sep2026 17:30:29.475] [modloading-worker-0/WARN] [mixin/]: Discarding @Unique public method rotate in copycats-neoforge.mixins.json:foundation.copycat.CopycatBlockMixin from mod copycats because it already exists in com.copycatsplus.copycats.content.copycat.pressure_plate.CopycatWeightedPressurePlate
[13Sep2026 17:30:29.475] [modloading-worker-0/WARN] [mixin/]: Discarding @Unique public method mirror in copycats-neoforge.mixins.json:foundation.copycat.CopycatBlockMixin from mod copycats because it already exists in com.copycatsplus.copycats.content.copycat.pressure_plate.CopycatWeightedPressurePlate
[13Sep2026 17:30:29.475] [modloading-worker-0/WARN] [mixin/]: Discarding @Unique public method useItemOn in copycats-neoforge.mixins.json:foundation.copycat.CopycatBlockMixin from mod copycats because it already exists in com.copycatsplus.copycats.content.copycat.pressure_plate.CopycatWeightedPressurePlate
[13Sep2026 17:30:29.475] [modloading-worker-0/WARN] [mixin/]: Discarding @Unique public method useWithoutItem in copycats-neoforge.mixins.json:foundation.copycat.CopycatBlockMixin from mod copycats because it already exists in com.copycatsplus.copycats.content.copycat.pressure_plate.CopycatWeightedPressurePlate
[13Sep2026 17:30:29.488] [modloading-worker-0/WARN] [mixin/]: Discarding @Unique public method rotate in copycats-neoforge.mixins.json:foundation.copycat.CopycatBlockMixin from mod copycats because it already exists in com.copycatsplus.copycats.content.copycat.stairs.CopycatStairsBlock
[13Sep2026 17:30:29.489] [modloading-worker-0/WARN] [mixin/]: Discarding @Unique public method mirror in copycats-neoforge.mixins.json:foundation.copycat.CopycatBlockMixin from mod copycats because it already exists in com.copycatsplus.copycats.content.copycat.stairs.CopycatStairsBlock
[13Sep2026 17:30:29.489] [modloading-worker-0/WARN] [mixin/]: Discarding @Unique public method useItemOn in copycats-neoforge.mixins.json:foundation.copycat.CopycatBlockMixin from mod copycats because it already exists in com.copycatsplus.copycats.content.copycat.stairs.CopycatStairsBlock
[13Sep2026 17:30:29.489] [modloading-worker-0/WARN] [mixin/]: Discarding @Unique public method useWithoutItem in copycats-neoforge.mixins.json:foundation.copycat.CopycatBlockMixin from mod copycats because it already exists in com.copycatsplus.copycats.content.copycat.stairs.CopycatStairsBlock
[13Sep2026 17:30:29.496] [modloading-worker-0/WARN] [mixin/]: Discarding @Unique public method rotate in copycats-neoforge.mixins.json:foundation.copycat.CopycatBlockMixin from mod copycats because it already exists in com.copycatsplus.copycats.content.copycat.trapdoor.CopycatTrapdoorBlock
[13Sep2026 17:30:29.496] [modloading-worker-0/WARN] [mixin/]: Discarding @Unique public method mirror in copycats-neoforge.mixins.json:foundation.copycat.CopycatBlockMixin from mod copycats because it already exists in com.copycatsplus.copycats.content.copycat.trapdoor.CopycatTrapdoorBlock
[13Sep2026 17:30:29.496] [modloading-worker-0/WARN] [mixin/]: Discarding @Unique public method useItemOn in copycats-neoforge.mixins.json:foundation.copycat.CopycatBlockMixin from mod copycats because it already exists in com.copycatsplus.copycats.content.copycat.trapdoor.CopycatTrapdoorBlock
[13Sep2026 17:30:29.496] [modloading-worker-0/WARN] [mixin/]: Discarding @Unique public method useWithoutItem in copycats-neoforge.mixins.json:foundation.copycat.CopycatBlockMixin from mod copycats because it already exists in com.copycatsplus.copycats.content.copycat.trapdoor.CopycatTrapdoorBlock
[13Sep2026 17:30:29.516] [modloading-worker-0/WARN] [mixin/]: Discarding @Unique public method rotate in copycats-neoforge.mixins.json:foundation.copycat.CopycatBlockMixin from mod copycats because it already exists in com.copycatsplus.copycats.content.copycat.wall.CopycatWallBlock
[13Sep2026 17:30:29.516] [modloading-worker-0/WARN] [mixin/]: Discarding @Unique public method mirror in copycats-neoforge.mixins.json:foundation.copycat.CopycatBlockMixin from mod copycats because it already exists in com.copycatsplus.copycats.content.copycat.wall.CopycatWallBlock
[13Sep2026 17:30:29.516] [modloading-worker-0/WARN] [mixin/]: Discarding @Unique public method useItemOn in copycats-neoforge.mixins.json:foundation.copycat.CopycatBlockMixin from mod copycats because it already exists in com.copycatsplus.copycats.content.copycat.wall.CopycatWallBlock
[13Sep2026 17:30:29.516] [modloading-worker-0/WARN] [mixin/]: Discarding @Unique public method useWithoutItem in copycats-neoforge.mixins.json:foundation.copycat.CopycatBlockMixin from mod copycats because it already exists in com.copycatsplus.copycats.content.copycat.wall.CopycatWallBlock
[13Sep2026 17:30:29.529] [modloading-worker-0/WARN] [mixin/]: Discarding @Unique public method rotate in copycats-neoforge.mixins.json:foundation.copycat.CopycatBlockMixin from mod copycats because it already exists in com.copycatsplus.copycats.content.copycat.shaft.CopycatShaftBlock
[13Sep2026 17:30:29.529] [modloading-worker-0/WARN] [mixin/]: Discarding @Unique public method mirror in copycats-neoforge.mixins.json:foundation.copycat.CopycatBlockMixin from mod copycats because it already exists in com.copycatsplus.copycats.content.copycat.shaft.CopycatShaftBlock
[13Sep2026 17:30:29.529] [modloading-worker-0/WARN] [mixin/]: Discarding @Unique public method useItemOn in copycats-neoforge.mixins.json:foundation.copycat.CopycatBlockMixin from mod copycats because it already exists in com.copycatsplus.copycats.content.copycat.shaft.CopycatShaftBlock
[13Sep2026 17:30:29.529] [modloading-worker-0/WARN] [mixin/]: Discarding @Unique public method useWithoutItem in copycats-neoforge.mixins.json:foundation.copycat.CopycatBlockMixin from mod copycats because it already exists in com.copycatsplus.copycats.content.copycat.shaft.CopycatShaftBlock
[13Sep2026 17:30:29.532] [modloading-worker-0/INFO] [Moonlight/]: Sending changed configs to client
[13Sep2026 17:30:29.538] [modloading-worker-0/WARN] [mixin/]: Discarding @Unique public method rotate in copycats-neoforge.mixins.json:foundation.copycat.multistate.MultiStateCopycatBlockMixin from mod copycats because it already exists in com.copycatsplus.copycats.content.copycat.cogwheel.CopycatCogWheelBlock
[13Sep2026 17:30:29.538] [modloading-worker-0/WARN] [mixin/]: Discarding @Unique public method mirror in copycats-neoforge.mixins.json:foundation.copycat.multistate.MultiStateCopycatBlockMixin from mod copycats because it already exists in com.copycatsplus.copycats.content.copycat.cogwheel.CopycatCogWheelBlock
[13Sep2026 17:30:29.538] [modloading-worker-0/WARN] [mixin/]: Discarding @Unique public method useItemOn in copycats-neoforge.mixins.json:foundation.copycat.multistate.MultiStateCopycatBlockMixin from mod copycats because it already exists in com.copycatsplus.copycats.content.copycat.cogwheel.CopycatCogWheelBlock
[13Sep2026 17:30:29.538] [modloading-worker-0/WARN] [mixin/]: Discarding @Unique public method useWithoutItem in copycats-neoforge.mixins.json:foundation.copycat.multistate.MultiStateCopycatBlockMixin from mod copycats because it already exists in com.copycatsplus.copycats.content.copycat.cogwheel.CopycatCogWheelBlock
[13Sep2026 17:30:29.552] [modloading-worker-0/WARN] [mixin/]: Discarding @Unique public method rotate in copycats-neoforge.mixins.json:foundation.copycat.CopycatBlockMixin from mod copycats because it already exists in com.copycatsplus.copycats.content.copycat.fluid_pipe.CopycatFluidPipeBlock
[13Sep2026 17:30:29.553] [modloading-worker-0/WARN] [mixin/]: Discarding @Unique public method mirror in copycats-neoforge.mixins.json:foundation.copycat.CopycatBlockMixin from mod copycats because it already exists in com.copycatsplus.copycats.content.copycat.fluid_pipe.CopycatFluidPipeBlock
[13Sep2026 17:30:29.553] [modloading-worker-0/WARN] [mixin/]: Discarding @Unique public method useItemOn in copycats-neoforge.mixins.json:foundation.copycat.CopycatBlockMixin from mod copycats because it already exists in com.copycatsplus.copycats.content.copycat.fluid_pipe.CopycatFluidPipeBlock
[13Sep2026 17:30:29.553] [modloading-worker-0/WARN] [mixin/]: Discarding @Unique public method useWithoutItem in copycats-neoforge.mixins.json:foundation.copycat.CopycatBlockMixin from mod copycats because it already exists in com.copycatsplus.copycats.content.copycat.fluid_pipe.CopycatFluidPipeBlock
[13Sep2026 17:30:29.562] [modloading-worker-0/WARN] [mixin/]: Discarding @Unique public method rotate in copycats-neoforge.mixins.json:foundation.copycat.CopycatBlockMixin from mod copycats because it already exists in com.copycatsplus.copycats.content.copycat.pane.CopycatPaneBlock
[13Sep2026 17:30:29.562] [modloading-worker-0/WARN] [mixin/]: Discarding @Unique public method mirror in copycats-neoforge.mixins.json:foundation.copycat.CopycatBlockMixin from mod copycats because it already exists in com.copycatsplus.copycats.content.copycat.pane.CopycatPaneBlock
[13Sep2026 17:30:29.562] [modloading-worker-0/WARN] [mixin/]: Discarding @Unique public method useItemOn in copycats-neoforge.mixins.json:foundation.copycat.CopycatBlockMixin from mod copycats because it already exists in com.copycatsplus.copycats.content.copycat.pane.CopycatPaneBlock
[13Sep2026 17:30:29.562] [modloading-worker-0/WARN] [mixin/]: Discarding @Unique public method useWithoutItem in copycats-neoforge.mixins.json:foundation.copycat.CopycatBlockMixin from mod copycats because it already exists in com.copycatsplus.copycats.content.copycat.pane.CopycatPaneBlock
[13Sep2026 17:30:29.568] [modloading-worker-0/WARN] [mixin/]: Discarding @Unique public method onLoad in copycats-common.mixins.json:foundation.copycat.CopycatBlockEntityMixin from mod copycats because it already exists in com.simibubi.create.content.decoration.copycat.CopycatBlockEntity
[13Sep2026 17:30:29.591] [modloading-worker-0/WARN] [mixin/]: Discarding @Unique public method onLoad in copycats-neoforge.mixins.json:foundation.copycat.CopycatBlockEntityMixin from mod copycats because it already exists in com.copycatsplus.copycats.foundation.copycat.CCCopycatBlockEntity
[13Sep2026 17:30:29.600] [modloading-worker-0/WARN] [mixin/]: Discarding @Unique public method onLoad in copycats-neoforge.mixins.json:foundation.copycat.multistate.MultiStateCopycatBlockEntityMixin from mod copycats because it already exists in com.copycatsplus.copycats.foundation.copycat.multistate.MultiStateCopycatBlockEntity
[13Sep2026 17:30:29.605] [modloading-worker-0/WARN] [mixin/]: Discarding @Unique public method onLoad in copycats-neoforge.mixins.json:foundation.copycat.CopycatBlockEntityMixin from mod copycats because it already exists in com.copycatsplus.copycats.content.copycat.shaft.CopycatShaftBlockEntity
[13Sep2026 17:30:29.609] [modloading-worker-0/WARN] [mixin/]: Discarding @Unique public method onLoad in copycats-neoforge.mixins.json:foundation.copycat.multistate.MultiStateCopycatBlockEntityMixin from mod copycats because it already exists in com.copycatsplus.copycats.content.copycat.cogwheel.CopycatCogWheelBlockEntity
[13Sep2026 17:30:29.611] [modloading-worker-0/WARN] [mixin/]: Discarding @Unique public method onLoad in copycats-neoforge.mixins.json:foundation.copycat.CopycatBlockEntityMixin from mod copycats because it already exists in com.copycatsplus.copycats.content.copycat.fluid_pipe.CopycatFluidPipeBlockEntity
[13Sep2026 17:30:29.614] [modloading-worker-0/WARN] [mixin/]: Discarding @Unique public method onLoad in copycats-neoforge.mixins.json:foundation.copycat.CopycatBlockEntityMixin from mod copycats because it already exists in com.copycatsplus.copycats.content.copycat.fluid_pipe.CopycatStraightPipeBlockEntity
[13Sep2026 17:30:29.619] [modloading-worker-0/WARN] [mixin/]: Discarding @Unique public method onLoad in copycats-neoforge.mixins.json:foundation.copycat.CopycatBlockEntityMixin from mod copycats because it already exists in com.copycatsplus.copycats.content.copycat.sliding_door.CopycatSlidingDoorBlockEntity
[13Sep2026 17:30:29.741] [modloading-worker-0/WARN] [minecolonies/]: |======================================================================================================================================|
[13Sep2026 17:30:29.741] [modloading-worker-0/WARN] [minecolonies/]: |                                                                                                                                      |
[13Sep2026 17:30:29.741] [modloading-worker-0/WARN] [minecolonies/]: | Minecolonies has detected an addon mod that alters Minecolonies core code recklessly: 'Tweaks/Compatibility addon for Minecolonies'. |
[13Sep2026 17:30:29.741] [modloading-worker-0/WARN] [minecolonies/]: |          Please report any bugs or issues you find directly to the authors of this addon, as the Official Minecolonies Team          |
[13Sep2026 17:30:29.741] [modloading-worker-0/WARN] [minecolonies/]: |               will not be able to provide you any support with potential issues that will arise when using this addon.               |
[13Sep2026 17:30:29.741] [modloading-worker-0/WARN] [minecolonies/]: |                                                                                                                                      |
[13Sep2026 17:30:29.741] [modloading-worker-0/WARN] [minecolonies/]: |======================================================================================================================================|
[13Sep2026 17:30:29.944] [modloading-worker-0/WARN] [mixin/]: Discarding @Unique public method useItemOn in copycats-common.mixins.json:copycat.step.CopycatStepBlockMixin from mod copycats because it already exists in com.simibubi.create.content.decoration.copycat.CopycatStepBlock
[13Sep2026 17:30:29.950] [modloading-worker-0/WARN] [mixin/]: Discarding @Unique public method useItemOn in copycats-common.mixins.json:copycat.panel.CopycatPanelBlockMixin from mod copycats because it already exists in com.simibubi.create.content.decoration.copycat.CopycatPanelBlock
[13Sep2026 17:30:29.950] [modloading-worker-0/WARN] [mixin/]: Discarding @Unique public method mirror in copycats-common.mixins.json:copycat.panel.CopycatPanelBlockMixin from mod copycats because it already exists in com.simibubi.create.content.decoration.copycat.CopycatPanelBlock
[13Sep2026 17:30:29.950] [modloading-worker-0/WARN] [mixin/]: Discarding @Unique public method rotate in copycats-common.mixins.json:copycat.panel.CopycatPanelBlockMixin from mod copycats because it already exists in com.simibubi.create.content.decoration.copycat.CopycatPanelBlock
[13Sep2026 17:30:29.960] [modloading-worker-0/INFO] [KubeJS Startup/]: startup_scripts:main.js#2: Hello, World! (Loaded startup example script)
[13Sep2026 17:30:29.961] [modloading-worker-0/INFO] [KubeJS Startup/]: Loaded script startup_scripts:main.js in 0.038 s
[13Sep2026 17:30:29.963] [modloading-worker-0/INFO] [KubeJS Startup/]: Loaded 1/1 KubeJS startup scripts in 0.548 s with 0 errors and 0 warnings
[13Sep2026 17:30:29.968] [modloading-worker-0/INFO] [KubeJS Startup/]: Validated 0 files in kubejs/data/ in 1ms
[13Sep2026 17:30:30.606] [modloading-worker-0/INFO] [com.ropefix.RopeFixMod/]: [ropefix] active - rope strands now survive structure-block copies
[13Sep2026 17:30:30.607] [modloading-worker-0/INFO] [Create cobblestone NeoForge/]: Create cobblestone NeoForge initializing on platform: NeoForge
[13Sep2026 17:30:30.611] [modloading-worker-0/INFO] [Create cobblestone NeoForge/]: Registering blocks for Create cobblestone NeoForge
[13Sep2026 17:30:30.611] [modloading-worker-0/WARN] [Create cobblestone NeoForge/]: Set generator stress tooltip stress to 8. (config not initialized, this is a common forge problem)
[13Sep2026 17:30:30.613] [modloading-worker-0/INFO] [Create cobblestone NeoForge/]: Registering blockEntities for Create cobblestone NeoForge
[13Sep2026 17:30:30.634] [modloading-worker-0/INFO] [dev.ryanhcode.sable.Sable/]: Sable loaded!
[13Sep2026 17:30:30.643] [modloading-worker-0/INFO] [gravestone_sable_compat/]: Gravestone Sable Compat loaded — graves will now follow Sable sub-levels.
[13Sep2026 17:30:31.735] [modloading-sync-worker/INFO] [net.hexagreen.coordboard.Coordboard/]: Create Aeronautics Navigation Table Clipboard Integration Loaded.
[13Sep2026 17:30:31.782] [modloading-sync-worker/INFO] [Moonlight/]: Initialized block sets in 14ms
[13Sep2026 17:30:32.148] [modloading-sync-worker/INFO] [steve_gall.minecolonies_tweaks.core.common.MineColoniesTweaks/]: CustomToolTypeData Added: minecolonies_tweaks:gun
[13Sep2026 17:30:32.148] [modloading-sync-worker/INFO] [steve_gall.minecolonies_tweaks.core.common.MineColoniesTweaks/]: CustomToolTypeData Added: minecolonies_tweaks:knife
[13Sep2026 17:30:32.148] [modloading-sync-worker/INFO] [steve_gall.minecolonies_tweaks.core.common.MineColoniesTweaks/]: CustomToolTypeData Added: minecolonies_tweaks:butcher_tool
[13Sep2026 17:30:32.380] [modloading-sync-worker/INFO] [com.armilp.ezvcsurvival.EZVCSurvival/]: Loading EZVCSurvival configuration...
[13Sep2026 17:30:32.452] [modloading-sync-worker/INFO] [Moonlight/]: Sending changed configs to client
[13Sep2026 17:30:32.469] [modloading-worker-0/INFO] [org.code.structures.Structures/]: HELLO FROM COMMON SETUP
[13Sep2026 17:30:32.469] [modloading-worker-0/INFO] [org.code.structures.Structures/]: DIRT BLOCK >> minecraft:dirt
[13Sep2026 17:30:32.469] [modloading-worker-0/INFO] [org.code.structures.Structures/]: The magic number is... 42
[13Sep2026 17:30:32.469] [modloading-worker-0/INFO] [org.code.structures.Structures/]: ITEM >> minecraft:iron_ingot
[13Sep2026 17:30:32.470] [modloading-worker-0/INFO] [net.swzo.createsa_tank_fix.CreateSATankFix/]: Starting Create SA Tank Fix setup...
[13Sep2026 17:30:32.470] [modloading-worker-0/INFO] [com.Pink_Cats.createfastschematiccannon.Createfastschematiccannon/]: Create:FasterSchematicCannon: SpeedMultiply:20
[13Sep2026 17:30:32.470] [modloading-worker-0/INFO] [nadiendev.constructionwand.ConstructionWand/]: ConstructionWand says hello - may the odds be ever in your favor.
[13Sep2026 17:30:32.471] [NeoForge Version Check/INFO] [net.neoforged.fml.VersionChecker/]: [mr_create_glowstonedustrecipe] Starting version check at https://api.modrinth.com/updates/W8VGEPty/forge_updates.json?neoforge=only
[13Sep2026 17:30:32.473] [modloading-worker-0/INFO] [voicechat/]: [voicechat] Compatibility version 20
[13Sep2026 17:30:32.473] [modloading-worker-0/INFO] [net.swzo.createsa_tank_fix.CreateSATankFix/]: [CreateSATankFix] Loaded Create SA tank capacities from config: S=800, M=1600, L=3200
[13Sep2026 17:30:32.479] [modloading-worker-0/INFO] [nadiendev.constructionwand.ConstructionWand/]: Sophisticated BackPack integration added
[13Sep2026 17:30:32.483] [modloading-worker-0/INFO] [com.hotelbows.hotstuff.HotsAerostuff/]: Hot's Aerostuff common setup
[13Sep2026 17:30:32.502] [modloading-worker-0/INFO] [voicechat/]: [voicechat] Loading plugins
[13Sep2026 17:30:32.510] [modloading-worker-0/INFO] [voicechat/]: [voicechat] Loaded 1 plugin(s)
[13Sep2026 17:30:32.510] [modloading-worker-0/INFO] [voicechat/]: [voicechat] Initializing plugins
[13Sep2026 17:30:32.514] [modloading-worker-0/INFO] [voicechat/]: [voicechat] Initialized 1 plugin(s)
[13Sep2026 17:30:32.515] [modloading-worker-0/INFO] [voicechat/]: [voicechat] Registering events for 'ezvcsurvival'
[13Sep2026 17:30:32.570] [modloading-worker-0/INFO] [com.armilp.ezvcsurvival.EZVCSurvival/]: SoundConfig loaded
[13Sep2026 17:30:32.571] [modloading-sync-worker/WARN] [com.mk2525.vsfluidlink.VsFluidLinkMod/]: Create BlockStressValues class not found
[13Sep2026 17:30:32.607] [modloading-sync-worker/INFO] [Moonlight/]: Initialized color sets in 18ms
[13Sep2026 17:30:32.607] [modloading-sync-worker/ERROR] [Moonlight/]: Fabric API detected! This is not a Fabric mod, so please don't report related issues to MoonlightLib or its dependent(s). This can usually happen when using Connector, or when using a mod that does NOT have a native Neoforge implementation. This can easily lead to poor compatibility and other bizarre issues. Proceed at your own risk. 
 Mods that bundle Fabric API: [forgified-fabric-api-0.116.15+2.3.5+1.21.1.jar]
[13Sep2026 17:30:32.629] [modloading-sync-worker/ERROR] [net.neoforged.bus.EventBus/EVENTBUS]: Exception caught during firing event: Cannot get config value before config is loaded.
	Index: 0
	Listeners:
		0: fr.iglee42.createqualityoflife.CreateQOL$$Lambda/0x0000730155d32148@6111665
java.lang.IllegalStateException: Cannot get config value before config is loaded.
	at MC-BOOTSTRAP/com.google.common@32.1.2-jre/com.google.common.base.Preconditions.checkState(Preconditions.java:512)
	at TRANSFORMER/neoforge@21.1.250/net.neoforged.neoforge.common.ModConfigSpec$ConfigValue.getRaw(ModConfigSpec.java:1235)
	at TRANSFORMER/neoforge@21.1.250/net.neoforged.neoforge.common.ModConfigSpec$ConfigValue.get(ModConfigSpec.java:1222)
	at TRANSFORMER/ponder@1.0.82+mc1.21.1/net.createmod.catnip.config.ConfigBase$CValue.get(ConfigBase.java:128)
	at TRANSFORMER/createqol@1.6.3-fix1/fr.iglee42.createqualityoflife.utils.QOLConfigurableItem.appliesReach(QOLConfigurableItem.java:128)
	at TRANSFORMER/createqol@1.6.3-fix1/fr.iglee42.createqualityoflife.utils.QOLConfigurableItem.getAppliedAttributes(QOLConfigurableItem.java:136)
	at TRANSFORMER/createqol@1.6.3-fix1/fr.iglee42.createqualityoflife.utils.QOLConfigurableItem.modifyAttributes(QOLConfigurableItem.java:147)
	at MC-BOOTSTRAP/net.neoforged.bus/net.neoforged.bus.ConsumerEventHandler.invoke(ConsumerEventHandler.java:27)
	at MC-BOOTSTRAP/net.neoforged.bus/net.neoforged.bus.EventBus.post(EventBus.java:360)
	at MC-BOOTSTRAP/net.neoforged.bus/net.neoforged.bus.EventBus.post(EventBus.java:328)
	at TRANSFORMER/neoforge@21.1.250/net.neoforged.neoforge.common.CommonHooks.computeModifiedAttributes(CommonHooks.java:957)
	at TRANSFORMER/neoforge@21.1.250/net.neoforged.neoforge.common.extensions.IItemStackExtension.getAttributeModifiers(IItemStackExtension.java:514)
	at TRANSFORMER/minecolonies@1.1.1383-1.21.1-snapshot/com.minecolonies.api.util.ItemStackUtils.getItemStackAttributeValue(ItemStackUtils.java:1032)
	at TRANSFORMER/minecolonies@1.1.1383-1.21.1-snapshot/com.minecolonies.api.util.ItemStackUtils.getArmorValue(ItemStackUtils.java:341)
	at TRANSFORMER/minecolonies@1.1.1383-1.21.1-snapshot/com.minecolonies.api.util.ItemStackUtils.getArmorLevel(ItemStackUtils.java:314)
	at TRANSFORMER/minecolonies@1.1.1383-1.21.1-snapshot/com.minecolonies.api.equipment.ModEquipmentTypes.initRegisterEquipmentTiers(ModEquipmentTypes.java:269)
	at java.base/java.util.concurrent.CompletableFuture$AsyncRun.run(CompletableFuture.java:1804)
	at MC-BOOTSTRAP/fml_loader@4.0.44/net.neoforged.fml.DeferredWorkQueue.lambda$makeRunnable$2(DeferredWorkQueue.java:67)
	at MC-BOOTSTRAP/fml_loader@4.0.44/net.neoforged.fml.DeferredWorkQueue.makeRunnable(DeferredWorkQueue.java:62)
	at MC-BOOTSTRAP/fml_loader@4.0.44/net.neoforged.fml.DeferredWorkQueue.lambda$runTasks$0(DeferredWorkQueue.java:47)
	at java.base/java.util.concurrent.ConcurrentLinkedDeque.forEach(ConcurrentLinkedDeque.java:1650)
	at MC-BOOTSTRAP/fml_loader@4.0.44/net.neoforged.fml.DeferredWorkQueue.runTasks(DeferredWorkQueue.java:47)
	at java.base/java.util.concurrent.CompletableFuture$AsyncRun.run(CompletableFuture.java:1804)
	at java.base/java.util.concurrent.ThreadPoolExecutor.runWorker(ThreadPoolExecutor.java:1144)
	at java.base/java.util.concurrent.ThreadPoolExecutor$Worker.run(ThreadPoolExecutor.java:642)
	at java.base/java.lang.Thread.run(Thread.java:1583)

[13Sep2026 17:30:32.630] [modloading-sync-worker/WARN] [minecolonies/]: Could not get attribute value for 'attribute.name.generic.armor' on item 'item.createqol.shadow_radiance_helmet'
java.lang.IllegalStateException: Cannot get config value before config is loaded.
	at MC-BOOTSTRAP/com.google.common@32.1.2-jre/com.google.common.base.Preconditions.checkState(Preconditions.java:512) ~[guava-32.1.2-jre.jar%2387!/:?]
	at TRANSFORMER/neoforge@21.1.250/net.neoforged.neoforge.common.ModConfigSpec$ConfigValue.getRaw(ModConfigSpec.java:1235) ~[neoforge-21.1.250-universal.jar%23231!/:?]
	at TRANSFORMER/neoforge@21.1.250/net.neoforged.neoforge.common.ModConfigSpec$ConfigValue.get(ModConfigSpec.java:1222) ~[neoforge-21.1.250-universal.jar%23231!/:?]
	at TRANSFORMER/ponder@1.0.82+mc1.21.1/net.createmod.catnip.config.ConfigBase$CValue.get(ConfigBase.java:128) ~[ponder-neoforge-1.0.82+mc1.21.1.jar%23540!/:1.0.82+mc1.21.1]
	at TRANSFORMER/createqol@1.6.3-fix1/fr.iglee42.createqualityoflife.utils.QOLConfigurableItem.appliesReach(QOLConfigurableItem.java:128) ~[Create%20Quality%20of%20Life-1.21.1-1.6.3-fix1.jar%23256!/:?]
	at TRANSFORMER/createqol@1.6.3-fix1/fr.iglee42.createqualityoflife.utils.QOLConfigurableItem.getAppliedAttributes(QOLConfigurableItem.java:136) ~[Create%20Quality%20of%20Life-1.21.1-1.6.3-fix1.jar%23256!/:?]
	at TRANSFORMER/createqol@1.6.3-fix1/fr.iglee42.createqualityoflife.utils.QOLConfigurableItem.modifyAttributes(QOLConfigurableItem.java:147) ~[Create%20Quality%20of%20Life-1.21.1-1.6.3-fix1.jar%23256!/:?]
	at MC-BOOTSTRAP/net.neoforged.bus/net.neoforged.bus.ConsumerEventHandler.invoke(ConsumerEventHandler.java:27) ~[bus-8.0.5.jar%2362!/:?]
	at MC-BOOTSTRAP/net.neoforged.bus/net.neoforged.bus.EventBus.post(EventBus.java:360) ~[bus-8.0.5.jar%2362!/:?]
	at MC-BOOTSTRAP/net.neoforged.bus/net.neoforged.bus.EventBus.post(EventBus.java:328) ~[bus-8.0.5.jar%2362!/:?]
	at TRANSFORMER/neoforge@21.1.250/net.neoforged.neoforge.common.CommonHooks.computeModifiedAttributes(CommonHooks.java:957) ~[neoforge-21.1.250-universal.jar%23231!/:?]
	at TRANSFORMER/neoforge@21.1.250/net.neoforged.neoforge.common.extensions.IItemStackExtension.getAttributeModifiers(IItemStackExtension.java:514) ~[neoforge-21.1.250-universal.jar%23231!/:?]
	at TRANSFORMER/minecolonies@1.1.1383-1.21.1-snapshot/com.minecolonies.api.util.ItemStackUtils.getItemStackAttributeValue(ItemStackUtils.java:1032) ~[minecolonies-1.1.1383-1.21.1-snapshot.jar%23308!/:1.1.1383-1.21.1-snapshot]
	at TRANSFORMER/minecolonies@1.1.1383-1.21.1-snapshot/com.minecolonies.api.util.ItemStackUtils.getArmorValue(ItemStackUtils.java:341) ~[minecolonies-1.1.1383-1.21.1-snapshot.jar%23308!/:1.1.1383-1.21.1-snapshot]
	at TRANSFORMER/minecolonies@1.1.1383-1.21.1-snapshot/com.minecolonies.api.util.ItemStackUtils.getArmorLevel(ItemStackUtils.java:314) ~[minecolonies-1.1.1383-1.21.1-snapshot.jar%23308!/:1.1.1383-1.21.1-snapshot]
	at TRANSFORMER/minecolonies@1.1.1383-1.21.1-snapshot/com.minecolonies.api.equipment.ModEquipmentTypes.initRegisterEquipmentTiers(ModEquipmentTypes.java:269) ~[minecolonies-1.1.1383-1.21.1-snapshot.jar%23308!/:1.1.1383-1.21.1-snapshot]
	at java.base/java.util.concurrent.CompletableFuture$AsyncRun.run(CompletableFuture.java:1804) ~[?:?]
	at MC-BOOTSTRAP/fml_loader@4.0.44/net.neoforged.fml.DeferredWorkQueue.lambda$makeRunnable$2(DeferredWorkQueue.java:67) ~[loader-4.0.44.jar%2359!/:4.0]
	at MC-BOOTSTRAP/fml_loader@4.0.44/net.neoforged.fml.DeferredWorkQueue.makeRunnable(DeferredWorkQueue.java:62) ~[loader-4.0.44.jar%2359!/:4.0]
	at MC-BOOTSTRAP/fml_loader@4.0.44/net.neoforged.fml.DeferredWorkQueue.lambda$runTasks$0(DeferredWorkQueue.java:47) ~[loader-4.0.44.jar%2359!/:4.0]
	at java.base/java.util.concurrent.ConcurrentLinkedDeque.forEach(ConcurrentLinkedDeque.java:1650) ~[?:?]
	at MC-BOOTSTRAP/fml_loader@4.0.44/net.neoforged.fml.DeferredWorkQueue.runTasks(DeferredWorkQueue.java:47) ~[loader-4.0.44.jar%2359!/:4.0]
	at java.base/java.util.concurrent.CompletableFuture$AsyncRun.run(CompletableFuture.java:1804) ~[?:?]
	at java.base/java.util.concurrent.ThreadPoolExecutor.runWorker(ThreadPoolExecutor.java:1144) ~[?:?]
	at java.base/java.util.concurrent.ThreadPoolExecutor$Worker.run(ThreadPoolExecutor.java:642) ~[?:?]
	at java.base/java.lang.Thread.run(Thread.java:1583) [?:?]
[13Sep2026 17:30:32.631] [modloading-sync-worker/ERROR] [net.neoforged.bus.EventBus/EVENTBUS]: Exception caught during firing event: Cannot get config value before config is loaded.
	Index: 0
	Listeners:
		0: fr.iglee42.createqualityoflife.CreateQOL$$Lambda/0x0000730155d32148@6111665
java.lang.IllegalStateException: Cannot get config value before config is loaded.
	at MC-BOOTSTRAP/com.google.common@32.1.2-jre/com.google.common.base.Preconditions.checkState(Preconditions.java:512)
	at TRANSFORMER/neoforge@21.1.250/net.neoforged.neoforge.common.ModConfigSpec$ConfigValue.getRaw(ModConfigSpec.java:1235)
	at TRANSFORMER/neoforge@21.1.250/net.neoforged.neoforge.common.ModConfigSpec$ConfigValue.get(ModConfigSpec.java:1222)
	at TRANSFORMER/ponder@1.0.82+mc1.21.1/net.createmod.catnip.config.ConfigBase$CValue.get(ConfigBase.java:128)
	at TRANSFORMER/createqol@1.6.3-fix1/fr.iglee42.createqualityoflife.utils.QOLConfigurableItem.appliesReach(QOLConfigurableItem.java:128)
	at TRANSFORMER/createqol@1.6.3-fix1/fr.iglee42.createqualityoflife.utils.QOLConfigurableItem.getAppliedAttributes(QOLConfigurableItem.java:136)
	at TRANSFORMER/createqol@1.6.3-fix1/fr.iglee42.createqualityoflife.utils.QOLConfigurableItem.modifyAttributes(QOLConfigurableItem.java:147)
	at MC-BOOTSTRAP/net.neoforged.bus/net.neoforged.bus.ConsumerEventHandler.invoke(ConsumerEventHandler.java:27)
	at MC-BOOTSTRAP/net.neoforged.bus/net.neoforged.bus.EventBus.post(EventBus.java:360)
	at MC-BOOTSTRAP/net.neoforged.bus/net.neoforged.bus.EventBus.post(EventBus.java:328)
	at TRANSFORMER/neoforge@21.1.250/net.neoforged.neoforge.common.CommonHooks.computeModifiedAttributes(CommonHooks.java:957)
	at TRANSFORMER/neoforge@21.1.250/net.neoforged.neoforge.common.extensions.IItemStackExtension.getAttributeModifiers(IItemStackExtension.java:514)
	at TRANSFORMER/minecolonies@1.1.1383-1.21.1-snapshot/com.minecolonies.api.util.ItemStackUtils.getItemStackAttributeValue(ItemStackUtils.java:1032)
	at TRANSFORMER/minecolonies@1.1.1383-1.21.1-snapshot/com.minecolonies.api.util.ItemStackUtils.getArmorValue(ItemStackUtils.java:342)
	at TRANSFORMER/minecolonies@1.1.1383-1.21.1-snapshot/com.minecolonies.api.util.ItemStackUtils.getArmorLevel(ItemStackUtils.java:314)
	at TRANSFORMER/minecolonies@1.1.1383-1.21.1-snapshot/com.minecolonies.api.equipment.ModEquipmentTypes.initRegisterEquipmentTiers(ModEquipmentTypes.java:269)
	at java.base/java.util.concurrent.CompletableFuture$AsyncRun.run(CompletableFuture.java:1804)
	at MC-BOOTSTRAP/fml_loader@4.0.44/net.neoforged.fml.DeferredWorkQueue.lambda$makeRunnable$2(DeferredWorkQueue.java:67)
	at MC-BOOTSTRAP/fml_loader@4.0.44/net.neoforged.fml.DeferredWorkQueue.makeRunnable(DeferredWorkQueue.java:62)
	at MC-BOOTSTRAP/fml_loader@4.0.44/net.neoforged.fml.DeferredWorkQueue.lambda$runTasks$0(DeferredWorkQueue.java:47)
	at java.base/java.util.concurrent.ConcurrentLinkedDeque.forEach(ConcurrentLinkedDeque.java:1650)
	at MC-BOOTSTRAP/fml_loader@4.0.44/net.neoforged.fml.DeferredWorkQueue.runTasks(DeferredWorkQueue.java:47)
	at java.base/java.util.concurrent.CompletableFuture$AsyncRun.run(CompletableFuture.java:1804)
	at java.base/java.util.concurrent.ThreadPoolExecutor.runWorker(ThreadPoolExecutor.java:1144)
	at java.base/java.util.concurrent.ThreadPoolExecutor$Worker.run(ThreadPoolExecutor.java:642)
	at java.base/java.lang.Thread.run(Thread.java:1583)

[13Sep2026 17:30:32.632] [modloading-sync-worker/WARN] [minecolonies/]: Could not get attribute value for 'attribute.name.generic.armor_toughness' on item 'item.createqol.shadow_radiance_helmet'
java.lang.IllegalStateException: Cannot get config value before config is loaded.
	at MC-BOOTSTRAP/com.google.common@32.1.2-jre/com.google.common.base.Preconditions.checkState(Preconditions.java:512) ~[guava-32.1.2-jre.jar%2387!/:?]
	at TRANSFORMER/neoforge@21.1.250/net.neoforged.neoforge.common.ModConfigSpec$ConfigValue.getRaw(ModConfigSpec.java:1235) ~[neoforge-21.1.250-universal.jar%23231!/:?]
	at TRANSFORMER/neoforge@21.1.250/net.neoforged.neoforge.common.ModConfigSpec$ConfigValue.get(ModConfigSpec.java:1222) ~[neoforge-21.1.250-universal.jar%23231!/:?]
	at TRANSFORMER/ponder@1.0.82+mc1.21.1/net.createmod.catnip.config.ConfigBase$CValue.get(ConfigBase.java:128) ~[ponder-neoforge-1.0.82+mc1.21.1.jar%23540!/:1.0.82+mc1.21.1]
	at TRANSFORMER/createqol@1.6.3-fix1/fr.iglee42.createqualityoflife.utils.QOLConfigurableItem.appliesReach(QOLConfigurableItem.java:128) ~[Create%20Quality%20of%20Life-1.21.1-1.6.3-fix1.jar%23256!/:?]
	at TRANSFORMER/createqol@1.6.3-fix1/fr.iglee42.createqualityoflife.utils.QOLConfigurableItem.getAppliedAttributes(QOLConfigurableItem.java:136) ~[Create%20Quality%20of%20Life-1.21.1-1.6.3-fix1.jar%23256!/:?]
	at TRANSFORMER/createqol@1.6.3-fix1/fr.iglee42.createqualityoflife.utils.QOLConfigurableItem.modifyAttributes(QOLConfigurableItem.java:147) ~[Create%20Quality%20of%20Life-1.21.1-1.6.3-fix1.jar%23256!/:?]
	at MC-BOOTSTRAP/net.neoforged.bus/net.neoforged.bus.ConsumerEventHandler.invoke(ConsumerEventHandler.java:27) ~[bus-8.0.5.jar%2362!/:?]
	at MC-BOOTSTRAP/net.neoforged.bus/net.neoforged.bus.EventBus.post(EventBus.java:360) ~[bus-8.0.5.jar%2362!/:?]
	at MC-BOOTSTRAP/net.neoforged.bus/net.neoforged.bus.EventBus.post(EventBus.java:328) ~[bus-8.0.5.jar%2362!/:?]
	at TRANSFORMER/neoforge@21.1.250/net.neoforged.neoforge.common.CommonHooks.computeModifiedAttributes(CommonHooks.java:957) ~[neoforge-21.1.250-universal.jar%23231!/:?]
	at TRANSFORMER/neoforge@21.1.250/net.neoforged.neoforge.common.extensions.IItemStackExtension.getAttributeModifiers(IItemStackExtension.java:514) ~[neoforge-21.1.250-universal.jar%23231!/:?]
	at TRANSFORMER/minecolonies@1.1.1383-1.21.1-snapshot/com.minecolonies.api.util.ItemStackUtils.getItemStackAttributeValue(ItemStackUtils.java:1032) ~[minecolonies-1.1.1383-1.21.1-snapshot.jar%23308!/:1.1.1383-1.21.1-snapshot]
	at TRANSFORMER/minecolonies@1.1.1383-1.21.1-snapshot/com.minecolonies.api.util.ItemStackUtils.getArmorValue(ItemStackUtils.java:342) ~[minecolonies-1.1.1383-1.21.1-snapshot.jar%23308!/:1.1.1383-1.21.1-snapshot]
	at TRANSFORMER/minecolonies@1.1.1383-1.21.1-snapshot/com.minecolonies.api.util.ItemStackUtils.getArmorLevel(ItemStackUtils.java:314) ~[minecolonies-1.1.1383-1.21.1-snapshot.jar%23308!/:1.1.1383-1.21.1-snapshot]
	at TRANSFORMER/minecolonies@1.1.1383-1.21.1-snapshot/com.minecolonies.api.equipment.ModEquipmentTypes.initRegisterEquipmentTiers(ModEquipmentTypes.java:269) ~[minecolonies-1.1.1383-1.21.1-snapshot.jar%23308!/:1.1.1383-1.21.1-snapshot]
	at java.base/java.util.concurrent.CompletableFuture$AsyncRun.run(CompletableFuture.java:1804) ~[?:?]
	at MC-BOOTSTRAP/fml_loader@4.0.44/net.neoforged.fml.DeferredWorkQueue.lambda$makeRunnable$2(DeferredWorkQueue.java:67) ~[loader-4.0.44.jar%2359!/:4.0]
	at MC-BOOTSTRAP/fml_loader@4.0.44/net.neoforged.fml.DeferredWorkQueue.makeRunnable(DeferredWorkQueue.java:62) ~[loader-4.0.44.jar%2359!/:4.0]
	at MC-BOOTSTRAP/fml_loader@4.0.44/net.neoforged.fml.DeferredWorkQueue.lambda$runTasks$0(DeferredWorkQueue.java:47) ~[loader-4.0.44.jar%2359!/:4.0]
	at java.base/java.util.concurrent.ConcurrentLinkedDeque.forEach(ConcurrentLinkedDeque.java:1650) ~[?:?]
	at MC-BOOTSTRAP/fml_loader@4.0.44/net.neoforged.fml.DeferredWorkQueue.runTasks(DeferredWorkQueue.java:47) ~[loader-4.0.44.jar%2359!/:4.0]
	at java.base/java.util.concurrent.CompletableFuture$AsyncRun.run(CompletableFuture.java:1804) ~[?:?]
	at java.base/java.util.concurrent.ThreadPoolExecutor.runWorker(ThreadPoolExecutor.java:1144) ~[?:?]
	at java.base/java.util.concurrent.ThreadPoolExecutor$Worker.run(ThreadPoolExecutor.java:642) ~[?:?]
	at java.base/java.lang.Thread.run(Thread.java:1583) [?:?]
[13Sep2026 17:30:32.633] [modloading-sync-worker/ERROR] [net.neoforged.bus.EventBus/EVENTBUS]: Exception caught during firing event: Cannot get config value before config is loaded.
	Index: 0
	Listeners:
		0: fr.iglee42.createqualityoflife.CreateQOL$$Lambda/0x0000730155d32148@6111665
java.lang.IllegalStateException: Cannot get config value before config is loaded.
	at MC-BOOTSTRAP/com.google.common@32.1.2-jre/com.google.common.base.Preconditions.checkState(Preconditions.java:512)
	at TRANSFORMER/neoforge@21.1.250/net.neoforged.neoforge.common.ModConfigSpec$ConfigValue.getRaw(ModConfigSpec.java:1235)
	at TRANSFORMER/neoforge@21.1.250/net.neoforged.neoforge.common.ModConfigSpec$ConfigValue.get(ModConfigSpec.java:1222)
	at TRANSFORMER/ponder@1.0.82+mc1.21.1/net.createmod.catnip.config.ConfigBase$CValue.get(ConfigBase.java:128)
	at TRANSFORMER/createqol@1.6.3-fix1/fr.iglee42.createqualityoflife.utils.QOLConfigurableItem.appliesReach(QOLConfigurableItem.java:128)
	at TRANSFORMER/createqol@1.6.3-fix1/fr.iglee42.createqualityoflife.utils.QOLConfigurableItem.getAppliedAttributes(QOLConfigurableItem.java:136)
	at TRANSFORMER/createqol@1.6.3-fix1/fr.iglee42.createqualityoflife.utils.QOLConfigurableItem.modifyAttributes(QOLConfigurableItem.java:147)
	at MC-BOOTSTRAP/net.neoforged.bus/net.neoforged.bus.ConsumerEventHandler.invoke(ConsumerEventHandler.java:27)
	at MC-BOOTSTRAP/net.neoforged.bus/net.neoforged.bus.EventBus.post(EventBus.java:360)
	at MC-BOOTSTRAP/net.neoforged.bus/net.neoforged.bus.EventBus.post(EventBus.java:328)
	at TRANSFORMER/neoforge@21.1.250/net.neoforged.neoforge.common.CommonHooks.computeModifiedAttributes(CommonHooks.java:957)
	at TRANSFORMER/neoforge@21.1.250/net.neoforged.neoforge.common.extensions.IItemStackExtension.getAttributeModifiers(IItemStackExtension.java:514)
	at TRANSFORMER/minecolonies@1.1.1383-1.21.1-snapshot/com.minecolonies.api.util.ItemStackUtils.getItemStackAttributeValue(ItemStackUtils.java:1032)
	at TRANSFORMER/minecolonies@1.1.1383-1.21.1-snapshot/com.minecolonies.api.util.ItemStackUtils.getArmorValue(ItemStackUtils.java:341)
	at TRANSFORMER/minecolonies@1.1.1383-1.21.1-snapshot/com.minecolonies.api.util.ItemStackUtils.getArmorLevel(ItemStackUtils.java:314)
	at TRANSFORMER/minecolonies@1.1.1383-1.21.1-snapshot/com.minecolonies.api.equipment.ModEquipmentTypes.initRegisterEquipmentTiers(ModEquipmentTypes.java:269)
	at java.base/java.util.concurrent.CompletableFuture$AsyncRun.run(CompletableFuture.java:1804)
	at MC-BOOTSTRAP/fml_loader@4.0.44/net.neoforged.fml.DeferredWorkQueue.lambda$makeRunnable$2(DeferredWorkQueue.java:67)
	at MC-BOOTSTRAP/fml_loader@4.0.44/net.neoforged.fml.DeferredWorkQueue.makeRunnable(DeferredWorkQueue.java:62)
	at MC-BOOTSTRAP/fml_loader@4.0.44/net.neoforged.fml.DeferredWorkQueue.lambda$runTasks$0(DeferredWorkQueue.java:47)
	at java.base/java.util.concurrent.ConcurrentLinkedDeque.forEach(ConcurrentLinkedDeque.java:1650)
	at MC-BOOTSTRAP/fml_loader@4.0.44/net.neoforged.fml.DeferredWorkQueue.runTasks(DeferredWorkQueue.java:47)
	at java.base/java.util.concurrent.CompletableFuture$AsyncRun.run(CompletableFuture.java:1804)
	at java.base/java.util.concurrent.ThreadPoolExecutor.runWorker(ThreadPoolExecutor.java:1144)
	at java.base/java.util.concurrent.ThreadPoolExecutor$Worker.run(ThreadPoolExecutor.java:642)
	at java.base/java.lang.Thread.run(Thread.java:1583)

[13Sep2026 17:30:32.634] [modloading-sync-worker/WARN] [minecolonies/]: Could not get attribute value for 'attribute.name.generic.armor' on item 'item.createqol.shadow_radiance_chestplate'
java.lang.IllegalStateException: Cannot get config value before config is loaded.
	at MC-BOOTSTRAP/com.google.common@32.1.2-jre/com.google.common.base.Preconditions.checkState(Preconditions.java:512) ~[guava-32.1.2-jre.jar%2387!/:?]
	at TRANSFORMER/neoforge@21.1.250/net.neoforged.neoforge.common.ModConfigSpec$ConfigValue.getRaw(ModConfigSpec.java:1235) ~[neoforge-21.1.250-universal.jar%23231!/:?]
	at TRANSFORMER/neoforge@21.1.250/net.neoforged.neoforge.common.ModConfigSpec$ConfigValue.get(ModConfigSpec.java:1222) ~[neoforge-21.1.250-universal.jar%23231!/:?]
	at TRANSFORMER/ponder@1.0.82+mc1.21.1/net.createmod.catnip.config.ConfigBase$CValue.get(ConfigBase.java:128) ~[ponder-neoforge-1.0.82+mc1.21.1.jar%23540!/:1.0.82+mc1.21.1]
	at TRANSFORMER/createqol@1.6.3-fix1/fr.iglee42.createqualityoflife.utils.QOLConfigurableItem.appliesReach(QOLConfigurableItem.java:128) ~[Create%20Quality%20of%20Life-1.21.1-1.6.3-fix1.jar%23256!/:?]
	at TRANSFORMER/createqol@1.6.3-fix1/fr.iglee42.createqualityoflife.utils.QOLConfigurableItem.getAppliedAttributes(QOLConfigurableItem.java:136) ~[Create%20Quality%20of%20Life-1.21.1-1.6.3-fix1.jar%23256!/:?]
	at TRANSFORMER/createqol@1.6.3-fix1/fr.iglee42.createqualityoflife.utils.QOLConfigurableItem.modifyAttributes(QOLConfigurableItem.java:147) ~[Create%20Quality%20of%20Life-1.21.1-1.6.3-fix1.jar%23256!/:?]
	at MC-BOOTSTRAP/net.neoforged.bus/net.neoforged.bus.ConsumerEventHandler.invoke(ConsumerEventHandler.java:27) ~[bus-8.0.5.jar%2362!/:?]
	at MC-BOOTSTRAP/net.neoforged.bus/net.neoforged.bus.EventBus.post(EventBus.java:360) ~[bus-8.0.5.jar%2362!/:?]
	at MC-BOOTSTRAP/net.neoforged.bus/net.neoforged.bus.EventBus.post(EventBus.java:328) ~[bus-8.0.5.jar%2362!/:?]
	at TRANSFORMER/neoforge@21.1.250/net.neoforged.neoforge.common.CommonHooks.computeModifiedAttributes(CommonHooks.java:957) ~[neoforge-21.1.250-universal.jar%23231!/:?]
	at TRANSFORMER/neoforge@21.1.250/net.neoforged.neoforge.common.extensions.IItemStackExtension.getAttributeModifiers(IItemStackExtension.java:514) ~[neoforge-21.1.250-universal.jar%23231!/:?]
	at TRANSFORMER/minecolonies@1.1.1383-1.21.1-snapshot/com.minecolonies.api.util.ItemStackUtils.getItemStackAttributeValue(ItemStackUtils.java:1032) ~[minecolonies-1.1.1383-1.21.1-snapshot.jar%23308!/:1.1.1383-1.21.1-snapshot]
	at TRANSFORMER/minecolonies@1.1.1383-1.21.1-snapshot/com.minecolonies.api.util.ItemStackUtils.getArmorValue(ItemStackUtils.java:341) ~[minecolonies-1.1.1383-1.21.1-snapshot.jar%23308!/:1.1.1383-1.21.1-snapshot]
	at TRANSFORMER/minecolonies@1.1.1383-1.21.1-snapshot/com.minecolonies.api.util.ItemStackUtils.getArmorLevel(ItemStackUtils.java:314) ~[minecolonies-1.1.1383-1.21.1-snapshot.jar%23308!/:1.1.1383-1.21.1-snapshot]
	at TRANSFORMER/minecolonies@1.1.1383-1.21.1-snapshot/com.minecolonies.api.equipment.ModEquipmentTypes.initRegisterEquipmentTiers(ModEquipmentTypes.java:269) ~[minecolonies-1.1.1383-1.21.1-snapshot.jar%23308!/:1.1.1383-1.21.1-snapshot]
	at java.base/java.util.concurrent.CompletableFuture$AsyncRun.run(CompletableFuture.java:1804) ~[?:?]
	at MC-BOOTSTRAP/fml_loader@4.0.44/net.neoforged.fml.DeferredWorkQueue.lambda$makeRunnable$2(DeferredWorkQueue.java:67) ~[loader-4.0.44.jar%2359!/:4.0]
	at MC-BOOTSTRAP/fml_loader@4.0.44/net.neoforged.fml.DeferredWorkQueue.makeRunnable(DeferredWorkQueue.java:62) ~[loader-4.0.44.jar%2359!/:4.0]
	at MC-BOOTSTRAP/fml_loader@4.0.44/net.neoforged.fml.DeferredWorkQueue.lambda$runTasks$0(DeferredWorkQueue.java:47) ~[loader-4.0.44.jar%2359!/:4.0]
	at java.base/java.util.concurrent.ConcurrentLinkedDeque.forEach(ConcurrentLinkedDeque.java:1650) ~[?:?]
	at MC-BOOTSTRAP/fml_loader@4.0.44/net.neoforged.fml.DeferredWorkQueue.runTasks(DeferredWorkQueue.java:47) ~[loader-4.0.44.jar%2359!/:4.0]
	at java.base/java.util.concurrent.CompletableFuture$AsyncRun.run(CompletableFuture.java:1804) ~[?:?]
	at java.base/java.util.concurrent.ThreadPoolExecutor.runWorker(ThreadPoolExecutor.java:1144) ~[?:?]
	at java.base/java.util.concurrent.ThreadPoolExecutor$Worker.run(ThreadPoolExecutor.java:642) ~[?:?]
	at java.base/java.lang.Thread.run(Thread.java:1583) [?:?]
[13Sep2026 17:30:32.635] [modloading-sync-worker/ERROR] [net.neoforged.bus.EventBus/EVENTBUS]: Exception caught during firing event: Cannot get config value before config is loaded.
	Index: 0
	Listeners:
		0: fr.iglee42.createqualityoflife.CreateQOL$$Lambda/0x0000730155d32148@6111665
java.lang.IllegalStateException: Cannot get config value before config is loaded.
	at MC-BOOTSTRAP/com.google.common@32.1.2-jre/com.google.common.base.Preconditions.checkState(Preconditions.java:512)
	at TRANSFORMER/neoforge@21.1.250/net.neoforged.neoforge.common.ModConfigSpec$ConfigValue.getRaw(ModConfigSpec.java:1235)
	at TRANSFORMER/neoforge@21.1.250/net.neoforged.neoforge.common.ModConfigSpec$ConfigValue.get(ModConfigSpec.java:1222)
	at TRANSFORMER/ponder@1.0.82+mc1.21.1/net.createmod.catnip.config.ConfigBase$CValue.get(ConfigBase.java:128)
	at TRANSFORMER/createqol@1.6.3-fix1/fr.iglee42.createqualityoflife.utils.QOLConfigurableItem.appliesReach(QOLConfigurableItem.java:128)
	at TRANSFORMER/createqol@1.6.3-fix1/fr.iglee42.createqualityoflife.utils.QOLConfigurableItem.getAppliedAttributes(QOLConfigurableItem.java:136)
	at TRANSFORMER/createqol@1.6.3-fix1/fr.iglee42.createqualityoflife.utils.QOLConfigurableItem.modifyAttributes(QOLConfigurableItem.java:147)
	at MC-BOOTSTRAP/net.neoforged.bus/net.neoforged.bus.ConsumerEventHandler.invoke(ConsumerEventHandler.java:27)
	at MC-BOOTSTRAP/net.neoforged.bus/net.neoforged.bus.EventBus.post(EventBus.java:360)
	at MC-BOOTSTRAP/net.neoforged.bus/net.neoforged.bus.EventBus.post(EventBus.java:328)
	at TRANSFORMER/neoforge@21.1.250/net.neoforged.neoforge.common.CommonHooks.computeModifiedAttributes(CommonHooks.java:957)
	at TRANSFORMER/neoforge@21.1.250/net.neoforged.neoforge.common.extensions.IItemStackExtension.getAttributeModifiers(IItemStackExtension.java:514)
	at TRANSFORMER/minecolonies@1.1.1383-1.21.1-snapshot/com.minecolonies.api.util.ItemStackUtils.getItemStackAttributeValue(ItemStackUtils.java:1032)
	at TRANSFORMER/minecolonies@1.1.1383-1.21.1-snapshot/com.minecolonies.api.util.ItemStackUtils.getArmorValue(ItemStackUtils.java:342)
	at TRANSFORMER/minecolonies@1.1.1383-1.21.1-snapshot/com.minecolonies.api.util.ItemStackUtils.getArmorLevel(ItemStackUtils.java:314)
	at TRANSFORMER/minecolonies@1.1.1383-1.21.1-snapshot/com.minecolonies.api.equipment.ModEquipmentTypes.initRegisterEquipmentTiers(ModEquipmentTypes.java:269)
	at java.base/java.util.concurrent.CompletableFuture$AsyncRun.run(CompletableFuture.java:1804)
	at MC-BOOTSTRAP/fml_loader@4.0.44/net.neoforged.fml.DeferredWorkQueue.lambda$makeRunnable$2(DeferredWorkQueue.java:67)
	at MC-BOOTSTRAP/fml_loader@4.0.44/net.neoforged.fml.DeferredWorkQueue.makeRunnable(DeferredWorkQueue.java:62)
	at MC-BOOTSTRAP/fml_loader@4.0.44/net.neoforged.fml.DeferredWorkQueue.lambda$runTasks$0(DeferredWorkQueue.java:47)
	at java.base/java.util.concurrent.ConcurrentLinkedDeque.forEach(ConcurrentLinkedDeque.java:1650)
	at MC-BOOTSTRAP/fml_loader@4.0.44/net.neoforged.fml.DeferredWorkQueue.runTasks(DeferredWorkQueue.java:47)
	at java.base/java.util.concurrent.CompletableFuture$AsyncRun.run(CompletableFuture.java:1804)
	at java.base/java.util.concurrent.ThreadPoolExecutor.runWorker(ThreadPoolExecutor.java:1144)
	at java.base/java.util.concurrent.ThreadPoolExecutor$Worker.run(ThreadPoolExecutor.java:642)
	at java.base/java.lang.Thread.run(Thread.java:1583)

[13Sep2026 17:30:32.636] [modloading-sync-worker/WARN] [minecolonies/]: Could not get attribute value for 'attribute.name.generic.armor_toughness' on item 'item.createqol.shadow_radiance_chestplate'
java.lang.IllegalStateException: Cannot get config value before config is loaded.
	at MC-BOOTSTRAP/com.google.common@32.1.2-jre/com.google.common.base.Preconditions.checkState(Preconditions.java:512) ~[guava-32.1.2-jre.jar%2387!/:?]
	at TRANSFORMER/neoforge@21.1.250/net.neoforged.neoforge.common.ModConfigSpec$ConfigValue.getRaw(ModConfigSpec.java:1235) ~[neoforge-21.1.250-universal.jar%23231!/:?]
	at TRANSFORMER/neoforge@21.1.250/net.neoforged.neoforge.common.ModConfigSpec$ConfigValue.get(ModConfigSpec.java:1222) ~[neoforge-21.1.250-universal.jar%23231!/:?]
	at TRANSFORMER/ponder@1.0.82+mc1.21.1/net.createmod.catnip.config.ConfigBase$CValue.get(ConfigBase.java:128) ~[ponder-neoforge-1.0.82+mc1.21.1.jar%23540!/:1.0.82+mc1.21.1]
	at TRANSFORMER/createqol@1.6.3-fix1/fr.iglee42.createqualityoflife.utils.QOLConfigurableItem.appliesReach(QOLConfigurableItem.java:128) ~[Create%20Quality%20of%20Life-1.21.1-1.6.3-fix1.jar%23256!/:?]
	at TRANSFORMER/createqol@1.6.3-fix1/fr.iglee42.createqualityoflife.utils.QOLConfigurableItem.getAppliedAttributes(QOLConfigurableItem.java:136) ~[Create%20Quality%20of%20Life-1.21.1-1.6.3-fix1.jar%23256!/:?]
	at TRANSFORMER/createqol@1.6.3-fix1/fr.iglee42.createqualityoflife.utils.QOLConfigurableItem.modifyAttributes(QOLConfigurableItem.java:147) ~[Create%20Quality%20of%20Life-1.21.1-1.6.3-fix1.jar%23256!/:?]
	at MC-BOOTSTRAP/net.neoforged.bus/net.neoforged.bus.ConsumerEventHandler.invoke(ConsumerEventHandler.java:27) ~[bus-8.0.5.jar%2362!/:?]
	at MC-BOOTSTRAP/net.neoforged.bus/net.neoforged.bus.EventBus.post(EventBus.java:360) ~[bus-8.0.5.jar%2362!/:?]
	at MC-BOOTSTRAP/net.neoforged.bus/net.neoforged.bus.EventBus.post(EventBus.java:328) ~[bus-8.0.5.jar%2362!/:?]
	at TRANSFORMER/neoforge@21.1.250/net.neoforged.neoforge.common.CommonHooks.computeModifiedAttributes(CommonHooks.java:957) ~[neoforge-21.1.250-universal.jar%23231!/:?]
	at TRANSFORMER/neoforge@21.1.250/net.neoforged.neoforge.common.extensions.IItemStackExtension.getAttributeModifiers(IItemStackExtension.java:514) ~[neoforge-21.1.250-universal.jar%23231!/:?]
	at TRANSFORMER/minecolonies@1.1.1383-1.21.1-snapshot/com.minecolonies.api.util.ItemStackUtils.getItemStackAttributeValue(ItemStackUtils.java:1032) ~[minecolonies-1.1.1383-1.21.1-snapshot.jar%23308!/:1.1.1383-1.21.1-snapshot]
	at TRANSFORMER/minecolonies@1.1.1383-1.21.1-snapshot/com.minecolonies.api.util.ItemStackUtils.getArmorValue(ItemStackUtils.java:342) ~[minecolonies-1.1.1383-1.21.1-snapshot.jar%23308!/:1.1.1383-1.21.1-snapshot]
	at TRANSFORMER/minecolonies@1.1.1383-1.21.1-snapshot/com.minecolonies.api.util.ItemStackUtils.getArmorLevel(ItemStackUtils.java:314) ~[minecolonies-1.1.1383-1.21.1-snapshot.jar%23308!/:1.1.1383-1.21.1-snapshot]
	at TRANSFORMER/minecolonies@1.1.1383-1.21.1-snapshot/com.minecolonies.api.equipment.ModEquipmentTypes.initRegisterEquipmentTiers(ModEquipmentTypes.java:269) ~[minecolonies-1.1.1383-1.21.1-snapshot.jar%23308!/:1.1.1383-1.21.1-snapshot]
	at java.base/java.util.concurrent.CompletableFuture$AsyncRun.run(CompletableFuture.java:1804) ~[?:?]
	at MC-BOOTSTRAP/fml_loader@4.0.44/net.neoforged.fml.DeferredWorkQueue.lambda$makeRunnable$2(DeferredWorkQueue.java:67) ~[loader-4.0.44.jar%2359!/:4.0]
	at MC-BOOTSTRAP/fml_loader@4.0.44/net.neoforged.fml.DeferredWorkQueue.makeRunnable(DeferredWorkQueue.java:62) ~[loader-4.0.44.jar%2359!/:4.0]
	at MC-BOOTSTRAP/fml_loader@4.0.44/net.neoforged.fml.DeferredWorkQueue.lambda$runTasks$0(DeferredWorkQueue.java:47) ~[loader-4.0.44.jar%2359!/:4.0]
	at java.base/java.util.concurrent.ConcurrentLinkedDeque.forEach(ConcurrentLinkedDeque.java:1650) ~[?:?]
	at MC-BOOTSTRAP/fml_loader@4.0.44/net.neoforged.fml.DeferredWorkQueue.runTasks(DeferredWorkQueue.java:47) ~[loader-4.0.44.jar%2359!/:4.0]
	at java.base/java.util.concurrent.CompletableFuture$AsyncRun.run(CompletableFuture.java:1804) ~[?:?]
	at java.base/java.util.concurrent.ThreadPoolExecutor.runWorker(ThreadPoolExecutor.java:1144) ~[?:?]
	at java.base/java.util.concurrent.ThreadPoolExecutor$Worker.run(ThreadPoolExecutor.java:642) ~[?:?]
	at java.base/java.lang.Thread.run(Thread.java:1583) [?:?]
[13Sep2026 17:30:32.636] [modloading-sync-worker/ERROR] [net.neoforged.bus.EventBus/EVENTBUS]: Exception caught during firing event: Cannot get config value before config is loaded.
	Index: 0
	Listeners:
		0: fr.iglee42.createqualityoflife.CreateQOL$$Lambda/0x0000730155d32148@6111665
java.lang.IllegalStateException: Cannot get config value before config is loaded.
	at MC-BOOTSTRAP/com.google.common@32.1.2-jre/com.google.common.base.Preconditions.checkState(Preconditions.java:512)
	at TRANSFORMER/neoforge@21.1.250/net.neoforged.neoforge.common.ModConfigSpec$ConfigValue.getRaw(ModConfigSpec.java:1235)
	at TRANSFORMER/neoforge@21.1.250/net.neoforged.neoforge.common.ModConfigSpec$ConfigValue.get(ModConfigSpec.java:1222)
	at TRANSFORMER/ponder@1.0.82+mc1.21.1/net.createmod.catnip.config.ConfigBase$CValue.get(ConfigBase.java:128)
	at TRANSFORMER/createqol@1.6.3-fix1/fr.iglee42.createqualityoflife.utils.QOLConfigurableItem.appliesReach(QOLConfigurableItem.java:128)
	at TRANSFORMER/createqol@1.6.3-fix1/fr.iglee42.createqualityoflife.utils.QOLConfigurableItem.getAppliedAttributes(QOLConfigurableItem.java:136)
	at TRANSFORMER/createqol@1.6.3-fix1/fr.iglee42.createqualityoflife.items.armors.ShadowRadianceArmorItem.getAppliedAttributes(ShadowRadianceArmorItem.java:169)
	at TRANSFORMER/createqol@1.6.3-fix1/fr.iglee42.createqualityoflife.utils.QOLConfigurableItem.modifyAttributes(QOLConfigurableItem.java:147)
	at MC-BOOTSTRAP/net.neoforged.bus/net.neoforged.bus.ConsumerEventHandler.invoke(ConsumerEventHandler.java:27)
	at MC-BOOTSTRAP/net.neoforged.bus/net.neoforged.bus.EventBus.post(EventBus.java:360)
	at MC-BOOTSTRAP/net.neoforged.bus/net.neoforged.bus.EventBus.post(EventBus.java:328)
	at TRANSFORMER/neoforge@21.1.250/net.neoforged.neoforge.common.CommonHooks.computeModifiedAttributes(CommonHooks.java:957)
	at TRANSFORMER/neoforge@21.1.250/net.neoforged.neoforge.common.extensions.IItemStackExtension.getAttributeModifiers(IItemStackExtension.java:514)
	at TRANSFORMER/minecolonies@1.1.1383-1.21.1-snapshot/com.minecolonies.api.util.ItemStackUtils.getItemStackAttributeValue(ItemStackUtils.java:1032)
	at TRANSFORMER/minecolonies@1.1.1383-1.21.1-snapshot/com.minecolonies.api.util.ItemStackUtils.getArmorValue(ItemStackUtils.java:341)
	at TRANSFORMER/minecolonies@1.1.1383-1.21.1-snapshot/com.minecolonies.api.util.ItemStackUtils.getArmorLevel(ItemStackUtils.java:314)
	at TRANSFORMER/minecolonies@1.1.1383-1.21.1-snapshot/com.minecolonies.api.equipment.ModEquipmentTypes.initRegisterEquipmentTiers(ModEquipmentTypes.java:269)
	at java.base/java.util.concurrent.CompletableFuture$AsyncRun.run(CompletableFuture.java:1804)
	at MC-BOOTSTRAP/fml_loader@4.0.44/net.neoforged.fml.DeferredWorkQueue.lambda$makeRunnable$2(DeferredWorkQueue.java:67)
	at MC-BOOTSTRAP/fml_loader@4.0.44/net.neoforged.fml.DeferredWorkQueue.makeRunnable(DeferredWorkQueue.java:62)
	at MC-BOOTSTRAP/fml_loader@4.0.44/net.neoforged.fml.DeferredWorkQueue.lambda$runTasks$0(DeferredWorkQueue.java:47)
	at java.base/java.util.concurrent.ConcurrentLinkedDeque.forEach(ConcurrentLinkedDeque.java:1650)
	at MC-BOOTSTRAP/fml_loader@4.0.44/net.neoforged.fml.DeferredWorkQueue.runTasks(DeferredWorkQueue.java:47)
	at java.base/java.util.concurrent.CompletableFuture$AsyncRun.run(CompletableFuture.java:1804)
	at java.base/java.util.concurrent.ThreadPoolExecutor.runWorker(ThreadPoolExecutor.java:1144)
	at java.base/java.util.concurrent.ThreadPoolExecutor$Worker.run(ThreadPoolExecutor.java:642)
	at java.base/java.lang.Thread.run(Thread.java:1583)

[13Sep2026 17:30:32.637] [modloading-sync-worker/WARN] [minecolonies/]: Could not get attribute value for 'attribute.name.generic.armor' on item 'item.createqol.shadow_radiance_leggings'
java.lang.IllegalStateException: Cannot get config value before config is loaded.
	at MC-BOOTSTRAP/com.google.common@32.1.2-jre/com.google.common.base.Preconditions.checkState(Preconditions.java:512) ~[guava-32.1.2-jre.jar%2387!/:?]
	at TRANSFORMER/neoforge@21.1.250/net.neoforged.neoforge.common.ModConfigSpec$ConfigValue.getRaw(ModConfigSpec.java:1235) ~[neoforge-21.1.250-universal.jar%23231!/:?]
	at TRANSFORMER/neoforge@21.1.250/net.neoforged.neoforge.common.ModConfigSpec$ConfigValue.get(ModConfigSpec.java:1222) ~[neoforge-21.1.250-universal.jar%23231!/:?]
	at TRANSFORMER/ponder@1.0.82+mc1.21.1/net.createmod.catnip.config.ConfigBase$CValue.get(ConfigBase.java:128) ~[ponder-neoforge-1.0.82+mc1.21.1.jar%23540!/:1.0.82+mc1.21.1]
	at TRANSFORMER/createqol@1.6.3-fix1/fr.iglee42.createqualityoflife.utils.QOLConfigurableItem.appliesReach(QOLConfigurableItem.java:128) ~[Create%20Quality%20of%20Life-1.21.1-1.6.3-fix1.jar%23256!/:?]
	at TRANSFORMER/createqol@1.6.3-fix1/fr.iglee42.createqualityoflife.utils.QOLConfigurableItem.getAppliedAttributes(QOLConfigurableItem.java:136) ~[Create%20Quality%20of%20Life-1.21.1-1.6.3-fix1.jar%23256!/:?]
	at TRANSFORMER/createqol@1.6.3-fix1/fr.iglee42.createqualityoflife.items.armors.ShadowRadianceArmorItem.getAppliedAttributes(ShadowRadianceArmorItem.java:169) ~[Create%20Quality%20of%20Life-1.21.1-1.6.3-fix1.jar%23256!/:?]
	at TRANSFORMER/createqol@1.6.3-fix1/fr.iglee42.createqualityoflife.utils.QOLConfigurableItem.modifyAttributes(QOLConfigurableItem.java:147) ~[Create%20Quality%20of%20Life-1.21.1-1.6.3-fix1.jar%23256!/:?]
	at MC-BOOTSTRAP/net.neoforged.bus/net.neoforged.bus.ConsumerEventHandler.invoke(ConsumerEventHandler.java:27) ~[bus-8.0.5.jar%2362!/:?]
	at MC-BOOTSTRAP/net.neoforged.bus/net.neoforged.bus.EventBus.post(EventBus.java:360) ~[bus-8.0.5.jar%2362!/:?]
	at MC-BOOTSTRAP/net.neoforged.bus/net.neoforged.bus.EventBus.post(EventBus.java:328) ~[bus-8.0.5.jar%2362!/:?]
	at TRANSFORMER/neoforge@21.1.250/net.neoforged.neoforge.common.CommonHooks.computeModifiedAttributes(CommonHooks.java:957) ~[neoforge-21.1.250-universal.jar%23231!/:?]
	at TRANSFORMER/neoforge@21.1.250/net.neoforged.neoforge.common.extensions.IItemStackExtension.getAttributeModifiers(IItemStackExtension.java:514) ~[neoforge-21.1.250-universal.jar%23231!/:?]
	at TRANSFORMER/minecolonies@1.1.1383-1.21.1-snapshot/com.minecolonies.api.util.ItemStackUtils.getItemStackAttributeValue(ItemStackUtils.java:1032) ~[minecolonies-1.1.1383-1.21.1-snapshot.jar%23308!/:1.1.1383-1.21.1-snapshot]
	at TRANSFORMER/minecolonies@1.1.1383-1.21.1-snapshot/com.minecolonies.api.util.ItemStackUtils.getArmorValue(ItemStackUtils.java:341) ~[minecolonies-1.1.1383-1.21.1-snapshot.jar%23308!/:1.1.1383-1.21.1-snapshot]
	at TRANSFORMER/minecolonies@1.1.1383-1.21.1-snapshot/com.minecolonies.api.util.ItemStackUtils.getArmorLevel(ItemStackUtils.java:314) ~[minecolonies-1.1.1383-1.21.1-snapshot.jar%23308!/:1.1.1383-1.21.1-snapshot]
	at TRANSFORMER/minecolonies@1.1.1383-1.21.1-snapshot/com.minecolonies.api.equipment.ModEquipmentTypes.initRegisterEquipmentTiers(ModEquipmentTypes.java:269) ~[minecolonies-1.1.1383-1.21.1-snapshot.jar%23308!/:1.1.1383-1.21.1-snapshot]
	at java.base/java.util.concurrent.CompletableFuture$AsyncRun.run(CompletableFuture.java:1804) ~[?:?]
	at MC-BOOTSTRAP/fml_loader@4.0.44/net.neoforged.fml.DeferredWorkQueue.lambda$makeRunnable$2(DeferredWorkQueue.java:67) ~[loader-4.0.44.jar%2359!/:4.0]
	at MC-BOOTSTRAP/fml_loader@4.0.44/net.neoforged.fml.DeferredWorkQueue.makeRunnable(DeferredWorkQueue.java:62) ~[loader-4.0.44.jar%2359!/:4.0]
	at MC-BOOTSTRAP/fml_loader@4.0.44/net.neoforged.fml.DeferredWorkQueue.lambda$runTasks$0(DeferredWorkQueue.java:47) ~[loader-4.0.44.jar%2359!/:4.0]
	at java.base/java.util.concurrent.ConcurrentLinkedDeque.forEach(ConcurrentLinkedDeque.java:1650) ~[?:?]
	at MC-BOOTSTRAP/fml_loader@4.0.44/net.neoforged.fml.DeferredWorkQueue.runTasks(DeferredWorkQueue.java:47) ~[loader-4.0.44.jar%2359!/:4.0]
	at java.base/java.util.concurrent.CompletableFuture$AsyncRun.run(CompletableFuture.java:1804) ~[?:?]
	at java.base/java.util.concurrent.ThreadPoolExecutor.runWorker(ThreadPoolExecutor.java:1144) ~[?:?]
	at java.base/java.util.concurrent.ThreadPoolExecutor$Worker.run(ThreadPoolExecutor.java:642) ~[?:?]
	at java.base/java.lang.Thread.run(Thread.java:1583) [?:?]
[13Sep2026 17:30:32.638] [modloading-sync-worker/ERROR] [net.neoforged.bus.EventBus/EVENTBUS]: Exception caught during firing event: Cannot get config value before config is loaded.
	Index: 0
	Listeners:
		0: fr.iglee42.createqualityoflife.CreateQOL$$Lambda/0x0000730155d32148@6111665
java.lang.IllegalStateException: Cannot get config value before config is loaded.
	at MC-BOOTSTRAP/com.google.common@32.1.2-jre/com.google.common.base.Preconditions.checkState(Preconditions.java:512)
	at TRANSFORMER/neoforge@21.1.250/net.neoforged.neoforge.common.ModConfigSpec$ConfigValue.getRaw(ModConfigSpec.java:1235)
	at TRANSFORMER/neoforge@21.1.250/net.neoforged.neoforge.common.ModConfigSpec$ConfigValue.get(ModConfigSpec.java:1222)
	at TRANSFORMER/ponder@1.0.82+mc1.21.1/net.createmod.catnip.config.ConfigBase$CValue.get(ConfigBase.java:128)
	at TRANSFORMER/createqol@1.6.3-fix1/fr.iglee42.createqualityoflife.utils.QOLConfigurableItem.appliesReach(QOLConfigurableItem.java:128)
	at TRANSFORMER/createqol@1.6.3-fix1/fr.iglee42.createqualityoflife.utils.QOLConfigurableItem.getAppliedAttributes(QOLConfigurableItem.java:136)
	at TRANSFORMER/createqol@1.6.3-fix1/fr.iglee42.createqualityoflife.items.armors.ShadowRadianceArmorItem.getAppliedAttributes(ShadowRadianceArmorItem.java:169)
	at TRANSFORMER/createqol@1.6.3-fix1/fr.iglee42.createqualityoflife.utils.QOLConfigurableItem.modifyAttributes(QOLConfigurableItem.java:147)
	at MC-BOOTSTRAP/net.neoforged.bus/net.neoforged.bus.ConsumerEventHandler.invoke(ConsumerEventHandler.java:27)
	at MC-BOOTSTRAP/net.neoforged.bus/net.neoforged.bus.EventBus.post(EventBus.java:360)
	at MC-BOOTSTRAP/net.neoforged.bus/net.neoforged.bus.EventBus.post(EventBus.java:328)
	at TRANSFORMER/neoforge@21.1.250/net.neoforged.neoforge.common.CommonHooks.computeModifiedAttributes(CommonHooks.java:957)
	at TRANSFORMER/neoforge@21.1.250/net.neoforged.neoforge.common.extensions.IItemStackExtension.getAttributeModifiers(IItemStackExtension.java:514)
	at TRANSFORMER/minecolonies@1.1.1383-1.21.1-snapshot/com.minecolonies.api.util.ItemStackUtils.getItemStackAttributeValue(ItemStackUtils.java:1032)
	at TRANSFORMER/minecolonies@1.1.1383-1.21.1-snapshot/com.minecolonies.api.util.ItemStackUtils.getArmorValue(ItemStackUtils.java:342)
	at TRANSFORMER/minecolonies@1.1.1383-1.21.1-snapshot/com.minecolonies.api.util.ItemStackUtils.getArmorLevel(ItemStackUtils.java:314)
	at TRANSFORMER/minecolonies@1.1.1383-1.21.1-snapshot/com.minecolonies.api.equipment.ModEquipmentTypes.initRegisterEquipmentTiers(ModEquipmentTypes.java:269)
	at java.base/java.util.concurrent.CompletableFuture$AsyncRun.run(CompletableFuture.java:1804)
	at MC-BOOTSTRAP/fml_loader@4.0.44/net.neoforged.fml.DeferredWorkQueue.lambda$makeRunnable$2(DeferredWorkQueue.java:67)
	at MC-BOOTSTRAP/fml_loader@4.0.44/net.neoforged.fml.DeferredWorkQueue.makeRunnable(DeferredWorkQueue.java:62)
	at MC-BOOTSTRAP/fml_loader@4.0.44/net.neoforged.fml.DeferredWorkQueue.lambda$runTasks$0(DeferredWorkQueue.java:47)
	at java.base/java.util.concurrent.ConcurrentLinkedDeque.forEach(ConcurrentLinkedDeque.java:1650)
	at MC-BOOTSTRAP/fml_loader@4.0.44/net.neoforged.fml.DeferredWorkQueue.runTasks(DeferredWorkQueue.java:47)
	at java.base/java.util.concurrent.CompletableFuture$AsyncRun.run(CompletableFuture.java:1804)
	at java.base/java.util.concurrent.ThreadPoolExecutor.runWorker(ThreadPoolExecutor.java:1144)
	at java.base/java.util.concurrent.ThreadPoolExecutor$Worker.run(ThreadPoolExecutor.java:642)
	at java.base/java.lang.Thread.run(Thread.java:1583)

[13Sep2026 17:30:32.638] [modloading-sync-worker/WARN] [minecolonies/]: Could not get attribute value for 'attribute.name.generic.armor_toughness' on item 'item.createqol.shadow_radiance_leggings'
java.lang.IllegalStateException: Cannot get config value before config is loaded.
	at MC-BOOTSTRAP/com.google.common@32.1.2-jre/com.google.common.base.Preconditions.checkState(Preconditions.java:512) ~[guava-32.1.2-jre.jar%2387!/:?]
	at TRANSFORMER/neoforge@21.1.250/net.neoforged.neoforge.common.ModConfigSpec$ConfigValue.getRaw(ModConfigSpec.java:1235) ~[neoforge-21.1.250-universal.jar%23231!/:?]
	at TRANSFORMER/neoforge@21.1.250/net.neoforged.neoforge.common.ModConfigSpec$ConfigValue.get(ModConfigSpec.java:1222) ~[neoforge-21.1.250-universal.jar%23231!/:?]
	at TRANSFORMER/ponder@1.0.82+mc1.21.1/net.createmod.catnip.config.ConfigBase$CValue.get(ConfigBase.java:128) ~[ponder-neoforge-1.0.82+mc1.21.1.jar%23540!/:1.0.82+mc1.21.1]
	at TRANSFORMER/createqol@1.6.3-fix1/fr.iglee42.createqualityoflife.utils.QOLConfigurableItem.appliesReach(QOLConfigurableItem.java:128) ~[Create%20Quality%20of%20Life-1.21.1-1.6.3-fix1.jar%23256!/:?]
	at TRANSFORMER/createqol@1.6.3-fix1/fr.iglee42.createqualityoflife.utils.QOLConfigurableItem.getAppliedAttributes(QOLConfigurableItem.java:136) ~[Create%20Quality%20of%20Life-1.21.1-1.6.3-fix1.jar%23256!/:?]
	at TRANSFORMER/createqol@1.6.3-fix1/fr.iglee42.createqualityoflife.items.armors.ShadowRadianceArmorItem.getAppliedAttributes(ShadowRadianceArmorItem.java:169) ~[Create%20Quality%20of%20Life-1.21.1-1.6.3-fix1.jar%23256!/:?]
	at TRANSFORMER/createqol@1.6.3-fix1/fr.iglee42.createqualityoflife.utils.QOLConfigurableItem.modifyAttributes(QOLConfigurableItem.java:147) ~[Create%20Quality%20of%20Life-1.21.1-1.6.3-fix1.jar%23256!/:?]
	at MC-BOOTSTRAP/net.neoforged.bus/net.neoforged.bus.ConsumerEventHandler.invoke(ConsumerEventHandler.java:27) ~[bus-8.0.5.jar%2362!/:?]
	at MC-BOOTSTRAP/net.neoforged.bus/net.neoforged.bus.EventBus.post(EventBus.java:360) ~[bus-8.0.5.jar%2362!/:?]
	at MC-BOOTSTRAP/net.neoforged.bus/net.neoforged.bus.EventBus.post(EventBus.java:328) ~[bus-8.0.5.jar%2362!/:?]
	at TRANSFORMER/neoforge@21.1.250/net.neoforged.neoforge.common.CommonHooks.computeModifiedAttributes(CommonHooks.java:957) ~[neoforge-21.1.250-universal.jar%23231!/:?]
	at TRANSFORMER/neoforge@21.1.250/net.neoforged.neoforge.common.extensions.IItemStackExtension.getAttributeModifiers(IItemStackExtension.java:514) ~[neoforge-21.1.250-universal.jar%23231!/:?]
	at TRANSFORMER/minecolonies@1.1.1383-1.21.1-snapshot/com.minecolonies.api.util.ItemStackUtils.getItemStackAttributeValue(ItemStackUtils.java:1032) ~[minecolonies-1.1.1383-1.21.1-snapshot.jar%23308!/:1.1.1383-1.21.1-snapshot]
	at TRANSFORMER/minecolonies@1.1.1383-1.21.1-snapshot/com.minecolonies.api.util.ItemStackUtils.getArmorValue(ItemStackUtils.java:342) ~[minecolonies-1.1.1383-1.21.1-snapshot.jar%23308!/:1.1.1383-1.21.1-snapshot]
	at TRANSFORMER/minecolonies@1.1.1383-1.21.1-snapshot/com.minecolonies.api.util.ItemStackUtils.getArmorLevel(ItemStackUtils.java:314) ~[minecolonies-1.1.1383-1.21.1-snapshot.jar%23308!/:1.1.1383-1.21.1-snapshot]
	at TRANSFORMER/minecolonies@1.1.1383-1.21.1-snapshot/com.minecolonies.api.equipment.ModEquipmentTypes.initRegisterEquipmentTiers(ModEquipmentTypes.java:269) ~[minecolonies-1.1.1383-1.21.1-snapshot.jar%23308!/:1.1.1383-1.21.1-snapshot]
	at java.base/java.util.concurrent.CompletableFuture$AsyncRun.run(CompletableFuture.java:1804) ~[?:?]
	at MC-BOOTSTRAP/fml_loader@4.0.44/net.neoforged.fml.DeferredWorkQueue.lambda$makeRunnable$2(DeferredWorkQueue.java:67) ~[loader-4.0.44.jar%2359!/:4.0]
	at MC-BOOTSTRAP/fml_loader@4.0.44/net.neoforged.fml.DeferredWorkQueue.makeRunnable(DeferredWorkQueue.java:62) ~[loader-4.0.44.jar%2359!/:4.0]
	at MC-BOOTSTRAP/fml_loader@4.0.44/net.neoforged.fml.DeferredWorkQueue.lambda$runTasks$0(DeferredWorkQueue.java:47) ~[loader-4.0.44.jar%2359!/:4.0]
	at java.base/java.util.concurrent.ConcurrentLinkedDeque.forEach(ConcurrentLinkedDeque.java:1650) ~[?:?]
	at MC-BOOTSTRAP/fml_loader@4.0.44/net.neoforged.fml.DeferredWorkQueue.runTasks(DeferredWorkQueue.java:47) ~[loader-4.0.44.jar%2359!/:4.0]
	at java.base/java.util.concurrent.CompletableFuture$AsyncRun.run(CompletableFuture.java:1804) ~[?:?]
	at java.base/java.util.concurrent.ThreadPoolExecutor.runWorker(ThreadPoolExecutor.java:1144) ~[?:?]
	at java.base/java.util.concurrent.ThreadPoolExecutor$Worker.run(ThreadPoolExecutor.java:642) ~[?:?]
	at java.base/java.lang.Thread.run(Thread.java:1583) [?:?]
[13Sep2026 17:30:32.639] [modloading-sync-worker/ERROR] [net.neoforged.bus.EventBus/EVENTBUS]: Exception caught during firing event: Cannot get config value before config is loaded.
	Index: 0
	Listeners:
		0: fr.iglee42.createqualityoflife.CreateQOL$$Lambda/0x0000730155d32148@6111665
java.lang.IllegalStateException: Cannot get config value before config is loaded.
	at MC-BOOTSTRAP/com.google.common@32.1.2-jre/com.google.common.base.Preconditions.checkState(Preconditions.java:512)
	at TRANSFORMER/neoforge@21.1.250/net.neoforged.neoforge.common.ModConfigSpec$ConfigValue.getRaw(ModConfigSpec.java:1235)
	at TRANSFORMER/neoforge@21.1.250/net.neoforged.neoforge.common.ModConfigSpec$ConfigValue.get(ModConfigSpec.java:1222)
	at TRANSFORMER/ponder@1.0.82+mc1.21.1/net.createmod.catnip.config.ConfigBase$CValue.get(ConfigBase.java:128)
	at TRANSFORMER/createqol@1.6.3-fix1/fr.iglee42.createqualityoflife.utils.QOLConfigurableItem.appliesReach(QOLConfigurableItem.java:128)
	at TRANSFORMER/createqol@1.6.3-fix1/fr.iglee42.createqualityoflife.utils.QOLConfigurableItem.getAppliedAttributes(QOLConfigurableItem.java:136)
	at TRANSFORMER/createqol@1.6.3-fix1/fr.iglee42.createqualityoflife.items.armors.ShadowRadianceArmorItem.getAppliedAttributes(ShadowRadianceArmorItem.java:173)
	at TRANSFORMER/createqol@1.6.3-fix1/fr.iglee42.createqualityoflife.utils.QOLConfigurableItem.modifyAttributes(QOLConfigurableItem.java:147)
	at MC-BOOTSTRAP/net.neoforged.bus/net.neoforged.bus.ConsumerEventHandler.invoke(ConsumerEventHandler.java:27)
	at MC-BOOTSTRAP/net.neoforged.bus/net.neoforged.bus.EventBus.post(EventBus.java:360)
	at MC-BOOTSTRAP/net.neoforged.bus/net.neoforged.bus.EventBus.post(EventBus.java:328)
	at TRANSFORMER/neoforge@21.1.250/net.neoforged.neoforge.common.CommonHooks.computeModifiedAttributes(CommonHooks.java:957)
	at TRANSFORMER/neoforge@21.1.250/net.neoforged.neoforge.common.extensions.IItemStackExtension.getAttributeModifiers(IItemStackExtension.java:514)
	at TRANSFORMER/minecolonies@1.1.1383-1.21.1-snapshot/com.minecolonies.api.util.ItemStackUtils.getItemStackAttributeValue(ItemStackUtils.java:1032)
	at TRANSFORMER/minecolonies@1.1.1383-1.21.1-snapshot/com.minecolonies.api.util.ItemStackUtils.getArmorValue(ItemStackUtils.java:341)
	at TRANSFORMER/minecolonies@1.1.1383-1.21.1-snapshot/com.minecolonies.api.util.ItemStackUtils.getArmorLevel(ItemStackUtils.java:314)
	at TRANSFORMER/minecolonies@1.1.1383-1.21.1-snapshot/com.minecolonies.api.equipment.ModEquipmentTypes.initRegisterEquipmentTiers(ModEquipmentTypes.java:269)
	at java.base/java.util.concurrent.CompletableFuture$AsyncRun.run(CompletableFuture.java:1804)
	at MC-BOOTSTRAP/fml_loader@4.0.44/net.neoforged.fml.DeferredWorkQueue.lambda$makeRunnable$2(DeferredWorkQueue.java:67)
	at MC-BOOTSTRAP/fml_loader@4.0.44/net.neoforged.fml.DeferredWorkQueue.makeRunnable(DeferredWorkQueue.java:62)
	at MC-BOOTSTRAP/fml_loader@4.0.44/net.neoforged.fml.DeferredWorkQueue.lambda$runTasks$0(DeferredWorkQueue.java:47)
	at java.base/java.util.concurrent.ConcurrentLinkedDeque.forEach(ConcurrentLinkedDeque.java:1650)
	at MC-BOOTSTRAP/fml_loader@4.0.44/net.neoforged.fml.DeferredWorkQueue.runTasks(DeferredWorkQueue.java:47)
	at java.base/java.util.concurrent.CompletableFuture$AsyncRun.run(CompletableFuture.java:1804)
	at java.base/java.util.concurrent.ThreadPoolExecutor.runWorker(ThreadPoolExecutor.java:1144)
	at java.base/java.util.concurrent.ThreadPoolExecutor$Worker.run(ThreadPoolExecutor.java:642)
	at java.base/java.lang.Thread.run(Thread.java:1583)

[13Sep2026 17:30:32.640] [modloading-sync-worker/WARN] [minecolonies/]: Could not get attribute value for 'attribute.name.generic.armor' on item 'item.createqol.shadow_radiance_boots'
java.lang.IllegalStateException: Cannot get config value before config is loaded.
	at MC-BOOTSTRAP/com.google.common@32.1.2-jre/com.google.common.base.Preconditions.checkState(Preconditions.java:512) ~[guava-32.1.2-jre.jar%2387!/:?]
	at TRANSFORMER/neoforge@21.1.250/net.neoforged.neoforge.common.ModConfigSpec$ConfigValue.getRaw(ModConfigSpec.java:1235) ~[neoforge-21.1.250-universal.jar%23231!/:?]
	at TRANSFORMER/neoforge@21.1.250/net.neoforged.neoforge.common.ModConfigSpec$ConfigValue.get(ModConfigSpec.java:1222) ~[neoforge-21.1.250-universal.jar%23231!/:?]
	at TRANSFORMER/ponder@1.0.82+mc1.21.1/net.createmod.catnip.config.ConfigBase$CValue.get(ConfigBase.java:128) ~[ponder-neoforge-1.0.82+mc1.21.1.jar%23540!/:1.0.82+mc1.21.1]
	at TRANSFORMER/createqol@1.6.3-fix1/fr.iglee42.createqualityoflife.utils.QOLConfigurableItem.appliesReach(QOLConfigurableItem.java:128) ~[Create%20Quality%20of%20Life-1.21.1-1.6.3-fix1.jar%23256!/:?]
	at TRANSFORMER/createqol@1.6.3-fix1/fr.iglee42.createqualityoflife.utils.QOLConfigurableItem.getAppliedAttributes(QOLConfigurableItem.java:136) ~[Create%20Quality%20of%20Life-1.21.1-1.6.3-fix1.jar%23256!/:?]
	at TRANSFORMER/createqol@1.6.3-fix1/fr.iglee42.createqualityoflife.items.armors.ShadowRadianceArmorItem.getAppliedAttributes(ShadowRadianceArmorItem.java:173) ~[Create%20Quality%20of%20Life-1.21.1-1.6.3-fix1.jar%23256!/:?]
	at TRANSFORMER/createqol@1.6.3-fix1/fr.iglee42.createqualityoflife.utils.QOLConfigurableItem.modifyAttributes(QOLConfigurableItem.java:147) ~[Create%20Quality%20of%20Life-1.21.1-1.6.3-fix1.jar%23256!/:?]
	at MC-BOOTSTRAP/net.neoforged.bus/net.neoforged.bus.ConsumerEventHandler.invoke(ConsumerEventHandler.java:27) ~[bus-8.0.5.jar%2362!/:?]
	at MC-BOOTSTRAP/net.neoforged.bus/net.neoforged.bus.EventBus.post(EventBus.java:360) ~[bus-8.0.5.jar%2362!/:?]
	at MC-BOOTSTRAP/net.neoforged.bus/net.neoforged.bus.EventBus.post(EventBus.java:328) ~[bus-8.0.5.jar%2362!/:?]
	at TRANSFORMER/neoforge@21.1.250/net.neoforged.neoforge.common.CommonHooks.computeModifiedAttributes(CommonHooks.java:957) ~[neoforge-21.1.250-universal.jar%23231!/:?]
	at TRANSFORMER/neoforge@21.1.250/net.neoforged.neoforge.common.extensions.IItemStackExtension.getAttributeModifiers(IItemStackExtension.java:514) ~[neoforge-21.1.250-universal.jar%23231!/:?]
	at TRANSFORMER/minecolonies@1.1.1383-1.21.1-snapshot/com.minecolonies.api.util.ItemStackUtils.getItemStackAttributeValue(ItemStackUtils.java:1032) ~[minecolonies-1.1.1383-1.21.1-snapshot.jar%23308!/:1.1.1383-1.21.1-snapshot]
	at TRANSFORMER/minecolonies@1.1.1383-1.21.1-snapshot/com.minecolonies.api.util.ItemStackUtils.getArmorValue(ItemStackUtils.java:341) ~[minecolonies-1.1.1383-1.21.1-snapshot.jar%23308!/:1.1.1383-1.21.1-snapshot]
	at TRANSFORMER/minecolonies@1.1.1383-1.21.1-snapshot/com.minecolonies.api.util.ItemStackUtils.getArmorLevel(ItemStackUtils.java:314) ~[minecolonies-1.1.1383-1.21.1-snapshot.jar%23308!/:1.1.1383-1.21.1-snapshot]
	at TRANSFORMER/minecolonies@1.1.1383-1.21.1-snapshot/com.minecolonies.api.equipment.ModEquipmentTypes.initRegisterEquipmentTiers(ModEquipmentTypes.java:269) ~[minecolonies-1.1.1383-1.21.1-snapshot.jar%23308!/:1.1.1383-1.21.1-snapshot]
	at java.base/java.util.concurrent.CompletableFuture$AsyncRun.run(CompletableFuture.java:1804) ~[?:?]
	at MC-BOOTSTRAP/fml_loader@4.0.44/net.neoforged.fml.DeferredWorkQueue.lambda$makeRunnable$2(DeferredWorkQueue.java:67) ~[loader-4.0.44.jar%2359!/:4.0]
	at MC-BOOTSTRAP/fml_loader@4.0.44/net.neoforged.fml.DeferredWorkQueue.makeRunnable(DeferredWorkQueue.java:62) ~[loader-4.0.44.jar%2359!/:4.0]
	at MC-BOOTSTRAP/fml_loader@4.0.44/net.neoforged.fml.DeferredWorkQueue.lambda$runTasks$0(DeferredWorkQueue.java:47) ~[loader-4.0.44.jar%2359!/:4.0]
	at java.base/java.util.concurrent.ConcurrentLinkedDeque.forEach(ConcurrentLinkedDeque.java:1650) ~[?:?]
	at MC-BOOTSTRAP/fml_loader@4.0.44/net.neoforged.fml.DeferredWorkQueue.runTasks(DeferredWorkQueue.java:47) ~[loader-4.0.44.jar%2359!/:4.0]
	at java.base/java.util.concurrent.CompletableFuture$AsyncRun.run(CompletableFuture.java:1804) ~[?:?]
	at java.base/java.util.concurrent.ThreadPoolExecutor.runWorker(ThreadPoolExecutor.java:1144) ~[?:?]
	at java.base/java.util.concurrent.ThreadPoolExecutor$Worker.run(ThreadPoolExecutor.java:642) ~[?:?]
	at java.base/java.lang.Thread.run(Thread.java:1583) [?:?]
[13Sep2026 17:30:32.640] [modloading-sync-worker/ERROR] [net.neoforged.bus.EventBus/EVENTBUS]: Exception caught during firing event: Cannot get config value before config is loaded.
	Index: 0
	Listeners:
		0: fr.iglee42.createqualityoflife.CreateQOL$$Lambda/0x0000730155d32148@6111665
java.lang.IllegalStateException: Cannot get config value before config is loaded.
	at MC-BOOTSTRAP/com.google.common@32.1.2-jre/com.google.common.base.Preconditions.checkState(Preconditions.java:512)
	at TRANSFORMER/neoforge@21.1.250/net.neoforged.neoforge.common.ModConfigSpec$ConfigValue.getRaw(ModConfigSpec.java:1235)
	at TRANSFORMER/neoforge@21.1.250/net.neoforged.neoforge.common.ModConfigSpec$ConfigValue.get(ModConfigSpec.java:1222)
	at TRANSFORMER/ponder@1.0.82+mc1.21.1/net.createmod.catnip.config.ConfigBase$CValue.get(ConfigBase.java:128)
	at TRANSFORMER/createqol@1.6.3-fix1/fr.iglee42.createqualityoflife.utils.QOLConfigurableItem.appliesReach(QOLConfigurableItem.java:128)
	at TRANSFORMER/createqol@1.6.3-fix1/fr.iglee42.createqualityoflife.utils.QOLConfigurableItem.getAppliedAttributes(QOLConfigurableItem.java:136)
	at TRANSFORMER/createqol@1.6.3-fix1/fr.iglee42.createqualityoflife.items.armors.ShadowRadianceArmorItem.getAppliedAttributes(ShadowRadianceArmorItem.java:173)
	at TRANSFORMER/createqol@1.6.3-fix1/fr.iglee42.createqualityoflife.utils.QOLConfigurableItem.modifyAttributes(QOLConfigurableItem.java:147)
	at MC-BOOTSTRAP/net.neoforged.bus/net.neoforged.bus.ConsumerEventHandler.invoke(ConsumerEventHandler.java:27)
	at MC-BOOTSTRAP/net.neoforged.bus/net.neoforged.bus.EventBus.post(EventBus.java:360)
	at MC-BOOTSTRAP/net.neoforged.bus/net.neoforged.bus.EventBus.post(EventBus.java:328)
	at TRANSFORMER/neoforge@21.1.250/net.neoforged.neoforge.common.CommonHooks.computeModifiedAttributes(CommonHooks.java:957)
	at TRANSFORMER/neoforge@21.1.250/net.neoforged.neoforge.common.extensions.IItemStackExtension.getAttributeModifiers(IItemStackExtension.java:514)
	at TRANSFORMER/minecolonies@1.1.1383-1.21.1-snapshot/com.minecolonies.api.util.ItemStackUtils.getItemStackAttributeValue(ItemStackUtils.java:1032)
	at TRANSFORMER/minecolonies@1.1.1383-1.21.1-snapshot/com.minecolonies.api.util.ItemStackUtils.getArmorValue(ItemStackUtils.java:342)
	at TRANSFORMER/minecolonies@1.1.1383-1.21.1-snapshot/com.minecolonies.api.util.ItemStackUtils.getArmorLevel(ItemStackUtils.java:314)
	at TRANSFORMER/minecolonies@1.1.1383-1.21.1-snapshot/com.minecolonies.api.equipment.ModEquipmentTypes.initRegisterEquipmentTiers(ModEquipmentTypes.java:269)
	at java.base/java.util.concurrent.CompletableFuture$AsyncRun.run(CompletableFuture.java:1804)
	at MC-BOOTSTRAP/fml_loader@4.0.44/net.neoforged.fml.DeferredWorkQueue.lambda$makeRunnable$2(DeferredWorkQueue.java:67)
	at MC-BOOTSTRAP/fml_loader@4.0.44/net.neoforged.fml.DeferredWorkQueue.makeRunnable(DeferredWorkQueue.java:62)
	at MC-BOOTSTRAP/fml_loader@4.0.44/net.neoforged.fml.DeferredWorkQueue.lambda$runTasks$0(DeferredWorkQueue.java:47)
	at java.base/java.util.concurrent.ConcurrentLinkedDeque.forEach(ConcurrentLinkedDeque.java:1650)
	at MC-BOOTSTRAP/fml_loader@4.0.44/net.neoforged.fml.DeferredWorkQueue.runTasks(DeferredWorkQueue.java:47)
	at java.base/java.util.concurrent.CompletableFuture$AsyncRun.run(CompletableFuture.java:1804)
	at java.base/java.util.concurrent.ThreadPoolExecutor.runWorker(ThreadPoolExecutor.java:1144)
	at java.base/java.util.concurrent.ThreadPoolExecutor$Worker.run(ThreadPoolExecutor.java:642)
	at java.base/java.lang.Thread.run(Thread.java:1583)

[13Sep2026 17:30:32.641] [modloading-sync-worker/WARN] [minecolonies/]: Could not get attribute value for 'attribute.name.generic.armor_toughness' on item 'item.createqol.shadow_radiance_boots'
java.lang.IllegalStateException: Cannot get config value before config is loaded.
	at MC-BOOTSTRAP/com.google.common@32.1.2-jre/com.google.common.base.Preconditions.checkState(Preconditions.java:512) ~[guava-32.1.2-jre.jar%2387!/:?]
	at TRANSFORMER/neoforge@21.1.250/net.neoforged.neoforge.common.ModConfigSpec$ConfigValue.getRaw(ModConfigSpec.java:1235) ~[neoforge-21.1.250-universal.jar%23231!/:?]
	at TRANSFORMER/neoforge@21.1.250/net.neoforged.neoforge.common.ModConfigSpec$ConfigValue.get(ModConfigSpec.java:1222) ~[neoforge-21.1.250-universal.jar%23231!/:?]
	at TRANSFORMER/ponder@1.0.82+mc1.21.1/net.createmod.catnip.config.ConfigBase$CValue.get(ConfigBase.java:128) ~[ponder-neoforge-1.0.82+mc1.21.1.jar%23540!/:1.0.82+mc1.21.1]
	at TRANSFORMER/createqol@1.6.3-fix1/fr.iglee42.createqualityoflife.utils.QOLConfigurableItem.appliesReach(QOLConfigurableItem.java:128) ~[Create%20Quality%20of%20Life-1.21.1-1.6.3-fix1.jar%23256!/:?]
	at TRANSFORMER/createqol@1.6.3-fix1/fr.iglee42.createqualityoflife.utils.QOLConfigurableItem.getAppliedAttributes(QOLConfigurableItem.java:136) ~[Create%20Quality%20of%20Life-1.21.1-1.6.3-fix1.jar%23256!/:?]
	at TRANSFORMER/createqol@1.6.3-fix1/fr.iglee42.createqualityoflife.items.armors.ShadowRadianceArmorItem.getAppliedAttributes(ShadowRadianceArmorItem.java:173) ~[Create%20Quality%20of%20Life-1.21.1-1.6.3-fix1.jar%23256!/:?]
	at TRANSFORMER/createqol@1.6.3-fix1/fr.iglee42.createqualityoflife.utils.QOLConfigurableItem.modifyAttributes(QOLConfigurableItem.java:147) ~[Create%20Quality%20of%20Life-1.21.1-1.6.3-fix1.jar%23256!/:?]
	at MC-BOOTSTRAP/net.neoforged.bus/net.neoforged.bus.ConsumerEventHandler.invoke(ConsumerEventHandler.java:27) ~[bus-8.0.5.jar%2362!/:?]
	at MC-BOOTSTRAP/net.neoforged.bus/net.neoforged.bus.EventBus.post(EventBus.java:360) ~[bus-8.0.5.jar%2362!/:?]
	at MC-BOOTSTRAP/net.neoforged.bus/net.neoforged.bus.EventBus.post(EventBus.java:328) ~[bus-8.0.5.jar%2362!/:?]
	at TRANSFORMER/neoforge@21.1.250/net.neoforged.neoforge.common.CommonHooks.computeModifiedAttributes(CommonHooks.java:957) ~[neoforge-21.1.250-universal.jar%23231!/:?]
	at TRANSFORMER/neoforge@21.1.250/net.neoforged.neoforge.common.extensions.IItemStackExtension.getAttributeModifiers(IItemStackExtension.java:514) ~[neoforge-21.1.250-universal.jar%23231!/:?]
	at TRANSFORMER/minecolonies@1.1.1383-1.21.1-snapshot/com.minecolonies.api.util.ItemStackUtils.getItemStackAttributeValue(ItemStackUtils.java:1032) ~[minecolonies-1.1.1383-1.21.1-snapshot.jar%23308!/:1.1.1383-1.21.1-snapshot]
	at TRANSFORMER/minecolonies@1.1.1383-1.21.1-snapshot/com.minecolonies.api.util.ItemStackUtils.getArmorValue(ItemStackUtils.java:342) ~[minecolonies-1.1.1383-1.21.1-snapshot.jar%23308!/:1.1.1383-1.21.1-snapshot]
	at TRANSFORMER/minecolonies@1.1.1383-1.21.1-snapshot/com.minecolonies.api.util.ItemStackUtils.getArmorLevel(ItemStackUtils.java:314) ~[minecolonies-1.1.1383-1.21.1-snapshot.jar%23308!/:1.1.1383-1.21.1-snapshot]
	at TRANSFORMER/minecolonies@1.1.1383-1.21.1-snapshot/com.minecolonies.api.equipment.ModEquipmentTypes.initRegisterEquipmentTiers(ModEquipmentTypes.java:269) ~[minecolonies-1.1.1383-1.21.1-snapshot.jar%23308!/:1.1.1383-1.21.1-snapshot]
	at java.base/java.util.concurrent.CompletableFuture$AsyncRun.run(CompletableFuture.java:1804) ~[?:?]
	at MC-BOOTSTRAP/fml_loader@4.0.44/net.neoforged.fml.DeferredWorkQueue.lambda$makeRunnable$2(DeferredWorkQueue.java:67) ~[loader-4.0.44.jar%2359!/:4.0]
	at MC-BOOTSTRAP/fml_loader@4.0.44/net.neoforged.fml.DeferredWorkQueue.makeRunnable(DeferredWorkQueue.java:62) ~[loader-4.0.44.jar%2359!/:4.0]
	at MC-BOOTSTRAP/fml_loader@4.0.44/net.neoforged.fml.DeferredWorkQueue.lambda$runTasks$0(DeferredWorkQueue.java:47) ~[loader-4.0.44.jar%2359!/:4.0]
	at java.base/java.util.concurrent.ConcurrentLinkedDeque.forEach(ConcurrentLinkedDeque.java:1650) ~[?:?]
	at MC-BOOTSTRAP/fml_loader@4.0.44/net.neoforged.fml.DeferredWorkQueue.runTasks(DeferredWorkQueue.java:47) ~[loader-4.0.44.jar%2359!/:4.0]
	at java.base/java.util.concurrent.CompletableFuture$AsyncRun.run(CompletableFuture.java:1804) ~[?:?]
	at java.base/java.util.concurrent.ThreadPoolExecutor.runWorker(ThreadPoolExecutor.java:1144) ~[?:?]
	at java.base/java.util.concurrent.ThreadPoolExecutor$Worker.run(ThreadPoolExecutor.java:642) ~[?:?]
	at java.base/java.lang.Thread.run(Thread.java:1583) [?:?]
[13Sep2026 17:30:32.642] [modloading-sync-worker/ERROR] [net.neoforged.bus.EventBus/EVENTBUS]: Exception caught during firing event: Cannot get config value before config is loaded.
	Index: 0
	Listeners:
		0: fr.iglee42.createqualityoflife.CreateQOL$$Lambda/0x0000730155d32148@6111665
java.lang.IllegalStateException: Cannot get config value before config is loaded.
	at MC-BOOTSTRAP/com.google.common@32.1.2-jre/com.google.common.base.Preconditions.checkState(Preconditions.java:512)
	at TRANSFORMER/neoforge@21.1.250/net.neoforged.neoforge.common.ModConfigSpec$ConfigValue.getRaw(ModConfigSpec.java:1235)
	at TRANSFORMER/neoforge@21.1.250/net.neoforged.neoforge.common.ModConfigSpec$ConfigValue.get(ModConfigSpec.java:1222)
	at TRANSFORMER/ponder@1.0.82+mc1.21.1/net.createmod.catnip.config.ConfigBase$CValue.get(ConfigBase.java:128)
	at TRANSFORMER/createqol@1.6.3-fix1/fr.iglee42.createqualityoflife.utils.QOLConfigurableItem.appliesReach(QOLConfigurableItem.java:128)
	at TRANSFORMER/createqol@1.6.3-fix1/fr.iglee42.createqualityoflife.utils.QOLConfigurableItem.getAppliedAttributes(QOLConfigurableItem.java:136)
	at TRANSFORMER/createqol@1.6.3-fix1/fr.iglee42.createqualityoflife.utils.QOLConfigurableItem.modifyAttributes(QOLConfigurableItem.java:147)
	at MC-BOOTSTRAP/net.neoforged.bus/net.neoforged.bus.ConsumerEventHandler.invoke(ConsumerEventHandler.java:27)
	at MC-BOOTSTRAP/net.neoforged.bus/net.neoforged.bus.EventBus.post(EventBus.java:360)
	at MC-BOOTSTRAP/net.neoforged.bus/net.neoforged.bus.EventBus.post(EventBus.java:328)
	at TRANSFORMER/neoforge@21.1.250/net.neoforged.neoforge.common.CommonHooks.computeModifiedAttributes(CommonHooks.java:957)
	at TRANSFORMER/neoforge@21.1.250/net.neoforged.neoforge.common.extensions.IItemStackExtension.getAttributeModifiers(IItemStackExtension.java:514)
	at TRANSFORMER/minecolonies@1.1.1383-1.21.1-snapshot/com.minecolonies.api.util.ItemStackUtils.getItemStackAttributeValue(ItemStackUtils.java:1032)
	at TRANSFORMER/minecolonies@1.1.1383-1.21.1-snapshot/com.minecolonies.api.util.ItemStackUtils.getArmorValue(ItemStackUtils.java:341)
	at TRANSFORMER/minecolonies@1.1.1383-1.21.1-snapshot/com.minecolonies.api.util.ItemStackUtils.getArmorLevel(ItemStackUtils.java:314)
	at TRANSFORMER/minecolonies@1.1.1383-1.21.1-snapshot/com.minecolonies.api.equipment.ModEquipmentTypes.initRegisterEquipmentTiers(ModEquipmentTypes.java:269)
	at java.base/java.util.concurrent.CompletableFuture$AsyncRun.run(CompletableFuture.java:1804)
	at MC-BOOTSTRAP/fml_loader@4.0.44/net.neoforged.fml.DeferredWorkQueue.lambda$makeRunnable$2(DeferredWorkQueue.java:67)
	at MC-BOOTSTRAP/fml_loader@4.0.44/net.neoforged.fml.DeferredWorkQueue.makeRunnable(DeferredWorkQueue.java:62)
	at MC-BOOTSTRAP/fml_loader@4.0.44/net.neoforged.fml.DeferredWorkQueue.lambda$runTasks$0(DeferredWorkQueue.java:47)
	at java.base/java.util.concurrent.ConcurrentLinkedDeque.forEach(ConcurrentLinkedDeque.java:1650)
	at MC-BOOTSTRAP/fml_loader@4.0.44/net.neoforged.fml.DeferredWorkQueue.runTasks(DeferredWorkQueue.java:47)
	at java.base/java.util.concurrent.CompletableFuture$AsyncRun.run(CompletableFuture.java:1804)
	at java.base/java.util.concurrent.ThreadPoolExecutor.runWorker(ThreadPoolExecutor.java:1144)
	at java.base/java.util.concurrent.ThreadPoolExecutor$Worker.run(ThreadPoolExecutor.java:642)
	at java.base/java.lang.Thread.run(Thread.java:1583)

[13Sep2026 17:30:32.643] [modloading-sync-worker/WARN] [minecolonies/]: Could not get attribute value for 'attribute.name.generic.armor' on item 'item.createqol.refined_radiance_helmet'
java.lang.IllegalStateException: Cannot get config value before config is loaded.
	at MC-BOOTSTRAP/com.google.common@32.1.2-jre/com.google.common.base.Preconditions.checkState(Preconditions.java:512) ~[guava-32.1.2-jre.jar%2387!/:?]
	at TRANSFORMER/neoforge@21.1.250/net.neoforged.neoforge.common.ModConfigSpec$ConfigValue.getRaw(ModConfigSpec.java:1235) ~[neoforge-21.1.250-universal.jar%23231!/:?]
	at TRANSFORMER/neoforge@21.1.250/net.neoforged.neoforge.common.ModConfigSpec$ConfigValue.get(ModConfigSpec.java:1222) ~[neoforge-21.1.250-universal.jar%23231!/:?]
	at TRANSFORMER/ponder@1.0.82+mc1.21.1/net.createmod.catnip.config.ConfigBase$CValue.get(ConfigBase.java:128) ~[ponder-neoforge-1.0.82+mc1.21.1.jar%23540!/:1.0.82+mc1.21.1]
	at TRANSFORMER/createqol@1.6.3-fix1/fr.iglee42.createqualityoflife.utils.QOLConfigurableItem.appliesReach(QOLConfigurableItem.java:128) ~[Create%20Quality%20of%20Life-1.21.1-1.6.3-fix1.jar%23256!/:?]
	at TRANSFORMER/createqol@1.6.3-fix1/fr.iglee42.createqualityoflife.utils.QOLConfigurableItem.getAppliedAttributes(QOLConfigurableItem.java:136) ~[Create%20Quality%20of%20Life-1.21.1-1.6.3-fix1.jar%23256!/:?]
	at TRANSFORMER/createqol@1.6.3-fix1/fr.iglee42.createqualityoflife.utils.QOLConfigurableItem.modifyAttributes(QOLConfigurableItem.java:147) ~[Create%20Quality%20of%20Life-1.21.1-1.6.3-fix1.jar%23256!/:?]
	at MC-BOOTSTRAP/net.neoforged.bus/net.neoforged.bus.ConsumerEventHandler.invoke(ConsumerEventHandler.java:27) ~[bus-8.0.5.jar%2362!/:?]
	at MC-BOOTSTRAP/net.neoforged.bus/net.neoforged.bus.EventBus.post(EventBus.java:360) ~[bus-8.0.5.jar%2362!/:?]
	at MC-BOOTSTRAP/net.neoforged.bus/net.neoforged.bus.EventBus.post(EventBus.java:328) ~[bus-8.0.5.jar%2362!/:?]
	at TRANSFORMER/neoforge@21.1.250/net.neoforged.neoforge.common.CommonHooks.computeModifiedAttributes(CommonHooks.java:957) ~[neoforge-21.1.250-universal.jar%23231!/:?]
	at TRANSFORMER/neoforge@21.1.250/net.neoforged.neoforge.common.extensions.IItemStackExtension.getAttributeModifiers(IItemStackExtension.java:514) ~[neoforge-21.1.250-universal.jar%23231!/:?]
	at TRANSFORMER/minecolonies@1.1.1383-1.21.1-snapshot/com.minecolonies.api.util.ItemStackUtils.getItemStackAttributeValue(ItemStackUtils.java:1032) ~[minecolonies-1.1.1383-1.21.1-snapshot.jar%23308!/:1.1.1383-1.21.1-snapshot]
	at TRANSFORMER/minecolonies@1.1.1383-1.21.1-snapshot/com.minecolonies.api.util.ItemStackUtils.getArmorValue(ItemStackUtils.java:341) ~[minecolonies-1.1.1383-1.21.1-snapshot.jar%23308!/:1.1.1383-1.21.1-snapshot]
	at TRANSFORMER/minecolonies@1.1.1383-1.21.1-snapshot/com.minecolonies.api.util.ItemStackUtils.getArmorLevel(ItemStackUtils.java:314) ~[minecolonies-1.1.1383-1.21.1-snapshot.jar%23308!/:1.1.1383-1.21.1-snapshot]
	at TRANSFORMER/minecolonies@1.1.1383-1.21.1-snapshot/com.minecolonies.api.equipment.ModEquipmentTypes.initRegisterEquipmentTiers(ModEquipmentTypes.java:269) ~[minecolonies-1.1.1383-1.21.1-snapshot.jar%23308!/:1.1.1383-1.21.1-snapshot]
	at java.base/java.util.concurrent.CompletableFuture$AsyncRun.run(CompletableFuture.java:1804) ~[?:?]
	at MC-BOOTSTRAP/fml_loader@4.0.44/net.neoforged.fml.DeferredWorkQueue.lambda$makeRunnable$2(DeferredWorkQueue.java:67) ~[loader-4.0.44.jar%2359!/:4.0]
	at MC-BOOTSTRAP/fml_loader@4.0.44/net.neoforged.fml.DeferredWorkQueue.makeRunnable(DeferredWorkQueue.java:62) ~[loader-4.0.44.jar%2359!/:4.0]
	at MC-BOOTSTRAP/fml_loader@4.0.44/net.neoforged.fml.DeferredWorkQueue.lambda$runTasks$0(DeferredWorkQueue.java:47) ~[loader-4.0.44.jar%2359!/:4.0]
	at java.base/java.util.concurrent.ConcurrentLinkedDeque.forEach(ConcurrentLinkedDeque.java:1650) ~[?:?]
	at MC-BOOTSTRAP/fml_loader@4.0.44/net.neoforged.fml.DeferredWorkQueue.runTasks(DeferredWorkQueue.java:47) ~[loader-4.0.44.jar%2359!/:4.0]
	at java.base/java.util.concurrent.CompletableFuture$AsyncRun.run(CompletableFuture.java:1804) ~[?:?]
	at java.base/java.util.concurrent.ThreadPoolExecutor.runWorker(ThreadPoolExecutor.java:1144) ~[?:?]
	at java.base/java.util.concurrent.ThreadPoolExecutor$Worker.run(ThreadPoolExecutor.java:642) ~[?:?]
	at java.base/java.lang.Thread.run(Thread.java:1583) [?:?]
[13Sep2026 17:30:32.647] [modloading-sync-worker/ERROR] [net.neoforged.bus.EventBus/EVENTBUS]: Exception caught during firing event: Cannot get config value before config is loaded.
	Index: 0
	Listeners:
		0: fr.iglee42.createqualityoflife.CreateQOL$$Lambda/0x0000730155d32148@6111665
java.lang.IllegalStateException: Cannot get config value before config is loaded.
	at MC-BOOTSTRAP/com.google.common@32.1.2-jre/com.google.common.base.Preconditions.checkState(Preconditions.java:512)
	at TRANSFORMER/neoforge@21.1.250/net.neoforged.neoforge.common.ModConfigSpec$ConfigValue.getRaw(ModConfigSpec.java:1235)
	at TRANSFORMER/neoforge@21.1.250/net.neoforged.neoforge.common.ModConfigSpec$ConfigValue.get(ModConfigSpec.java:1222)
	at TRANSFORMER/ponder@1.0.82+mc1.21.1/net.createmod.catnip.config.ConfigBase$CValue.get(ConfigBase.java:128)
	at TRANSFORMER/createqol@1.6.3-fix1/fr.iglee42.createqualityoflife.utils.QOLConfigurableItem.appliesReach(QOLConfigurableItem.java:128)
	at TRANSFORMER/createqol@1.6.3-fix1/fr.iglee42.createqualityoflife.utils.QOLConfigurableItem.getAppliedAttributes(QOLConfigurableItem.java:136)
	at TRANSFORMER/createqol@1.6.3-fix1/fr.iglee42.createqualityoflife.utils.QOLConfigurableItem.modifyAttributes(QOLConfigurableItem.java:147)
	at MC-BOOTSTRAP/net.neoforged.bus/net.neoforged.bus.ConsumerEventHandler.invoke(ConsumerEventHandler.java:27)
	at MC-BOOTSTRAP/net.neoforged.bus/net.neoforged.bus.EventBus.post(EventBus.java:360)
	at MC-BOOTSTRAP/net.neoforged.bus/net.neoforged.bus.EventBus.post(EventBus.java:328)
	at TRANSFORMER/neoforge@21.1.250/net.neoforged.neoforge.common.CommonHooks.computeModifiedAttributes(CommonHooks.java:957)
	at TRANSFORMER/neoforge@21.1.250/net.neoforged.neoforge.common.extensions.IItemStackExtension.getAttributeModifiers(IItemStackExtension.java:514)
	at TRANSFORMER/minecolonies@1.1.1383-1.21.1-snapshot/com.minecolonies.api.util.ItemStackUtils.getItemStackAttributeValue(ItemStackUtils.java:1032)
	at TRANSFORMER/minecolonies@1.1.1383-1.21.1-snapshot/com.minecolonies.api.util.ItemStackUtils.getArmorValue(ItemStackUtils.java:342)
	at TRANSFORMER/minecolonies@1.1.1383-1.21.1-snapshot/com.minecolonies.api.util.ItemStackUtils.getArmorLevel(ItemStackUtils.java:314)
	at TRANSFORMER/minecolonies@1.1.1383-1.21.1-snapshot/com.minecolonies.api.equipment.ModEquipmentTypes.initRegisterEquipmentTiers(ModEquipmentTypes.java:269)
	at java.base/java.util.concurrent.CompletableFuture$AsyncRun.run(CompletableFuture.java:1804)
	at MC-BOOTSTRAP/fml_loader@4.0.44/net.neoforged.fml.DeferredWorkQueue.lambda$makeRunnable$2(DeferredWorkQueue.java:67)
	at MC-BOOTSTRAP/fml_loader@4.0.44/net.neoforged.fml.DeferredWorkQueue.makeRunnable(DeferredWorkQueue.java:62)
	at MC-BOOTSTRAP/fml_loader@4.0.44/net.neoforged.fml.DeferredWorkQueue.lambda$runTasks$0(DeferredWorkQueue.java:47)
	at java.base/java.util.concurrent.ConcurrentLinkedDeque.forEach(ConcurrentLinkedDeque.java:1650)
	at MC-BOOTSTRAP/fml_loader@4.0.44/net.neoforged.fml.DeferredWorkQueue.runTasks(DeferredWorkQueue.java:47)
	at java.base/java.util.concurrent.CompletableFuture$AsyncRun.run(CompletableFuture.java:1804)
	at java.base/java.util.concurrent.ThreadPoolExecutor.runWorker(ThreadPoolExecutor.java:1144)
	at java.base/java.util.concurrent.ThreadPoolExecutor$Worker.run(ThreadPoolExecutor.java:642)
	at java.base/java.lang.Thread.run(Thread.java:1583)

[13Sep2026 17:30:32.647] [modloading-sync-worker/WARN] [minecolonies/]: Could not get attribute value for 'attribute.name.generic.armor_toughness' on item 'item.createqol.refined_radiance_helmet'
java.lang.IllegalStateException: Cannot get config value before config is loaded.
	at MC-BOOTSTRAP/com.google.common@32.1.2-jre/com.google.common.base.Preconditions.checkState(Preconditions.java:512) ~[guava-32.1.2-jre.jar%2387!/:?]
	at TRANSFORMER/neoforge@21.1.250/net.neoforged.neoforge.common.ModConfigSpec$ConfigValue.getRaw(ModConfigSpec.java:1235) ~[neoforge-21.1.250-universal.jar%23231!/:?]
	at TRANSFORMER/neoforge@21.1.250/net.neoforged.neoforge.common.ModConfigSpec$ConfigValue.get(ModConfigSpec.java:1222) ~[neoforge-21.1.250-universal.jar%23231!/:?]
	at TRANSFORMER/ponder@1.0.82+mc1.21.1/net.createmod.catnip.config.ConfigBase$CValue.get(ConfigBase.java:128) ~[ponder-neoforge-1.0.82+mc1.21.1.jar%23540!/:1.0.82+mc1.21.1]
	at TRANSFORMER/createqol@1.6.3-fix1/fr.iglee42.createqualityoflife.utils.QOLConfigurableItem.appliesReach(QOLConfigurableItem.java:128) ~[Create%20Quality%20of%20Life-1.21.1-1.6.3-fix1.jar%23256!/:?]
	at TRANSFORMER/createqol@1.6.3-fix1/fr.iglee42.createqualityoflife.utils.QOLConfigurableItem.getAppliedAttributes(QOLConfigurableItem.java:136) ~[Create%20Quality%20of%20Life-1.21.1-1.6.3-fix1.jar%23256!/:?]
	at TRANSFORMER/createqol@1.6.3-fix1/fr.iglee42.createqualityoflife.utils.QOLConfigurableItem.modifyAttributes(QOLConfigurableItem.java:147) ~[Create%20Quality%20of%20Life-1.21.1-1.6.3-fix1.jar%23256!/:?]
	at MC-BOOTSTRAP/net.neoforged.bus/net.neoforged.bus.ConsumerEventHandler.invoke(ConsumerEventHandler.java:27) ~[bus-8.0.5.jar%2362!/:?]
	at MC-BOOTSTRAP/net.neoforged.bus/net.neoforged.bus.EventBus.post(EventBus.java:360) ~[bus-8.0.5.jar%2362!/:?]
	at MC-BOOTSTRAP/net.neoforged.bus/net.neoforged.bus.EventBus.post(EventBus.java:328) ~[bus-8.0.5.jar%2362!/:?]
	at TRANSFORMER/neoforge@21.1.250/net.neoforged.neoforge.common.CommonHooks.computeModifiedAttributes(CommonHooks.java:957) ~[neoforge-21.1.250-universal.jar%23231!/:?]
	at TRANSFORMER/neoforge@21.1.250/net.neoforged.neoforge.common.extensions.IItemStackExtension.getAttributeModifiers(IItemStackExtension.java:514) ~[neoforge-21.1.250-universal.jar%23231!/:?]
	at TRANSFORMER/minecolonies@1.1.1383-1.21.1-snapshot/com.minecolonies.api.util.ItemStackUtils.getItemStackAttributeValue(ItemStackUtils.java:1032) ~[minecolonies-1.1.1383-1.21.1-snapshot.jar%23308!/:1.1.1383-1.21.1-snapshot]
	at TRANSFORMER/minecolonies@1.1.1383-1.21.1-snapshot/com.minecolonies.api.util.ItemStackUtils.getArmorValue(ItemStackUtils.java:342) ~[minecolonies-1.1.1383-1.21.1-snapshot.jar%23308!/:1.1.1383-1.21.1-snapshot]
	at TRANSFORMER/minecolonies@1.1.1383-1.21.1-snapshot/com.minecolonies.api.util.ItemStackUtils.getArmorLevel(ItemStackUtils.java:314) ~[minecolonies-1.1.1383-1.21.1-snapshot.jar%23308!/:1.1.1383-1.21.1-snapshot]
	at TRANSFORMER/minecolonies@1.1.1383-1.21.1-snapshot/com.minecolonies.api.equipment.ModEquipmentTypes.initRegisterEquipmentTiers(ModEquipmentTypes.java:269) ~[minecolonies-1.1.1383-1.21.1-snapshot.jar%23308!/:1.1.1383-1.21.1-snapshot]
	at java.base/java.util.concurrent.CompletableFuture$AsyncRun.run(CompletableFuture.java:1804) ~[?:?]
	at MC-BOOTSTRAP/fml_loader@4.0.44/net.neoforged.fml.DeferredWorkQueue.lambda$makeRunnable$2(DeferredWorkQueue.java:67) ~[loader-4.0.44.jar%2359!/:4.0]
	at MC-BOOTSTRAP/fml_loader@4.0.44/net.neoforged.fml.DeferredWorkQueue.makeRunnable(DeferredWorkQueue.java:62) ~[loader-4.0.44.jar%2359!/:4.0]
	at MC-BOOTSTRAP/fml_loader@4.0.44/net.neoforged.fml.DeferredWorkQueue.lambda$runTasks$0(DeferredWorkQueue.java:47) ~[loader-4.0.44.jar%2359!/:4.0]
	at java.base/java.util.concurrent.ConcurrentLinkedDeque.forEach(ConcurrentLinkedDeque.java:1650) ~[?:?]
	at MC-BOOTSTRAP/fml_loader@4.0.44/net.neoforged.fml.DeferredWorkQueue.runTasks(DeferredWorkQueue.java:47) ~[loader-4.0.44.jar%2359!/:4.0]
	at java.base/java.util.concurrent.CompletableFuture$AsyncRun.run(CompletableFuture.java:1804) ~[?:?]
	at java.base/java.util.concurrent.ThreadPoolExecutor.runWorker(ThreadPoolExecutor.java:1144) ~[?:?]
	at java.base/java.util.concurrent.ThreadPoolExecutor$Worker.run(ThreadPoolExecutor.java:642) ~[?:?]
	at java.base/java.lang.Thread.run(Thread.java:1583) [?:?]
[13Sep2026 17:30:32.653] [modloading-sync-worker/ERROR] [net.neoforged.bus.EventBus/EVENTBUS]: Exception caught during firing event: Cannot get config value before config is loaded.
	Index: 0
	Listeners:
		0: fr.iglee42.createqualityoflife.CreateQOL$$Lambda/0x0000730155d32148@6111665
java.lang.IllegalStateException: Cannot get config value before config is loaded.
	at MC-BOOTSTRAP/com.google.common@32.1.2-jre/com.google.common.base.Preconditions.checkState(Preconditions.java:512)
	at TRANSFORMER/neoforge@21.1.250/net.neoforged.neoforge.common.ModConfigSpec$ConfigValue.getRaw(ModConfigSpec.java:1235)
	at TRANSFORMER/neoforge@21.1.250/net.neoforged.neoforge.common.ModConfigSpec$ConfigValue.get(ModConfigSpec.java:1222)
	at TRANSFORMER/ponder@1.0.82+mc1.21.1/net.createmod.catnip.config.ConfigBase$CValue.get(ConfigBase.java:128)
	at TRANSFORMER/createqol@1.6.3-fix1/fr.iglee42.createqualityoflife.utils.QOLConfigurableItem.appliesReach(QOLConfigurableItem.java:128)
	at TRANSFORMER/createqol@1.6.3-fix1/fr.iglee42.createqualityoflife.utils.QOLConfigurableItem.getAppliedAttributes(QOLConfigurableItem.java:136)
	at TRANSFORMER/createqol@1.6.3-fix1/fr.iglee42.createqualityoflife.utils.QOLConfigurableItem.modifyAttributes(QOLConfigurableItem.java:147)
	at MC-BOOTSTRAP/net.neoforged.bus/net.neoforged.bus.ConsumerEventHandler.invoke(ConsumerEventHandler.java:27)
	at MC-BOOTSTRAP/net.neoforged.bus/net.neoforged.bus.EventBus.post(EventBus.java:360)
	at MC-BOOTSTRAP/net.neoforged.bus/net.neoforged.bus.EventBus.post(EventBus.java:328)
	at TRANSFORMER/neoforge@21.1.250/net.neoforged.neoforge.common.CommonHooks.computeModifiedAttributes(CommonHooks.java:957)
	at TRANSFORMER/neoforge@21.1.250/net.neoforged.neoforge.common.extensions.IItemStackExtension.getAttributeModifiers(IItemStackExtension.java:514)
	at TRANSFORMER/minecolonies@1.1.1383-1.21.1-snapshot/com.minecolonies.api.util.ItemStackUtils.getItemStackAttributeValue(ItemStackUtils.java:1032)
	at TRANSFORMER/minecolonies@1.1.1383-1.21.1-snapshot/com.minecolonies.api.util.ItemStackUtils.getArmorValue(ItemStackUtils.java:341)
	at TRANSFORMER/minecolonies@1.1.1383-1.21.1-snapshot/com.minecolonies.api.util.ItemStackUtils.getArmorLevel(ItemStackUtils.java:314)
	at TRANSFORMER/minecolonies@1.1.1383-1.21.1-snapshot/com.minecolonies.api.equipment.ModEquipmentTypes.initRegisterEquipmentTiers(ModEquipmentTypes.java:269)
	at java.base/java.util.concurrent.CompletableFuture$AsyncRun.run(CompletableFuture.java:1804)
	at MC-BOOTSTRAP/fml_loader@4.0.44/net.neoforged.fml.DeferredWorkQueue.lambda$makeRunnable$2(DeferredWorkQueue.java:67)
	at MC-BOOTSTRAP/fml_loader@4.0.44/net.neoforged.fml.DeferredWorkQueue.makeRunnable(DeferredWorkQueue.java:62)
	at MC-BOOTSTRAP/fml_loader@4.0.44/net.neoforged.fml.DeferredWorkQueue.lambda$runTasks$0(DeferredWorkQueue.java:47)
	at java.base/java.util.concurrent.ConcurrentLinkedDeque.forEach(ConcurrentLinkedDeque.java:1650)
	at MC-BOOTSTRAP/fml_loader@4.0.44/net.neoforged.fml.DeferredWorkQueue.runTasks(DeferredWorkQueue.java:47)
	at java.base/java.util.concurrent.CompletableFuture$AsyncRun.run(CompletableFuture.java:1804)
	at java.base/java.util.concurrent.ThreadPoolExecutor.runWorker(ThreadPoolExecutor.java:1144)
	at java.base/java.util.concurrent.ThreadPoolExecutor$Worker.run(ThreadPoolExecutor.java:642)
	at java.base/java.lang.Thread.run(Thread.java:1583)

[13Sep2026 17:30:32.652] [NeoForge Version Check/INFO] [net.neoforged.fml.VersionChecker/]: [mr_create_glowstonedustrecipe] Found status: OUTDATED Current: 1 Target: 1+mod
[13Sep2026 17:30:32.653] [modloading-sync-worker/WARN] [minecolonies/]: Could not get attribute value for 'attribute.name.generic.armor' on item 'item.createqol.refined_radiance_chestplate'
java.lang.IllegalStateException: Cannot get config value before config is loaded.
	at MC-BOOTSTRAP/com.google.common@32.1.2-jre/com.google.common.base.Preconditions.checkState(Preconditions.java:512) ~[guava-32.1.2-jre.jar%2387!/:?]
	at TRANSFORMER/neoforge@21.1.250/net.neoforged.neoforge.common.ModConfigSpec$ConfigValue.getRaw(ModConfigSpec.java:1235) ~[neoforge-21.1.250-universal.jar%23231!/:?]
	at TRANSFORMER/neoforge@21.1.250/net.neoforged.neoforge.common.ModConfigSpec$ConfigValue.get(ModConfigSpec.java:1222) ~[neoforge-21.1.250-universal.jar%23231!/:?]
	at TRANSFORMER/ponder@1.0.82+mc1.21.1/net.createmod.catnip.config.ConfigBase$CValue.get(ConfigBase.java:128) ~[ponder-neoforge-1.0.82+mc1.21.1.jar%23540!/:1.0.82+mc1.21.1]
	at TRANSFORMER/createqol@1.6.3-fix1/fr.iglee42.createqualityoflife.utils.QOLConfigurableItem.appliesReach(QOLConfigurableItem.java:128) ~[Create%20Quality%20of%20Life-1.21.1-1.6.3-fix1.jar%23256!/:?]
	at TRANSFORMER/createqol@1.6.3-fix1/fr.iglee42.createqualityoflife.utils.QOLConfigurableItem.getAppliedAttributes(QOLConfigurableItem.java:136) ~[Create%20Quality%20of%20Life-1.21.1-1.6.3-fix1.jar%23256!/:?]
	at TRANSFORMER/createqol@1.6.3-fix1/fr.iglee42.createqualityoflife.utils.QOLConfigurableItem.modifyAttributes(QOLConfigurableItem.java:147) ~[Create%20Quality%20of%20Life-1.21.1-1.6.3-fix1.jar%23256!/:?]
	at MC-BOOTSTRAP/net.neoforged.bus/net.neoforged.bus.ConsumerEventHandler.invoke(ConsumerEventHandler.java:27) ~[bus-8.0.5.jar%2362!/:?]
	at MC-BOOTSTRAP/net.neoforged.bus/net.neoforged.bus.EventBus.post(EventBus.java:360) ~[bus-8.0.5.jar%2362!/:?]
	at MC-BOOTSTRAP/net.neoforged.bus/net.neoforged.bus.EventBus.post(EventBus.java:328) ~[bus-8.0.5.jar%2362!/:?]
	at TRANSFORMER/neoforge@21.1.250/net.neoforged.neoforge.common.CommonHooks.computeModifiedAttributes(CommonHooks.java:957) ~[neoforge-21.1.250-universal.jar%23231!/:?]
	at TRANSFORMER/neoforge@21.1.250/net.neoforged.neoforge.common.extensions.IItemStackExtension.getAttributeModifiers(IItemStackExtension.java:514) ~[neoforge-21.1.250-universal.jar%23231!/:?]
	at TRANSFORMER/minecolonies@1.1.1383-1.21.1-snapshot/com.minecolonies.api.util.ItemStackUtils.getItemStackAttributeValue(ItemStackUtils.java:1032) ~[minecolonies-1.1.1383-1.21.1-snapshot.jar%23308!/:1.1.1383-1.21.1-snapshot]
	at TRANSFORMER/minecolonies@1.1.1383-1.21.1-snapshot/com.minecolonies.api.util.ItemStackUtils.getArmorValue(ItemStackUtils.java:341) ~[minecolonies-1.1.1383-1.21.1-snapshot.jar%23308!/:1.1.1383-1.21.1-snapshot]
	at TRANSFORMER/minecolonies@1.1.1383-1.21.1-snapshot/com.minecolonies.api.util.ItemStackUtils.getArmorLevel(ItemStackUtils.java:314) ~[minecolonies-1.1.1383-1.21.1-snapshot.jar%23308!/:1.1.1383-1.21.1-snapshot]
	at TRANSFORMER/minecolonies@1.1.1383-1.21.1-snapshot/com.minecolonies.api.equipment.ModEquipmentTypes.initRegisterEquipmentTiers(ModEquipmentTypes.java:269) ~[minecolonies-1.1.1383-1.21.1-snapshot.jar%23308!/:1.1.1383-1.21.1-snapshot]
	at java.base/java.util.concurrent.CompletableFuture$AsyncRun.run(CompletableFuture.java:1804) ~[?:?]
	at MC-BOOTSTRAP/fml_loader@4.0.44/net.neoforged.fml.DeferredWorkQueue.lambda$makeRunnable$2(DeferredWorkQueue.java:67) ~[loader-4.0.44.jar%2359!/:4.0]
	at MC-BOOTSTRAP/fml_loader@4.0.44/net.neoforged.fml.DeferredWorkQueue.makeRunnable(DeferredWorkQueue.java:62) ~[loader-4.0.44.jar%2359!/:4.0]
	at MC-BOOTSTRAP/fml_loader@4.0.44/net.neoforged.fml.DeferredWorkQueue.lambda$runTasks$0(DeferredWorkQueue.java:47) ~[loader-4.0.44.jar%2359!/:4.0]
	at java.base/java.util.concurrent.ConcurrentLinkedDeque.forEach(ConcurrentLinkedDeque.java:1650) ~[?:?]
	at MC-BOOTSTRAP/fml_loader@4.0.44/net.neoforged.fml.DeferredWorkQueue.runTasks(DeferredWorkQueue.java:47) ~[loader-4.0.44.jar%2359!/:4.0]
	at java.base/java.util.concurrent.CompletableFuture$AsyncRun.run(CompletableFuture.java:1804) ~[?:?]
	at java.base/java.util.concurrent.ThreadPoolExecutor.runWorker(ThreadPoolExecutor.java:1144) ~[?:?]
	at java.base/java.util.concurrent.ThreadPoolExecutor$Worker.run(ThreadPoolExecutor.java:642) ~[?:?]
	at java.base/java.lang.Thread.run(Thread.java:1583) [?:?]
[13Sep2026 17:30:32.658] [NeoForge Version Check/INFO] [net.neoforged.fml.VersionChecker/]: [mr_netherrack_recipe] Starting version check at https://api.modrinth.com/updates/AO6B352P/forge_updates.json?neoforge=only
[13Sep2026 17:30:32.658] [modloading-sync-worker/ERROR] [net.neoforged.bus.EventBus/EVENTBUS]: Exception caught during firing event: Cannot get config value before config is loaded.
	Index: 0
	Listeners:
		0: fr.iglee42.createqualityoflife.CreateQOL$$Lambda/0x0000730155d32148@6111665
java.lang.IllegalStateException: Cannot get config value before config is loaded.
	at MC-BOOTSTRAP/com.google.common@32.1.2-jre/com.google.common.base.Preconditions.checkState(Preconditions.java:512)
	at TRANSFORMER/neoforge@21.1.250/net.neoforged.neoforge.common.ModConfigSpec$ConfigValue.getRaw(ModConfigSpec.java:1235)
	at TRANSFORMER/neoforge@21.1.250/net.neoforged.neoforge.common.ModConfigSpec$ConfigValue.get(ModConfigSpec.java:1222)
	at TRANSFORMER/ponder@1.0.82+mc1.21.1/net.createmod.catnip.config.ConfigBase$CValue.get(ConfigBase.java:128)
	at TRANSFORMER/createqol@1.6.3-fix1/fr.iglee42.createqualityoflife.utils.QOLConfigurableItem.appliesReach(QOLConfigurableItem.java:128)
	at TRANSFORMER/createqol@1.6.3-fix1/fr.iglee42.createqualityoflife.utils.QOLConfigurableItem.getAppliedAttributes(QOLConfigurableItem.java:136)
	at TRANSFORMER/createqol@1.6.3-fix1/fr.iglee42.createqualityoflife.utils.QOLConfigurableItem.modifyAttributes(QOLConfigurableItem.java:147)
	at MC-BOOTSTRAP/net.neoforged.bus/net.neoforged.bus.ConsumerEventHandler.invoke(ConsumerEventHandler.java:27)
	at MC-BOOTSTRAP/net.neoforged.bus/net.neoforged.bus.EventBus.post(EventBus.java:360)
	at MC-BOOTSTRAP/net.neoforged.bus/net.neoforged.bus.EventBus.post(EventBus.java:328)
	at TRANSFORMER/neoforge@21.1.250/net.neoforged.neoforge.common.CommonHooks.computeModifiedAttributes(CommonHooks.java:957)
	at TRANSFORMER/neoforge@21.1.250/net.neoforged.neoforge.common.extensions.IItemStackExtension.getAttributeModifiers(IItemStackExtension.java:514)
	at TRANSFORMER/minecolonies@1.1.1383-1.21.1-snapshot/com.minecolonies.api.util.ItemStackUtils.getItemStackAttributeValue(ItemStackUtils.java:1032)
	at TRANSFORMER/minecolonies@1.1.1383-1.21.1-snapshot/com.minecolonies.api.util.ItemStackUtils.getArmorValue(ItemStackUtils.java:342)
	at TRANSFORMER/minecolonies@1.1.1383-1.21.1-snapshot/com.minecolonies.api.util.ItemStackUtils.getArmorLevel(ItemStackUtils.java:314)
	at TRANSFORMER/minecolonies@1.1.1383-1.21.1-snapshot/com.minecolonies.api.equipment.ModEquipmentTypes.initRegisterEquipmentTiers(ModEquipmentTypes.java:269)
	at java.base/java.util.concurrent.CompletableFuture$AsyncRun.run(CompletableFuture.java:1804)
	at MC-BOOTSTRAP/fml_loader@4.0.44/net.neoforged.fml.DeferredWorkQueue.lambda$makeRunnable$2(DeferredWorkQueue.java:67)
	at MC-BOOTSTRAP/fml_loader@4.0.44/net.neoforged.fml.DeferredWorkQueue.makeRunnable(DeferredWorkQueue.java:62)
	at MC-BOOTSTRAP/fml_loader@4.0.44/net.neoforged.fml.DeferredWorkQueue.lambda$runTasks$0(DeferredWorkQueue.java:47)
	at java.base/java.util.concurrent.ConcurrentLinkedDeque.forEach(ConcurrentLinkedDeque.java:1650)
	at MC-BOOTSTRAP/fml_loader@4.0.44/net.neoforged.fml.DeferredWorkQueue.runTasks(DeferredWorkQueue.java:47)
	at java.base/java.util.concurrent.CompletableFuture$AsyncRun.run(CompletableFuture.java:1804)
	at java.base/java.util.concurrent.ThreadPoolExecutor.runWorker(ThreadPoolExecutor.java:1144)
	at java.base/java.util.concurrent.ThreadPoolExecutor$Worker.run(ThreadPoolExecutor.java:642)
	at java.base/java.lang.Thread.run(Thread.java:1583)

[13Sep2026 17:30:32.658] [modloading-sync-worker/WARN] [minecolonies/]: Could not get attribute value for 'attribute.name.generic.armor_toughness' on item 'item.createqol.refined_radiance_chestplate'
java.lang.IllegalStateException: Cannot get config value before config is loaded.
	at MC-BOOTSTRAP/com.google.common@32.1.2-jre/com.google.common.base.Preconditions.checkState(Preconditions.java:512) ~[guava-32.1.2-jre.jar%2387!/:?]
	at TRANSFORMER/neoforge@21.1.250/net.neoforged.neoforge.common.ModConfigSpec$ConfigValue.getRaw(ModConfigSpec.java:1235) ~[neoforge-21.1.250-universal.jar%23231!/:?]
	at TRANSFORMER/neoforge@21.1.250/net.neoforged.neoforge.common.ModConfigSpec$ConfigValue.get(ModConfigSpec.java:1222) ~[neoforge-21.1.250-universal.jar%23231!/:?]
	at TRANSFORMER/ponder@1.0.82+mc1.21.1/net.createmod.catnip.config.ConfigBase$CValue.get(ConfigBase.java:128) ~[ponder-neoforge-1.0.82+mc1.21.1.jar%23540!/:1.0.82+mc1.21.1]
	at TRANSFORMER/createqol@1.6.3-fix1/fr.iglee42.createqualityoflife.utils.QOLConfigurableItem.appliesReach(QOLConfigurableItem.java:128) ~[Create%20Quality%20of%20Life-1.21.1-1.6.3-fix1.jar%23256!/:?]
	at TRANSFORMER/createqol@1.6.3-fix1/fr.iglee42.createqualityoflife.utils.QOLConfigurableItem.getAppliedAttributes(QOLConfigurableItem.java:136) ~[Create%20Quality%20of%20Life-1.21.1-1.6.3-fix1.jar%23256!/:?]
	at TRANSFORMER/createqol@1.6.3-fix1/fr.iglee42.createqualityoflife.utils.QOLConfigurableItem.modifyAttributes(QOLConfigurableItem.java:147) ~[Create%20Quality%20of%20Life-1.21.1-1.6.3-fix1.jar%23256!/:?]
	at MC-BOOTSTRAP/net.neoforged.bus/net.neoforged.bus.ConsumerEventHandler.invoke(ConsumerEventHandler.java:27) ~[bus-8.0.5.jar%2362!/:?]
	at MC-BOOTSTRAP/net.neoforged.bus/net.neoforged.bus.EventBus.post(EventBus.java:360) ~[bus-8.0.5.jar%2362!/:?]
	at MC-BOOTSTRAP/net.neoforged.bus/net.neoforged.bus.EventBus.post(EventBus.java:328) ~[bus-8.0.5.jar%2362!/:?]
	at TRANSFORMER/neoforge@21.1.250/net.neoforged.neoforge.common.CommonHooks.computeModifiedAttributes(CommonHooks.java:957) ~[neoforge-21.1.250-universal.jar%23231!/:?]
	at TRANSFORMER/neoforge@21.1.250/net.neoforged.neoforge.common.extensions.IItemStackExtension.getAttributeModifiers(IItemStackExtension.java:514) ~[neoforge-21.1.250-universal.jar%23231!/:?]
	at TRANSFORMER/minecolonies@1.1.1383-1.21.1-snapshot/com.minecolonies.api.util.ItemStackUtils.getItemStackAttributeValue(ItemStackUtils.java:1032) ~[minecolonies-1.1.1383-1.21.1-snapshot.jar%23308!/:1.1.1383-1.21.1-snapshot]
	at TRANSFORMER/minecolonies@1.1.1383-1.21.1-snapshot/com.minecolonies.api.util.ItemStackUtils.getArmorValue(ItemStackUtils.java:342) ~[minecolonies-1.1.1383-1.21.1-snapshot.jar%23308!/:1.1.1383-1.21.1-snapshot]
	at TRANSFORMER/minecolonies@1.1.1383-1.21.1-snapshot/com.minecolonies.api.util.ItemStackUtils.getArmorLevel(ItemStackUtils.java:314) ~[minecolonies-1.1.1383-1.21.1-snapshot.jar%23308!/:1.1.1383-1.21.1-snapshot]
	at TRANSFORMER/minecolonies@1.1.1383-1.21.1-snapshot/com.minecolonies.api.equipment.ModEquipmentTypes.initRegisterEquipmentTiers(ModEquipmentTypes.java:269) ~[minecolonies-1.1.1383-1.21.1-snapshot.jar%23308!/:1.1.1383-1.21.1-snapshot]
	at java.base/java.util.concurrent.CompletableFuture$AsyncRun.run(CompletableFuture.java:1804) ~[?:?]
	at MC-BOOTSTRAP/fml_loader@4.0.44/net.neoforged.fml.DeferredWorkQueue.lambda$makeRunnable$2(DeferredWorkQueue.java:67) ~[loader-4.0.44.jar%2359!/:4.0]
	at MC-BOOTSTRAP/fml_loader@4.0.44/net.neoforged.fml.DeferredWorkQueue.makeRunnable(DeferredWorkQueue.java:62) ~[loader-4.0.44.jar%2359!/:4.0]
	at MC-BOOTSTRAP/fml_loader@4.0.44/net.neoforged.fml.DeferredWorkQueue.lambda$runTasks$0(DeferredWorkQueue.java:47) ~[loader-4.0.44.jar%2359!/:4.0]
	at java.base/java.util.concurrent.ConcurrentLinkedDeque.forEach(ConcurrentLinkedDeque.java:1650) ~[?:?]
	at MC-BOOTSTRAP/fml_loader@4.0.44/net.neoforged.fml.DeferredWorkQueue.runTasks(DeferredWorkQueue.java:47) ~[loader-4.0.44.jar%2359!/:4.0]
	at java.base/java.util.concurrent.CompletableFuture$AsyncRun.run(CompletableFuture.java:1804) ~[?:?]
	at java.base/java.util.concurrent.ThreadPoolExecutor.runWorker(ThreadPoolExecutor.java:1144) ~[?:?]
	at java.base/java.util.concurrent.ThreadPoolExecutor$Worker.run(ThreadPoolExecutor.java:642) ~[?:?]
	at java.base/java.lang.Thread.run(Thread.java:1583) [?:?]
[13Sep2026 17:30:32.663] [modloading-sync-worker/ERROR] [net.neoforged.bus.EventBus/EVENTBUS]: Exception caught during firing event: Cannot get config value before config is loaded.
	Index: 0
	Listeners:
		0: fr.iglee42.createqualityoflife.CreateQOL$$Lambda/0x0000730155d32148@6111665
java.lang.IllegalStateException: Cannot get config value before config is loaded.
	at MC-BOOTSTRAP/com.google.common@32.1.2-jre/com.google.common.base.Preconditions.checkState(Preconditions.java:512)
	at TRANSFORMER/neoforge@21.1.250/net.neoforged.neoforge.common.ModConfigSpec$ConfigValue.getRaw(ModConfigSpec.java:1235)
	at TRANSFORMER/neoforge@21.1.250/net.neoforged.neoforge.common.ModConfigSpec$ConfigValue.get(ModConfigSpec.java:1222)
	at TRANSFORMER/ponder@1.0.82+mc1.21.1/net.createmod.catnip.config.ConfigBase$CValue.get(ConfigBase.java:128)
	at TRANSFORMER/createqol@1.6.3-fix1/fr.iglee42.createqualityoflife.utils.QOLConfigurableItem.appliesReach(QOLConfigurableItem.java:128)
	at TRANSFORMER/createqol@1.6.3-fix1/fr.iglee42.createqualityoflife.utils.QOLConfigurableItem.getAppliedAttributes(QOLConfigurableItem.java:136)
	at TRANSFORMER/createqol@1.6.3-fix1/fr.iglee42.createqualityoflife.items.armors.RefinedRadianceArmorItem.getAppliedAttributes(RefinedRadianceArmorItem.java:135)
	at TRANSFORMER/createqol@1.6.3-fix1/fr.iglee42.createqualityoflife.utils.QOLConfigurableItem.modifyAttributes(QOLConfigurableItem.java:147)
	at MC-BOOTSTRAP/net.neoforged.bus/net.neoforged.bus.ConsumerEventHandler.invoke(ConsumerEventHandler.java:27)
	at MC-BOOTSTRAP/net.neoforged.bus/net.neoforged.bus.EventBus.post(EventBus.java:360)
	at MC-BOOTSTRAP/net.neoforged.bus/net.neoforged.bus.EventBus.post(EventBus.java:328)
	at TRANSFORMER/neoforge@21.1.250/net.neoforged.neoforge.common.CommonHooks.computeModifiedAttributes(CommonHooks.java:957)
	at TRANSFORMER/neoforge@21.1.250/net.neoforged.neoforge.common.extensions.IItemStackExtension.getAttributeModifiers(IItemStackExtension.java:514)
	at TRANSFORMER/minecolonies@1.1.1383-1.21.1-snapshot/com.minecolonies.api.util.ItemStackUtils.getItemStackAttributeValue(ItemStackUtils.java:1032)
	at TRANSFORMER/minecolonies@1.1.1383-1.21.1-snapshot/com.minecolonies.api.util.ItemStackUtils.getArmorValue(ItemStackUtils.java:341)
	at TRANSFORMER/minecolonies@1.1.1383-1.21.1-snapshot/com.minecolonies.api.util.ItemStackUtils.getArmorLevel(ItemStackUtils.java:314)
	at TRANSFORMER/minecolonies@1.1.1383-1.21.1-snapshot/com.minecolonies.api.equipment.ModEquipmentTypes.initRegisterEquipmentTiers(ModEquipmentTypes.java:269)
	at java.base/java.util.concurrent.CompletableFuture$AsyncRun.run(CompletableFuture.java:1804)
	at MC-BOOTSTRAP/fml_loader@4.0.44/net.neoforged.fml.DeferredWorkQueue.lambda$makeRunnable$2(DeferredWorkQueue.java:67)
	at MC-BOOTSTRAP/fml_loader@4.0.44/net.neoforged.fml.DeferredWorkQueue.makeRunnable(DeferredWorkQueue.java:62)
	at MC-BOOTSTRAP/fml_loader@4.0.44/net.neoforged.fml.DeferredWorkQueue.lambda$runTasks$0(DeferredWorkQueue.java:47)
	at java.base/java.util.concurrent.ConcurrentLinkedDeque.forEach(ConcurrentLinkedDeque.java:1650)
	at MC-BOOTSTRAP/fml_loader@4.0.44/net.neoforged.fml.DeferredWorkQueue.runTasks(DeferredWorkQueue.java:47)
	at java.base/java.util.concurrent.CompletableFuture$AsyncRun.run(CompletableFuture.java:1804)
	at java.base/java.util.concurrent.ThreadPoolExecutor.runWorker(ThreadPoolExecutor.java:1144)
	at java.base/java.util.concurrent.ThreadPoolExecutor$Worker.run(ThreadPoolExecutor.java:642)
	at java.base/java.lang.Thread.run(Thread.java:1583)

[13Sep2026 17:30:32.663] [modloading-sync-worker/WARN] [minecolonies/]: Could not get attribute value for 'attribute.name.generic.armor' on item 'item.createqol.refined_radiance_leggings'
java.lang.IllegalStateException: Cannot get config value before config is loaded.
	at MC-BOOTSTRAP/com.google.common@32.1.2-jre/com.google.common.base.Preconditions.checkState(Preconditions.java:512) ~[guava-32.1.2-jre.jar%2387!/:?]
	at TRANSFORMER/neoforge@21.1.250/net.neoforged.neoforge.common.ModConfigSpec$ConfigValue.getRaw(ModConfigSpec.java:1235) ~[neoforge-21.1.250-universal.jar%23231!/:?]
	at TRANSFORMER/neoforge@21.1.250/net.neoforged.neoforge.common.ModConfigSpec$ConfigValue.get(ModConfigSpec.java:1222) ~[neoforge-21.1.250-universal.jar%23231!/:?]
	at TRANSFORMER/ponder@1.0.82+mc1.21.1/net.createmod.catnip.config.ConfigBase$CValue.get(ConfigBase.java:128) ~[ponder-neoforge-1.0.82+mc1.21.1.jar%23540!/:1.0.82+mc1.21.1]
	at TRANSFORMER/createqol@1.6.3-fix1/fr.iglee42.createqualityoflife.utils.QOLConfigurableItem.appliesReach(QOLConfigurableItem.java:128) ~[Create%20Quality%20of%20Life-1.21.1-1.6.3-fix1.jar%23256!/:?]
	at TRANSFORMER/createqol@1.6.3-fix1/fr.iglee42.createqualityoflife.utils.QOLConfigurableItem.getAppliedAttributes(QOLConfigurableItem.java:136) ~[Create%20Quality%20of%20Life-1.21.1-1.6.3-fix1.jar%23256!/:?]
	at TRANSFORMER/createqol@1.6.3-fix1/fr.iglee42.createqualityoflife.items.armors.RefinedRadianceArmorItem.getAppliedAttributes(RefinedRadianceArmorItem.java:135) ~[Create%20Quality%20of%20Life-1.21.1-1.6.3-fix1.jar%23256!/:?]
	at TRANSFORMER/createqol@1.6.3-fix1/fr.iglee42.createqualityoflife.utils.QOLConfigurableItem.modifyAttributes(QOLConfigurableItem.java:147) ~[Create%20Quality%20of%20Life-1.21.1-1.6.3-fix1.jar%23256!/:?]
	at MC-BOOTSTRAP/net.neoforged.bus/net.neoforged.bus.ConsumerEventHandler.invoke(ConsumerEventHandler.java:27) ~[bus-8.0.5.jar%2362!/:?]
	at MC-BOOTSTRAP/net.neoforged.bus/net.neoforged.bus.EventBus.post(EventBus.java:360) ~[bus-8.0.5.jar%2362!/:?]
	at MC-BOOTSTRAP/net.neoforged.bus/net.neoforged.bus.EventBus.post(EventBus.java:328) ~[bus-8.0.5.jar%2362!/:?]
	at TRANSFORMER/neoforge@21.1.250/net.neoforged.neoforge.common.CommonHooks.computeModifiedAttributes(CommonHooks.java:957) ~[neoforge-21.1.250-universal.jar%23231!/:?]
	at TRANSFORMER/neoforge@21.1.250/net.neoforged.neoforge.common.extensions.IItemStackExtension.getAttributeModifiers(IItemStackExtension.java:514) ~[neoforge-21.1.250-universal.jar%23231!/:?]
	at TRANSFORMER/minecolonies@1.1.1383-1.21.1-snapshot/com.minecolonies.api.util.ItemStackUtils.getItemStackAttributeValue(ItemStackUtils.java:1032) ~[minecolonies-1.1.1383-1.21.1-snapshot.jar%23308!/:1.1.1383-1.21.1-snapshot]
	at TRANSFORMER/minecolonies@1.1.1383-1.21.1-snapshot/com.minecolonies.api.util.ItemStackUtils.getArmorValue(ItemStackUtils.java:341) ~[minecolonies-1.1.1383-1.21.1-snapshot.jar%23308!/:1.1.1383-1.21.1-snapshot]
	at TRANSFORMER/minecolonies@1.1.1383-1.21.1-snapshot/com.minecolonies.api.util.ItemStackUtils.getArmorLevel(ItemStackUtils.java:314) ~[minecolonies-1.1.1383-1.21.1-snapshot.jar%23308!/:1.1.1383-1.21.1-snapshot]
	at TRANSFORMER/minecolonies@1.1.1383-1.21.1-snapshot/com.minecolonies.api.equipment.ModEquipmentTypes.initRegisterEquipmentTiers(ModEquipmentTypes.java:269) ~[minecolonies-1.1.1383-1.21.1-snapshot.jar%23308!/:1.1.1383-1.21.1-snapshot]
	at java.base/java.util.concurrent.CompletableFuture$AsyncRun.run(CompletableFuture.java:1804) ~[?:?]
	at MC-BOOTSTRAP/fml_loader@4.0.44/net.neoforged.fml.DeferredWorkQueue.lambda$makeRunnable$2(DeferredWorkQueue.java:67) ~[loader-4.0.44.jar%2359!/:4.0]
	at MC-BOOTSTRAP/fml_loader@4.0.44/net.neoforged.fml.DeferredWorkQueue.makeRunnable(DeferredWorkQueue.java:62) ~[loader-4.0.44.jar%2359!/:4.0]
	at MC-BOOTSTRAP/fml_loader@4.0.44/net.neoforged.fml.DeferredWorkQueue.lambda$runTasks$0(DeferredWorkQueue.java:47) ~[loader-4.0.44.jar%2359!/:4.0]
	at java.base/java.util.concurrent.ConcurrentLinkedDeque.forEach(ConcurrentLinkedDeque.java:1650) ~[?:?]
	at MC-BOOTSTRAP/fml_loader@4.0.44/net.neoforged.fml.DeferredWorkQueue.runTasks(DeferredWorkQueue.java:47) ~[loader-4.0.44.jar%2359!/:4.0]
	at java.base/java.util.concurrent.CompletableFuture$AsyncRun.run(CompletableFuture.java:1804) ~[?:?]
	at java.base/java.util.concurrent.ThreadPoolExecutor.runWorker(ThreadPoolExecutor.java:1144) ~[?:?]
	at java.base/java.util.concurrent.ThreadPoolExecutor$Worker.run(ThreadPoolExecutor.java:642) ~[?:?]
	at java.base/java.lang.Thread.run(Thread.java:1583) [?:?]
[13Sep2026 17:30:32.667] [modloading-sync-worker/ERROR] [net.neoforged.bus.EventBus/EVENTBUS]: Exception caught during firing event: Cannot get config value before config is loaded.
	Index: 0
	Listeners:
		0: fr.iglee42.createqualityoflife.CreateQOL$$Lambda/0x0000730155d32148@6111665
java.lang.IllegalStateException: Cannot get config value before config is loaded.
	at MC-BOOTSTRAP/com.google.common@32.1.2-jre/com.google.common.base.Preconditions.checkState(Preconditions.java:512)
	at TRANSFORMER/neoforge@21.1.250/net.neoforged.neoforge.common.ModConfigSpec$ConfigValue.getRaw(ModConfigSpec.java:1235)
	at TRANSFORMER/neoforge@21.1.250/net.neoforged.neoforge.common.ModConfigSpec$ConfigValue.get(ModConfigSpec.java:1222)
	at TRANSFORMER/ponder@1.0.82+mc1.21.1/net.createmod.catnip.config.ConfigBase$CValue.get(ConfigBase.java:128)
	at TRANSFORMER/createqol@1.6.3-fix1/fr.iglee42.createqualityoflife.utils.QOLConfigurableItem.appliesReach(QOLConfigurableItem.java:128)
	at TRANSFORMER/createqol@1.6.3-fix1/fr.iglee42.createqualityoflife.utils.QOLConfigurableItem.getAppliedAttributes(QOLConfigurableItem.java:136)
	at TRANSFORMER/createqol@1.6.3-fix1/fr.iglee42.createqualityoflife.items.armors.RefinedRadianceArmorItem.getAppliedAttributes(RefinedRadianceArmorItem.java:135)
	at TRANSFORMER/createqol@1.6.3-fix1/fr.iglee42.createqualityoflife.utils.QOLConfigurableItem.modifyAttributes(QOLConfigurableItem.java:147)
	at MC-BOOTSTRAP/net.neoforged.bus/net.neoforged.bus.ConsumerEventHandler.invoke(ConsumerEventHandler.java:27)
	at MC-BOOTSTRAP/net.neoforged.bus/net.neoforged.bus.EventBus.post(EventBus.java:360)
	at MC-BOOTSTRAP/net.neoforged.bus/net.neoforged.bus.EventBus.post(EventBus.java:328)
	at TRANSFORMER/neoforge@21.1.250/net.neoforged.neoforge.common.CommonHooks.computeModifiedAttributes(CommonHooks.java:957)
	at TRANSFORMER/neoforge@21.1.250/net.neoforged.neoforge.common.extensions.IItemStackExtension.getAttributeModifiers(IItemStackExtension.java:514)
	at TRANSFORMER/minecolonies@1.1.1383-1.21.1-snapshot/com.minecolonies.api.util.ItemStackUtils.getItemStackAttributeValue(ItemStackUtils.java:1032)
	at TRANSFORMER/minecolonies@1.1.1383-1.21.1-snapshot/com.minecolonies.api.util.ItemStackUtils.getArmorValue(ItemStackUtils.java:342)
	at TRANSFORMER/minecolonies@1.1.1383-1.21.1-snapshot/com.minecolonies.api.util.ItemStackUtils.getArmorLevel(ItemStackUtils.java:314)
	at TRANSFORMER/minecolonies@1.1.1383-1.21.1-snapshot/com.minecolonies.api.equipment.ModEquipmentTypes.initRegisterEquipmentTiers(ModEquipmentTypes.java:269)
	at java.base/java.util.concurrent.CompletableFuture$AsyncRun.run(CompletableFuture.java:1804)
	at MC-BOOTSTRAP/fml_loader@4.0.44/net.neoforged.fml.DeferredWorkQueue.lambda$makeRunnable$2(DeferredWorkQueue.java:67)
	at MC-BOOTSTRAP/fml_loader@4.0.44/net.neoforged.fml.DeferredWorkQueue.makeRunnable(DeferredWorkQueue.java:62)
	at MC-BOOTSTRAP/fml_loader@4.0.44/net.neoforged.fml.DeferredWorkQueue.lambda$runTasks$0(DeferredWorkQueue.java:47)
	at java.base/java.util.concurrent.ConcurrentLinkedDeque.forEach(ConcurrentLinkedDeque.java:1650)
	at MC-BOOTSTRAP/fml_loader@4.0.44/net.neoforged.fml.DeferredWorkQueue.runTasks(DeferredWorkQueue.java:47)
	at java.base/java.util.concurrent.CompletableFuture$AsyncRun.run(CompletableFuture.java:1804)
	at java.base/java.util.concurrent.ThreadPoolExecutor.runWorker(ThreadPoolExecutor.java:1144)
	at java.base/java.util.concurrent.ThreadPoolExecutor$Worker.run(ThreadPoolExecutor.java:642)
	at java.base/java.lang.Thread.run(Thread.java:1583)

[13Sep2026 17:30:32.668] [modloading-sync-worker/WARN] [minecolonies/]: Could not get attribute value for 'attribute.name.generic.armor_toughness' on item 'item.createqol.refined_radiance_leggings'
java.lang.IllegalStateException: Cannot get config value before config is loaded.
	at MC-BOOTSTRAP/com.google.common@32.1.2-jre/com.google.common.base.Preconditions.checkState(Preconditions.java:512) ~[guava-32.1.2-jre.jar%2387!/:?]
	at TRANSFORMER/neoforge@21.1.250/net.neoforged.neoforge.common.ModConfigSpec$ConfigValue.getRaw(ModConfigSpec.java:1235) ~[neoforge-21.1.250-universal.jar%23231!/:?]
	at TRANSFORMER/neoforge@21.1.250/net.neoforged.neoforge.common.ModConfigSpec$ConfigValue.get(ModConfigSpec.java:1222) ~[neoforge-21.1.250-universal.jar%23231!/:?]
	at TRANSFORMER/ponder@1.0.82+mc1.21.1/net.createmod.catnip.config.ConfigBase$CValue.get(ConfigBase.java:128) ~[ponder-neoforge-1.0.82+mc1.21.1.jar%23540!/:1.0.82+mc1.21.1]
	at TRANSFORMER/createqol@1.6.3-fix1/fr.iglee42.createqualityoflife.utils.QOLConfigurableItem.appliesReach(QOLConfigurableItem.java:128) ~[Create%20Quality%20of%20Life-1.21.1-1.6.3-fix1.jar%23256!/:?]
	at TRANSFORMER/createqol@1.6.3-fix1/fr.iglee42.createqualityoflife.utils.QOLConfigurableItem.getAppliedAttributes(QOLConfigurableItem.java:136) ~[Create%20Quality%20of%20Life-1.21.1-1.6.3-fix1.jar%23256!/:?]
	at TRANSFORMER/createqol@1.6.3-fix1/fr.iglee42.createqualityoflife.items.armors.RefinedRadianceArmorItem.getAppliedAttributes(RefinedRadianceArmorItem.java:135) ~[Create%20Quality%20of%20Life-1.21.1-1.6.3-fix1.jar%23256!/:?]
	at TRANSFORMER/createqol@1.6.3-fix1/fr.iglee42.createqualityoflife.utils.QOLConfigurableItem.modifyAttributes(QOLConfigurableItem.java:147) ~[Create%20Quality%20of%20Life-1.21.1-1.6.3-fix1.jar%23256!/:?]
	at MC-BOOTSTRAP/net.neoforged.bus/net.neoforged.bus.ConsumerEventHandler.invoke(ConsumerEventHandler.java:27) ~[bus-8.0.5.jar%2362!/:?]
	at MC-BOOTSTRAP/net.neoforged.bus/net.neoforged.bus.EventBus.post(EventBus.java:360) ~[bus-8.0.5.jar%2362!/:?]
	at MC-BOOTSTRAP/net.neoforged.bus/net.neoforged.bus.EventBus.post(EventBus.java:328) ~[bus-8.0.5.jar%2362!/:?]
	at TRANSFORMER/neoforge@21.1.250/net.neoforged.neoforge.common.CommonHooks.computeModifiedAttributes(CommonHooks.java:957) ~[neoforge-21.1.250-universal.jar%23231!/:?]
	at TRANSFORMER/neoforge@21.1.250/net.neoforged.neoforge.common.extensions.IItemStackExtension.getAttributeModifiers(IItemStackExtension.java:514) ~[neoforge-21.1.250-universal.jar%23231!/:?]
	at TRANSFORMER/minecolonies@1.1.1383-1.21.1-snapshot/com.minecolonies.api.util.ItemStackUtils.getItemStackAttributeValue(ItemStackUtils.java:1032) ~[minecolonies-1.1.1383-1.21.1-snapshot.jar%23308!/:1.1.1383-1.21.1-snapshot]
	at TRANSFORMER/minecolonies@1.1.1383-1.21.1-snapshot/com.minecolonies.api.util.ItemStackUtils.getArmorValue(ItemStackUtils.java:342) ~[minecolonies-1.1.1383-1.21.1-snapshot.jar%23308!/:1.1.1383-1.21.1-snapshot]
	at TRANSFORMER/minecolonies@1.1.1383-1.21.1-snapshot/com.minecolonies.api.util.ItemStackUtils.getArmorLevel(ItemStackUtils.java:314) ~[minecolonies-1.1.1383-1.21.1-snapshot.jar%23308!/:1.1.1383-1.21.1-snapshot]
	at TRANSFORMER/minecolonies@1.1.1383-1.21.1-snapshot/com.minecolonies.api.equipment.ModEquipmentTypes.initRegisterEquipmentTiers(ModEquipmentTypes.java:269) ~[minecolonies-1.1.1383-1.21.1-snapshot.jar%23308!/:1.1.1383-1.21.1-snapshot]
	at java.base/java.util.concurrent.CompletableFuture$AsyncRun.run(CompletableFuture.java:1804) ~[?:?]
	at MC-BOOTSTRAP/fml_loader@4.0.44/net.neoforged.fml.DeferredWorkQueue.lambda$makeRunnable$2(DeferredWorkQueue.java:67) ~[loader-4.0.44.jar%2359!/:4.0]
	at MC-BOOTSTRAP/fml_loader@4.0.44/net.neoforged.fml.DeferredWorkQueue.makeRunnable(DeferredWorkQueue.java:62) ~[loader-4.0.44.jar%2359!/:4.0]
	at MC-BOOTSTRAP/fml_loader@4.0.44/net.neoforged.fml.DeferredWorkQueue.lambda$runTasks$0(DeferredWorkQueue.java:47) ~[loader-4.0.44.jar%2359!/:4.0]
	at java.base/java.util.concurrent.ConcurrentLinkedDeque.forEach(ConcurrentLinkedDeque.java:1650) ~[?:?]
	at MC-BOOTSTRAP/fml_loader@4.0.44/net.neoforged.fml.DeferredWorkQueue.runTasks(DeferredWorkQueue.java:47) ~[loader-4.0.44.jar%2359!/:4.0]
	at java.base/java.util.concurrent.CompletableFuture$AsyncRun.run(CompletableFuture.java:1804) ~[?:?]
	at java.base/java.util.concurrent.ThreadPoolExecutor.runWorker(ThreadPoolExecutor.java:1144) ~[?:?]
	at java.base/java.util.concurrent.ThreadPoolExecutor$Worker.run(ThreadPoolExecutor.java:642) ~[?:?]
	at java.base/java.lang.Thread.run(Thread.java:1583) [?:?]
[13Sep2026 17:30:32.673] [modloading-sync-worker/ERROR] [net.neoforged.bus.EventBus/EVENTBUS]: Exception caught during firing event: Cannot get config value before config is loaded.
	Index: 0
	Listeners:
		0: fr.iglee42.createqualityoflife.CreateQOL$$Lambda/0x0000730155d32148@6111665
java.lang.IllegalStateException: Cannot get config value before config is loaded.
	at MC-BOOTSTRAP/com.google.common@32.1.2-jre/com.google.common.base.Preconditions.checkState(Preconditions.java:512)
	at TRANSFORMER/neoforge@21.1.250/net.neoforged.neoforge.common.ModConfigSpec$ConfigValue.getRaw(ModConfigSpec.java:1235)
	at TRANSFORMER/neoforge@21.1.250/net.neoforged.neoforge.common.ModConfigSpec$ConfigValue.get(ModConfigSpec.java:1222)
	at TRANSFORMER/ponder@1.0.82+mc1.21.1/net.createmod.catnip.config.ConfigBase$CValue.get(ConfigBase.java:128)
	at TRANSFORMER/createqol@1.6.3-fix1/fr.iglee42.createqualityoflife.utils.QOLConfigurableItem.appliesReach(QOLConfigurableItem.java:128)
	at TRANSFORMER/createqol@1.6.3-fix1/fr.iglee42.createqualityoflife.utils.QOLConfigurableItem.getAppliedAttributes(QOLConfigurableItem.java:136)
	at TRANSFORMER/createqol@1.6.3-fix1/fr.iglee42.createqualityoflife.items.armors.RefinedRadianceArmorItem.getAppliedAttributes(RefinedRadianceArmorItem.java:139)
	at TRANSFORMER/createqol@1.6.3-fix1/fr.iglee42.createqualityoflife.utils.QOLConfigurableItem.modifyAttributes(QOLConfigurableItem.java:147)
	at MC-BOOTSTRAP/net.neoforged.bus/net.neoforged.bus.ConsumerEventHandler.invoke(ConsumerEventHandler.java:27)
	at MC-BOOTSTRAP/net.neoforged.bus/net.neoforged.bus.EventBus.post(EventBus.java:360)
	at MC-BOOTSTRAP/net.neoforged.bus/net.neoforged.bus.EventBus.post(EventBus.java:328)
	at TRANSFORMER/neoforge@21.1.250/net.neoforged.neoforge.common.CommonHooks.computeModifiedAttributes(CommonHooks.java:957)
	at TRANSFORMER/neoforge@21.1.250/net.neoforged.neoforge.common.extensions.IItemStackExtension.getAttributeModifiers(IItemStackExtension.java:514)
	at TRANSFORMER/minecolonies@1.1.1383-1.21.1-snapshot/com.minecolonies.api.util.ItemStackUtils.getItemStackAttributeValue(ItemStackUtils.java:1032)
	at TRANSFORMER/minecolonies@1.1.1383-1.21.1-snapshot/com.minecolonies.api.util.ItemStackUtils.getArmorValue(ItemStackUtils.java:341)
	at TRANSFORMER/minecolonies@1.1.1383-1.21.1-snapshot/com.minecolonies.api.util.ItemStackUtils.getArmorLevel(ItemStackUtils.java:314)
	at TRANSFORMER/minecolonies@1.1.1383-1.21.1-snapshot/com.minecolonies.api.equipment.ModEquipmentTypes.initRegisterEquipmentTiers(ModEquipmentTypes.java:269)
	at java.base/java.util.concurrent.CompletableFuture$AsyncRun.run(CompletableFuture.java:1804)
	at MC-BOOTSTRAP/fml_loader@4.0.44/net.neoforged.fml.DeferredWorkQueue.lambda$makeRunnable$2(DeferredWorkQueue.java:67)
	at MC-BOOTSTRAP/fml_loader@4.0.44/net.neoforged.fml.DeferredWorkQueue.makeRunnable(DeferredWorkQueue.java:62)
	at MC-BOOTSTRAP/fml_loader@4.0.44/net.neoforged.fml.DeferredWorkQueue.lambda$runTasks$0(DeferredWorkQueue.java:47)
	at java.base/java.util.concurrent.ConcurrentLinkedDeque.forEach(ConcurrentLinkedDeque.java:1650)
	at MC-BOOTSTRAP/fml_loader@4.0.44/net.neoforged.fml.DeferredWorkQueue.runTasks(DeferredWorkQueue.java:47)
	at java.base/java.util.concurrent.CompletableFuture$AsyncRun.run(CompletableFuture.java:1804)
	at java.base/java.util.concurrent.ThreadPoolExecutor.runWorker(ThreadPoolExecutor.java:1144)
	at java.base/java.util.concurrent.ThreadPoolExecutor$Worker.run(ThreadPoolExecutor.java:642)
	at java.base/java.lang.Thread.run(Thread.java:1583)

[13Sep2026 17:30:32.674] [modloading-sync-worker/WARN] [minecolonies/]: Could not get attribute value for 'attribute.name.generic.armor' on item 'item.createqol.refined_radiance_boots'
java.lang.IllegalStateException: Cannot get config value before config is loaded.
	at MC-BOOTSTRAP/com.google.common@32.1.2-jre/com.google.common.base.Preconditions.checkState(Preconditions.java:512) ~[guava-32.1.2-jre.jar%2387!/:?]
	at TRANSFORMER/neoforge@21.1.250/net.neoforged.neoforge.common.ModConfigSpec$ConfigValue.getRaw(ModConfigSpec.java:1235) ~[neoforge-21.1.250-universal.jar%23231!/:?]
	at TRANSFORMER/neoforge@21.1.250/net.neoforged.neoforge.common.ModConfigSpec$ConfigValue.get(ModConfigSpec.java:1222) ~[neoforge-21.1.250-universal.jar%23231!/:?]
	at TRANSFORMER/ponder@1.0.82+mc1.21.1/net.createmod.catnip.config.ConfigBase$CValue.get(ConfigBase.java:128) ~[ponder-neoforge-1.0.82+mc1.21.1.jar%23540!/:1.0.82+mc1.21.1]
	at TRANSFORMER/createqol@1.6.3-fix1/fr.iglee42.createqualityoflife.utils.QOLConfigurableItem.appliesReach(QOLConfigurableItem.java:128) ~[Create%20Quality%20of%20Life-1.21.1-1.6.3-fix1.jar%23256!/:?]
	at TRANSFORMER/createqol@1.6.3-fix1/fr.iglee42.createqualityoflife.utils.QOLConfigurableItem.getAppliedAttributes(QOLConfigurableItem.java:136) ~[Create%20Quality%20of%20Life-1.21.1-1.6.3-fix1.jar%23256!/:?]
	at TRANSFORMER/createqol@1.6.3-fix1/fr.iglee42.createqualityoflife.items.armors.RefinedRadianceArmorItem.getAppliedAttributes(RefinedRadianceArmorItem.java:139) ~[Create%20Quality%20of%20Life-1.21.1-1.6.3-fix1.jar%23256!/:?]
	at TRANSFORMER/createqol@1.6.3-fix1/fr.iglee42.createqualityoflife.utils.QOLConfigurableItem.modifyAttributes(QOLConfigurableItem.java:147) ~[Create%20Quality%20of%20Life-1.21.1-1.6.3-fix1.jar%23256!/:?]
	at MC-BOOTSTRAP/net.neoforged.bus/net.neoforged.bus.ConsumerEventHandler.invoke(ConsumerEventHandler.java:27) ~[bus-8.0.5.jar%2362!/:?]
	at MC-BOOTSTRAP/net.neoforged.bus/net.neoforged.bus.EventBus.post(EventBus.java:360) ~[bus-8.0.5.jar%2362!/:?]
	at MC-BOOTSTRAP/net.neoforged.bus/net.neoforged.bus.EventBus.post(EventBus.java:328) ~[bus-8.0.5.jar%2362!/:?]
	at TRANSFORMER/neoforge@21.1.250/net.neoforged.neoforge.common.CommonHooks.computeModifiedAttributes(CommonHooks.java:957) ~[neoforge-21.1.250-universal.jar%23231!/:?]
	at TRANSFORMER/neoforge@21.1.250/net.neoforged.neoforge.common.extensions.IItemStackExtension.getAttributeModifiers(IItemStackExtension.java:514) ~[neoforge-21.1.250-universal.jar%23231!/:?]
	at TRANSFORMER/minecolonies@1.1.1383-1.21.1-snapshot/com.minecolonies.api.util.ItemStackUtils.getItemStackAttributeValue(ItemStackUtils.java:1032) ~[minecolonies-1.1.1383-1.21.1-snapshot.jar%23308!/:1.1.1383-1.21.1-snapshot]
	at TRANSFORMER/minecolonies@1.1.1383-1.21.1-snapshot/com.minecolonies.api.util.ItemStackUtils.getArmorValue(ItemStackUtils.java:341) ~[minecolonies-1.1.1383-1.21.1-snapshot.jar%23308!/:1.1.1383-1.21.1-snapshot]
	at TRANSFORMER/minecolonies@1.1.1383-1.21.1-snapshot/com.minecolonies.api.util.ItemStackUtils.getArmorLevel(ItemStackUtils.java:314) ~[minecolonies-1.1.1383-1.21.1-snapshot.jar%23308!/:1.1.1383-1.21.1-snapshot]
	at TRANSFORMER/minecolonies@1.1.1383-1.21.1-snapshot/com.minecolonies.api.equipment.ModEquipmentTypes.initRegisterEquipmentTiers(ModEquipmentTypes.java:269) ~[minecolonies-1.1.1383-1.21.1-snapshot.jar%23308!/:1.1.1383-1.21.1-snapshot]
	at java.base/java.util.concurrent.CompletableFuture$AsyncRun.run(CompletableFuture.java:1804) ~[?:?]
	at MC-BOOTSTRAP/fml_loader@4.0.44/net.neoforged.fml.DeferredWorkQueue.lambda$makeRunnable$2(DeferredWorkQueue.java:67) ~[loader-4.0.44.jar%2359!/:4.0]
	at MC-BOOTSTRAP/fml_loader@4.0.44/net.neoforged.fml.DeferredWorkQueue.makeRunnable(DeferredWorkQueue.java:62) ~[loader-4.0.44.jar%2359!/:4.0]
	at MC-BOOTSTRAP/fml_loader@4.0.44/net.neoforged.fml.DeferredWorkQueue.lambda$runTasks$0(DeferredWorkQueue.java:47) ~[loader-4.0.44.jar%2359!/:4.0]
	at java.base/java.util.concurrent.ConcurrentLinkedDeque.forEach(ConcurrentLinkedDeque.java:1650) ~[?:?]
	at MC-BOOTSTRAP/fml_loader@4.0.44/net.neoforged.fml.DeferredWorkQueue.runTasks(DeferredWorkQueue.java:47) ~[loader-4.0.44.jar%2359!/:4.0]
	at java.base/java.util.concurrent.CompletableFuture$AsyncRun.run(CompletableFuture.java:1804) ~[?:?]
	at java.base/java.util.concurrent.ThreadPoolExecutor.runWorker(ThreadPoolExecutor.java:1144) ~[?:?]
	at java.base/java.util.concurrent.ThreadPoolExecutor$Worker.run(ThreadPoolExecutor.java:642) ~[?:?]
	at java.base/java.lang.Thread.run(Thread.java:1583) [?:?]
[13Sep2026 17:30:32.678] [modloading-sync-worker/ERROR] [net.neoforged.bus.EventBus/EVENTBUS]: Exception caught during firing event: Cannot get config value before config is loaded.
	Index: 0
	Listeners:
		0: fr.iglee42.createqualityoflife.CreateQOL$$Lambda/0x0000730155d32148@6111665
java.lang.IllegalStateException: Cannot get config value before config is loaded.
	at MC-BOOTSTRAP/com.google.common@32.1.2-jre/com.google.common.base.Preconditions.checkState(Preconditions.java:512)
	at TRANSFORMER/neoforge@21.1.250/net.neoforged.neoforge.common.ModConfigSpec$ConfigValue.getRaw(ModConfigSpec.java:1235)
	at TRANSFORMER/neoforge@21.1.250/net.neoforged.neoforge.common.ModConfigSpec$ConfigValue.get(ModConfigSpec.java:1222)
	at TRANSFORMER/ponder@1.0.82+mc1.21.1/net.createmod.catnip.config.ConfigBase$CValue.get(ConfigBase.java:128)
	at TRANSFORMER/createqol@1.6.3-fix1/fr.iglee42.createqualityoflife.utils.QOLConfigurableItem.appliesReach(QOLConfigurableItem.java:128)
	at TRANSFORMER/createqol@1.6.3-fix1/fr.iglee42.createqualityoflife.utils.QOLConfigurableItem.getAppliedAttributes(QOLConfigurableItem.java:136)
	at TRANSFORMER/createqol@1.6.3-fix1/fr.iglee42.createqualityoflife.items.armors.RefinedRadianceArmorItem.getAppliedAttributes(RefinedRadianceArmorItem.java:139)
	at TRANSFORMER/createqol@1.6.3-fix1/fr.iglee42.createqualityoflife.utils.QOLConfigurableItem.modifyAttributes(QOLConfigurableItem.java:147)
	at MC-BOOTSTRAP/net.neoforged.bus/net.neoforged.bus.ConsumerEventHandler.invoke(ConsumerEventHandler.java:27)
	at MC-BOOTSTRAP/net.neoforged.bus/net.neoforged.bus.EventBus.post(EventBus.java:360)
	at MC-BOOTSTRAP/net.neoforged.bus/net.neoforged.bus.EventBus.post(EventBus.java:328)
	at TRANSFORMER/neoforge@21.1.250/net.neoforged.neoforge.common.CommonHooks.computeModifiedAttributes(CommonHooks.java:957)
	at TRANSFORMER/neoforge@21.1.250/net.neoforged.neoforge.common.extensions.IItemStackExtension.getAttributeModifiers(IItemStackExtension.java:514)
	at TRANSFORMER/minecolonies@1.1.1383-1.21.1-snapshot/com.minecolonies.api.util.ItemStackUtils.getItemStackAttributeValue(ItemStackUtils.java:1032)
	at TRANSFORMER/minecolonies@1.1.1383-1.21.1-snapshot/com.minecolonies.api.util.ItemStackUtils.getArmorValue(ItemStackUtils.java:342)
	at TRANSFORMER/minecolonies@1.1.1383-1.21.1-snapshot/com.minecolonies.api.util.ItemStackUtils.getArmorLevel(ItemStackUtils.java:314)
	at TRANSFORMER/minecolonies@1.1.1383-1.21.1-snapshot/com.minecolonies.api.equipment.ModEquipmentTypes.initRegisterEquipmentTiers(ModEquipmentTypes.java:269)
	at java.base/java.util.concurrent.CompletableFuture$AsyncRun.run(CompletableFuture.java:1804)
	at MC-BOOTSTRAP/fml_loader@4.0.44/net.neoforged.fml.DeferredWorkQueue.lambda$makeRunnable$2(DeferredWorkQueue.java:67)
	at MC-BOOTSTRAP/fml_loader@4.0.44/net.neoforged.fml.DeferredWorkQueue.makeRunnable(DeferredWorkQueue.java:62)
	at MC-BOOTSTRAP/fml_loader@4.0.44/net.neoforged.fml.DeferredWorkQueue.lambda$runTasks$0(DeferredWorkQueue.java:47)
	at java.base/java.util.concurrent.ConcurrentLinkedDeque.forEach(ConcurrentLinkedDeque.java:1650)
	at MC-BOOTSTRAP/fml_loader@4.0.44/net.neoforged.fml.DeferredWorkQueue.runTasks(DeferredWorkQueue.java:47)
	at java.base/java.util.concurrent.CompletableFuture$AsyncRun.run(CompletableFuture.java:1804)
	at java.base/java.util.concurrent.ThreadPoolExecutor.runWorker(ThreadPoolExecutor.java:1144)
	at java.base/java.util.concurrent.ThreadPoolExecutor$Worker.run(ThreadPoolExecutor.java:642)
	at java.base/java.lang.Thread.run(Thread.java:1583)

[13Sep2026 17:30:32.678] [modloading-sync-worker/WARN] [minecolonies/]: Could not get attribute value for 'attribute.name.generic.armor_toughness' on item 'item.createqol.refined_radiance_boots'
java.lang.IllegalStateException: Cannot get config value before config is loaded.
	at MC-BOOTSTRAP/com.google.common@32.1.2-jre/com.google.common.base.Preconditions.checkState(Preconditions.java:512) ~[guava-32.1.2-jre.jar%2387!/:?]
	at TRANSFORMER/neoforge@21.1.250/net.neoforged.neoforge.common.ModConfigSpec$ConfigValue.getRaw(ModConfigSpec.java:1235) ~[neoforge-21.1.250-universal.jar%23231!/:?]
	at TRANSFORMER/neoforge@21.1.250/net.neoforged.neoforge.common.ModConfigSpec$ConfigValue.get(ModConfigSpec.java:1222) ~[neoforge-21.1.250-universal.jar%23231!/:?]
	at TRANSFORMER/ponder@1.0.82+mc1.21.1/net.createmod.catnip.config.ConfigBase$CValue.get(ConfigBase.java:128) ~[ponder-neoforge-1.0.82+mc1.21.1.jar%23540!/:1.0.82+mc1.21.1]
	at TRANSFORMER/createqol@1.6.3-fix1/fr.iglee42.createqualityoflife.utils.QOLConfigurableItem.appliesReach(QOLConfigurableItem.java:128) ~[Create%20Quality%20of%20Life-1.21.1-1.6.3-fix1.jar%23256!/:?]
	at TRANSFORMER/createqol@1.6.3-fix1/fr.iglee42.createqualityoflife.utils.QOLConfigurableItem.getAppliedAttributes(QOLConfigurableItem.java:136) ~[Create%20Quality%20of%20Life-1.21.1-1.6.3-fix1.jar%23256!/:?]
	at TRANSFORMER/createqol@1.6.3-fix1/fr.iglee42.createqualityoflife.items.armors.RefinedRadianceArmorItem.getAppliedAttributes(RefinedRadianceArmorItem.java:139) ~[Create%20Quality%20of%20Life-1.21.1-1.6.3-fix1.jar%23256!/:?]
	at TRANSFORMER/createqol@1.6.3-fix1/fr.iglee42.createqualityoflife.utils.QOLConfigurableItem.modifyAttributes(QOLConfigurableItem.java:147) ~[Create%20Quality%20of%20Life-1.21.1-1.6.3-fix1.jar%23256!/:?]
	at MC-BOOTSTRAP/net.neoforged.bus/net.neoforged.bus.ConsumerEventHandler.invoke(ConsumerEventHandler.java:27) ~[bus-8.0.5.jar%2362!/:?]
	at MC-BOOTSTRAP/net.neoforged.bus/net.neoforged.bus.EventBus.post(EventBus.java:360) ~[bus-8.0.5.jar%2362!/:?]
	at MC-BOOTSTRAP/net.neoforged.bus/net.neoforged.bus.EventBus.post(EventBus.java:328) ~[bus-8.0.5.jar%2362!/:?]
	at TRANSFORMER/neoforge@21.1.250/net.neoforged.neoforge.common.CommonHooks.computeModifiedAttributes(CommonHooks.java:957) ~[neoforge-21.1.250-universal.jar%23231!/:?]
	at TRANSFORMER/neoforge@21.1.250/net.neoforged.neoforge.common.extensions.IItemStackExtension.getAttributeModifiers(IItemStackExtension.java:514) ~[neoforge-21.1.250-universal.jar%23231!/:?]
	at TRANSFORMER/minecolonies@1.1.1383-1.21.1-snapshot/com.minecolonies.api.util.ItemStackUtils.getItemStackAttributeValue(ItemStackUtils.java:1032) ~[minecolonies-1.1.1383-1.21.1-snapshot.jar%23308!/:1.1.1383-1.21.1-snapshot]
	at TRANSFORMER/minecolonies@1.1.1383-1.21.1-snapshot/com.minecolonies.api.util.ItemStackUtils.getArmorValue(ItemStackUtils.java:342) ~[minecolonies-1.1.1383-1.21.1-snapshot.jar%23308!/:1.1.1383-1.21.1-snapshot]
	at TRANSFORMER/minecolonies@1.1.1383-1.21.1-snapshot/com.minecolonies.api.util.ItemStackUtils.getArmorLevel(ItemStackUtils.java:314) ~[minecolonies-1.1.1383-1.21.1-snapshot.jar%23308!/:1.1.1383-1.21.1-snapshot]
	at TRANSFORMER/minecolonies@1.1.1383-1.21.1-snapshot/com.minecolonies.api.equipment.ModEquipmentTypes.initRegisterEquipmentTiers(ModEquipmentTypes.java:269) ~[minecolonies-1.1.1383-1.21.1-snapshot.jar%23308!/:1.1.1383-1.21.1-snapshot]
	at java.base/java.util.concurrent.CompletableFuture$AsyncRun.run(CompletableFuture.java:1804) ~[?:?]
	at MC-BOOTSTRAP/fml_loader@4.0.44/net.neoforged.fml.DeferredWorkQueue.lambda$makeRunnable$2(DeferredWorkQueue.java:67) ~[loader-4.0.44.jar%2359!/:4.0]
	at MC-BOOTSTRAP/fml_loader@4.0.44/net.neoforged.fml.DeferredWorkQueue.makeRunnable(DeferredWorkQueue.java:62) ~[loader-4.0.44.jar%2359!/:4.0]
	at MC-BOOTSTRAP/fml_loader@4.0.44/net.neoforged.fml.DeferredWorkQueue.lambda$runTasks$0(DeferredWorkQueue.java:47) ~[loader-4.0.44.jar%2359!/:4.0]
	at java.base/java.util.concurrent.ConcurrentLinkedDeque.forEach(ConcurrentLinkedDeque.java:1650) ~[?:?]
	at MC-BOOTSTRAP/fml_loader@4.0.44/net.neoforged.fml.DeferredWorkQueue.runTasks(DeferredWorkQueue.java:47) ~[loader-4.0.44.jar%2359!/:4.0]
	at java.base/java.util.concurrent.CompletableFuture$AsyncRun.run(CompletableFuture.java:1804) ~[?:?]
	at java.base/java.util.concurrent.ThreadPoolExecutor.runWorker(ThreadPoolExecutor.java:1144) ~[?:?]
	at java.base/java.util.concurrent.ThreadPoolExecutor$Worker.run(ThreadPoolExecutor.java:642) ~[?:?]
	at java.base/java.lang.Thread.run(Thread.java:1583) [?:?]
[13Sep2026 17:30:32.684] [modloading-sync-worker/ERROR] [net.neoforged.bus.EventBus/EVENTBUS]: Exception caught during firing event: Cannot get config value before config is loaded.
	Index: 0
	Listeners:
		0: fr.iglee42.createqualityoflife.CreateQOL$$Lambda/0x0000730155d32148@6111665
java.lang.IllegalStateException: Cannot get config value before config is loaded.
	at MC-BOOTSTRAP/com.google.common@32.1.2-jre/com.google.common.base.Preconditions.checkState(Preconditions.java:512)
	at TRANSFORMER/neoforge@21.1.250/net.neoforged.neoforge.common.ModConfigSpec$ConfigValue.getRaw(ModConfigSpec.java:1235)
	at TRANSFORMER/neoforge@21.1.250/net.neoforged.neoforge.common.ModConfigSpec$ConfigValue.get(ModConfigSpec.java:1222)
	at TRANSFORMER/ponder@1.0.82+mc1.21.1/net.createmod.catnip.config.ConfigBase$CValue.get(ConfigBase.java:128)
	at TRANSFORMER/createqol@1.6.3-fix1/fr.iglee42.createqualityoflife.utils.QOLConfigurableItem.appliesReach(QOLConfigurableItem.java:128)
	at TRANSFORMER/createqol@1.6.3-fix1/fr.iglee42.createqualityoflife.utils.QOLConfigurableItem.getAppliedAttributes(QOLConfigurableItem.java:136)
	at TRANSFORMER/createqol@1.6.3-fix1/fr.iglee42.createqualityoflife.utils.QOLConfigurableItem.modifyAttributes(QOLConfigurableItem.java:147)
	at MC-BOOTSTRAP/net.neoforged.bus/net.neoforged.bus.ConsumerEventHandler.invoke(ConsumerEventHandler.java:27)
	at MC-BOOTSTRAP/net.neoforged.bus/net.neoforged.bus.EventBus.post(EventBus.java:360)
	at MC-BOOTSTRAP/net.neoforged.bus/net.neoforged.bus.EventBus.post(EventBus.java:328)
	at TRANSFORMER/neoforge@21.1.250/net.neoforged.neoforge.common.CommonHooks.computeModifiedAttributes(CommonHooks.java:957)
	at TRANSFORMER/neoforge@21.1.250/net.neoforged.neoforge.common.extensions.IItemStackExtension.getAttributeModifiers(IItemStackExtension.java:514)
	at TRANSFORMER/minecolonies@1.1.1383-1.21.1-snapshot/com.minecolonies.api.util.ItemStackUtils.getItemStackAttributeValue(ItemStackUtils.java:1032)
	at TRANSFORMER/minecolonies@1.1.1383-1.21.1-snapshot/com.minecolonies.api.util.ItemStackUtils.getArmorValue(ItemStackUtils.java:341)
	at TRANSFORMER/minecolonies@1.1.1383-1.21.1-snapshot/com.minecolonies.api.util.ItemStackUtils.getArmorLevel(ItemStackUtils.java:314)
	at TRANSFORMER/minecolonies@1.1.1383-1.21.1-snapshot/com.minecolonies.api.equipment.ModEquipmentTypes.initRegisterEquipmentTiers(ModEquipmentTypes.java:269)
	at java.base/java.util.concurrent.CompletableFuture$AsyncRun.run(CompletableFuture.java:1804)
	at MC-BOOTSTRAP/fml_loader@4.0.44/net.neoforged.fml.DeferredWorkQueue.lambda$makeRunnable$2(DeferredWorkQueue.java:67)
	at MC-BOOTSTRAP/fml_loader@4.0.44/net.neoforged.fml.DeferredWorkQueue.makeRunnable(DeferredWorkQueue.java:62)
	at MC-BOOTSTRAP/fml_loader@4.0.44/net.neoforged.fml.DeferredWorkQueue.lambda$runTasks$0(DeferredWorkQueue.java:47)
	at java.base/java.util.concurrent.ConcurrentLinkedDeque.forEach(ConcurrentLinkedDeque.java:1650)
	at MC-BOOTSTRAP/fml_loader@4.0.44/net.neoforged.fml.DeferredWorkQueue.runTasks(DeferredWorkQueue.java:47)
	at java.base/java.util.concurrent.CompletableFuture$AsyncRun.run(CompletableFuture.java:1804)
	at java.base/java.util.concurrent.ThreadPoolExecutor.runWorker(ThreadPoolExecutor.java:1144)
	at java.base/java.util.concurrent.ThreadPoolExecutor$Worker.run(ThreadPoolExecutor.java:642)
	at java.base/java.lang.Thread.run(Thread.java:1583)

[13Sep2026 17:30:32.684] [modloading-sync-worker/WARN] [minecolonies/]: Could not get attribute value for 'attribute.name.generic.armor' on item 'item.createqol.shadow_steel_helmet'
java.lang.IllegalStateException: Cannot get config value before config is loaded.
	at MC-BOOTSTRAP/com.google.common@32.1.2-jre/com.google.common.base.Preconditions.checkState(Preconditions.java:512) ~[guava-32.1.2-jre.jar%2387!/:?]
	at TRANSFORMER/neoforge@21.1.250/net.neoforged.neoforge.common.ModConfigSpec$ConfigValue.getRaw(ModConfigSpec.java:1235) ~[neoforge-21.1.250-universal.jar%23231!/:?]
	at TRANSFORMER/neoforge@21.1.250/net.neoforged.neoforge.common.ModConfigSpec$ConfigValue.get(ModConfigSpec.java:1222) ~[neoforge-21.1.250-universal.jar%23231!/:?]
	at TRANSFORMER/ponder@1.0.82+mc1.21.1/net.createmod.catnip.config.ConfigBase$CValue.get(ConfigBase.java:128) ~[ponder-neoforge-1.0.82+mc1.21.1.jar%23540!/:1.0.82+mc1.21.1]
	at TRANSFORMER/createqol@1.6.3-fix1/fr.iglee42.createqualityoflife.utils.QOLConfigurableItem.appliesReach(QOLConfigurableItem.java:128) ~[Create%20Quality%20of%20Life-1.21.1-1.6.3-fix1.jar%23256!/:?]
	at TRANSFORMER/createqol@1.6.3-fix1/fr.iglee42.createqualityoflife.utils.QOLConfigurableItem.getAppliedAttributes(QOLConfigurableItem.java:136) ~[Create%20Quality%20of%20Life-1.21.1-1.6.3-fix1.jar%23256!/:?]
	at TRANSFORMER/createqol@1.6.3-fix1/fr.iglee42.createqualityoflife.utils.QOLConfigurableItem.modifyAttributes(QOLConfigurableItem.java:147) ~[Create%20Quality%20of%20Life-1.21.1-1.6.3-fix1.jar%23256!/:?]
	at MC-BOOTSTRAP/net.neoforged.bus/net.neoforged.bus.ConsumerEventHandler.invoke(ConsumerEventHandler.java:27) ~[bus-8.0.5.jar%2362!/:?]
	at MC-BOOTSTRAP/net.neoforged.bus/net.neoforged.bus.EventBus.post(EventBus.java:360) ~[bus-8.0.5.jar%2362!/:?]
	at MC-BOOTSTRAP/net.neoforged.bus/net.neoforged.bus.EventBus.post(EventBus.java:328) ~[bus-8.0.5.jar%2362!/:?]
	at TRANSFORMER/neoforge@21.1.250/net.neoforged.neoforge.common.CommonHooks.computeModifiedAttributes(CommonHooks.java:957) ~[neoforge-21.1.250-universal.jar%23231!/:?]
	at TRANSFORMER/neoforge@21.1.250/net.neoforged.neoforge.common.extensions.IItemStackExtension.getAttributeModifiers(IItemStackExtension.java:514) ~[neoforge-21.1.250-universal.jar%23231!/:?]
	at TRANSFORMER/minecolonies@1.1.1383-1.21.1-snapshot/com.minecolonies.api.util.ItemStackUtils.getItemStackAttributeValue(ItemStackUtils.java:1032) ~[minecolonies-1.1.1383-1.21.1-snapshot.jar%23308!/:1.1.1383-1.21.1-snapshot]
	at TRANSFORMER/minecolonies@1.1.1383-1.21.1-snapshot/com.minecolonies.api.util.ItemStackUtils.getArmorValue(ItemStackUtils.java:341) ~[minecolonies-1.1.1383-1.21.1-snapshot.jar%23308!/:1.1.1383-1.21.1-snapshot]
	at TRANSFORMER/minecolonies@1.1.1383-1.21.1-snapshot/com.minecolonies.api.util.ItemStackUtils.getArmorLevel(ItemStackUtils.java:314) ~[minecolonies-1.1.1383-1.21.1-snapshot.jar%23308!/:1.1.1383-1.21.1-snapshot]
	at TRANSFORMER/minecolonies@1.1.1383-1.21.1-snapshot/com.minecolonies.api.equipment.ModEquipmentTypes.initRegisterEquipmentTiers(ModEquipmentTypes.java:269) ~[minecolonies-1.1.1383-1.21.1-snapshot.jar%23308!/:1.1.1383-1.21.1-snapshot]
	at java.base/java.util.concurrent.CompletableFuture$AsyncRun.run(CompletableFuture.java:1804) ~[?:?]
	at MC-BOOTSTRAP/fml_loader@4.0.44/net.neoforged.fml.DeferredWorkQueue.lambda$makeRunnable$2(DeferredWorkQueue.java:67) ~[loader-4.0.44.jar%2359!/:4.0]
	at MC-BOOTSTRAP/fml_loader@4.0.44/net.neoforged.fml.DeferredWorkQueue.makeRunnable(DeferredWorkQueue.java:62) ~[loader-4.0.44.jar%2359!/:4.0]
	at MC-BOOTSTRAP/fml_loader@4.0.44/net.neoforged.fml.DeferredWorkQueue.lambda$runTasks$0(DeferredWorkQueue.java:47) ~[loader-4.0.44.jar%2359!/:4.0]
	at java.base/java.util.concurrent.ConcurrentLinkedDeque.forEach(ConcurrentLinkedDeque.java:1650) ~[?:?]
	at MC-BOOTSTRAP/fml_loader@4.0.44/net.neoforged.fml.DeferredWorkQueue.runTasks(DeferredWorkQueue.java:47) ~[loader-4.0.44.jar%2359!/:4.0]
	at java.base/java.util.concurrent.CompletableFuture$AsyncRun.run(CompletableFuture.java:1804) ~[?:?]
	at java.base/java.util.concurrent.ThreadPoolExecutor.runWorker(ThreadPoolExecutor.java:1144) ~[?:?]
	at java.base/java.util.concurrent.ThreadPoolExecutor$Worker.run(ThreadPoolExecutor.java:642) ~[?:?]
	at java.base/java.lang.Thread.run(Thread.java:1583) [?:?]
[13Sep2026 17:30:32.688] [modloading-sync-worker/ERROR] [net.neoforged.bus.EventBus/EVENTBUS]: Exception caught during firing event: Cannot get config value before config is loaded.
	Index: 0
	Listeners:
		0: fr.iglee42.createqualityoflife.CreateQOL$$Lambda/0x0000730155d32148@6111665
java.lang.IllegalStateException: Cannot get config value before config is loaded.
	at MC-BOOTSTRAP/com.google.common@32.1.2-jre/com.google.common.base.Preconditions.checkState(Preconditions.java:512)
	at TRANSFORMER/neoforge@21.1.250/net.neoforged.neoforge.common.ModConfigSpec$ConfigValue.getRaw(ModConfigSpec.java:1235)
	at TRANSFORMER/neoforge@21.1.250/net.neoforged.neoforge.common.ModConfigSpec$ConfigValue.get(ModConfigSpec.java:1222)
	at TRANSFORMER/ponder@1.0.82+mc1.21.1/net.createmod.catnip.config.ConfigBase$CValue.get(ConfigBase.java:128)
	at TRANSFORMER/createqol@1.6.3-fix1/fr.iglee42.createqualityoflife.utils.QOLConfigurableItem.appliesReach(QOLConfigurableItem.java:128)
	at TRANSFORMER/createqol@1.6.3-fix1/fr.iglee42.createqualityoflife.utils.QOLConfigurableItem.getAppliedAttributes(QOLConfigurableItem.java:136)
	at TRANSFORMER/createqol@1.6.3-fix1/fr.iglee42.createqualityoflife.utils.QOLConfigurableItem.modifyAttributes(QOLConfigurableItem.java:147)
	at MC-BOOTSTRAP/net.neoforged.bus/net.neoforged.bus.ConsumerEventHandler.invoke(ConsumerEventHandler.java:27)
	at MC-BOOTSTRAP/net.neoforged.bus/net.neoforged.bus.EventBus.post(EventBus.java:360)
	at MC-BOOTSTRAP/net.neoforged.bus/net.neoforged.bus.EventBus.post(EventBus.java:328)
	at TRANSFORMER/neoforge@21.1.250/net.neoforged.neoforge.common.CommonHooks.computeModifiedAttributes(CommonHooks.java:957)
	at TRANSFORMER/neoforge@21.1.250/net.neoforged.neoforge.common.extensions.IItemStackExtension.getAttributeModifiers(IItemStackExtension.java:514)
	at TRANSFORMER/minecolonies@1.1.1383-1.21.1-snapshot/com.minecolonies.api.util.ItemStackUtils.getItemStackAttributeValue(ItemStackUtils.java:1032)
	at TRANSFORMER/minecolonies@1.1.1383-1.21.1-snapshot/com.minecolonies.api.util.ItemStackUtils.getArmorValue(ItemStackUtils.java:342)
	at TRANSFORMER/minecolonies@1.1.1383-1.21.1-snapshot/com.minecolonies.api.util.ItemStackUtils.getArmorLevel(ItemStackUtils.java:314)
	at TRANSFORMER/minecolonies@1.1.1383-1.21.1-snapshot/com.minecolonies.api.equipment.ModEquipmentTypes.initRegisterEquipmentTiers(ModEquipmentTypes.java:269)
	at java.base/java.util.concurrent.CompletableFuture$AsyncRun.run(CompletableFuture.java:1804)
	at MC-BOOTSTRAP/fml_loader@4.0.44/net.neoforged.fml.DeferredWorkQueue.lambda$makeRunnable$2(DeferredWorkQueue.java:67)
	at MC-BOOTSTRAP/fml_loader@4.0.44/net.neoforged.fml.DeferredWorkQueue.makeRunnable(DeferredWorkQueue.java:62)
	at MC-BOOTSTRAP/fml_loader@4.0.44/net.neoforged.fml.DeferredWorkQueue.lambda$runTasks$0(DeferredWorkQueue.java:47)
	at java.base/java.util.concurrent.ConcurrentLinkedDeque.forEach(ConcurrentLinkedDeque.java:1650)
	at MC-BOOTSTRAP/fml_loader@4.0.44/net.neoforged.fml.DeferredWorkQueue.runTasks(DeferredWorkQueue.java:47)
	at java.base/java.util.concurrent.CompletableFuture$AsyncRun.run(CompletableFuture.java:1804)
	at java.base/java.util.concurrent.ThreadPoolExecutor.runWorker(ThreadPoolExecutor.java:1144)
	at java.base/java.util.concurrent.ThreadPoolExecutor$Worker.run(ThreadPoolExecutor.java:642)
	at java.base/java.lang.Thread.run(Thread.java:1583)

[13Sep2026 17:30:32.688] [modloading-sync-worker/WARN] [minecolonies/]: Could not get attribute value for 'attribute.name.generic.armor_toughness' on item 'item.createqol.shadow_steel_helmet'
java.lang.IllegalStateException: Cannot get config value before config is loaded.
	at MC-BOOTSTRAP/com.google.common@32.1.2-jre/com.google.common.base.Preconditions.checkState(Preconditions.java:512) ~[guava-32.1.2-jre.jar%2387!/:?]
	at TRANSFORMER/neoforge@21.1.250/net.neoforged.neoforge.common.ModConfigSpec$ConfigValue.getRaw(ModConfigSpec.java:1235) ~[neoforge-21.1.250-universal.jar%23231!/:?]
	at TRANSFORMER/neoforge@21.1.250/net.neoforged.neoforge.common.ModConfigSpec$ConfigValue.get(ModConfigSpec.java:1222) ~[neoforge-21.1.250-universal.jar%23231!/:?]
	at TRANSFORMER/ponder@1.0.82+mc1.21.1/net.createmod.catnip.config.ConfigBase$CValue.get(ConfigBase.java:128) ~[ponder-neoforge-1.0.82+mc1.21.1.jar%23540!/:1.0.82+mc1.21.1]
	at TRANSFORMER/createqol@1.6.3-fix1/fr.iglee42.createqualityoflife.utils.QOLConfigurableItem.appliesReach(QOLConfigurableItem.java:128) ~[Create%20Quality%20of%20Life-1.21.1-1.6.3-fix1.jar%23256!/:?]
	at TRANSFORMER/createqol@1.6.3-fix1/fr.iglee42.createqualityoflife.utils.QOLConfigurableItem.getAppliedAttributes(QOLConfigurableItem.java:136) ~[Create%20Quality%20of%20Life-1.21.1-1.6.3-fix1.jar%23256!/:?]
	at TRANSFORMER/createqol@1.6.3-fix1/fr.iglee42.createqualityoflife.utils.QOLConfigurableItem.modifyAttributes(QOLConfigurableItem.java:147) ~[Create%20Quality%20of%20Life-1.21.1-1.6.3-fix1.jar%23256!/:?]
	at MC-BOOTSTRAP/net.neoforged.bus/net.neoforged.bus.ConsumerEventHandler.invoke(ConsumerEventHandler.java:27) ~[bus-8.0.5.jar%2362!/:?]
	at MC-BOOTSTRAP/net.neoforged.bus/net.neoforged.bus.EventBus.post(EventBus.java:360) ~[bus-8.0.5.jar%2362!/:?]
	at MC-BOOTSTRAP/net.neoforged.bus/net.neoforged.bus.EventBus.post(EventBus.java:328) ~[bus-8.0.5.jar%2362!/:?]
	at TRANSFORMER/neoforge@21.1.250/net.neoforged.neoforge.common.CommonHooks.computeModifiedAttributes(CommonHooks.java:957) ~[neoforge-21.1.250-universal.jar%23231!/:?]
	at TRANSFORMER/neoforge@21.1.250/net.neoforged.neoforge.common.extensions.IItemStackExtension.getAttributeModifiers(IItemStackExtension.java:514) ~[neoforge-21.1.250-universal.jar%23231!/:?]
	at TRANSFORMER/minecolonies@1.1.1383-1.21.1-snapshot/com.minecolonies.api.util.ItemStackUtils.getItemStackAttributeValue(ItemStackUtils.java:1032) ~[minecolonies-1.1.1383-1.21.1-snapshot.jar%23308!/:1.1.1383-1.21.1-snapshot]
	at TRANSFORMER/minecolonies@1.1.1383-1.21.1-snapshot/com.minecolonies.api.util.ItemStackUtils.getArmorValue(ItemStackUtils.java:342) ~[minecolonies-1.1.1383-1.21.1-snapshot.jar%23308!/:1.1.1383-1.21.1-snapshot]
	at TRANSFORMER/minecolonies@1.1.1383-1.21.1-snapshot/com.minecolonies.api.util.ItemStackUtils.getArmorLevel(ItemStackUtils.java:314) ~[minecolonies-1.1.1383-1.21.1-snapshot.jar%23308!/:1.1.1383-1.21.1-snapshot]
	at TRANSFORMER/minecolonies@1.1.1383-1.21.1-snapshot/com.minecolonies.api.equipment.ModEquipmentTypes.initRegisterEquipmentTiers(ModEquipmentTypes.java:269) ~[minecolonies-1.1.1383-1.21.1-snapshot.jar%23308!/:1.1.1383-1.21.1-snapshot]
	at java.base/java.util.concurrent.CompletableFuture$AsyncRun.run(CompletableFuture.java:1804) ~[?:?]
	at MC-BOOTSTRAP/fml_loader@4.0.44/net.neoforged.fml.DeferredWorkQueue.lambda$makeRunnable$2(DeferredWorkQueue.java:67) ~[loader-4.0.44.jar%2359!/:4.0]
	at MC-BOOTSTRAP/fml_loader@4.0.44/net.neoforged.fml.DeferredWorkQueue.makeRunnable(DeferredWorkQueue.java:62) ~[loader-4.0.44.jar%2359!/:4.0]
	at MC-BOOTSTRAP/fml_loader@4.0.44/net.neoforged.fml.DeferredWorkQueue.lambda$runTasks$0(DeferredWorkQueue.java:47) ~[loader-4.0.44.jar%2359!/:4.0]
	at java.base/java.util.concurrent.ConcurrentLinkedDeque.forEach(ConcurrentLinkedDeque.java:1650) ~[?:?]
	at MC-BOOTSTRAP/fml_loader@4.0.44/net.neoforged.fml.DeferredWorkQueue.runTasks(DeferredWorkQueue.java:47) ~[loader-4.0.44.jar%2359!/:4.0]
	at java.base/java.util.concurrent.CompletableFuture$AsyncRun.run(CompletableFuture.java:1804) ~[?:?]
	at java.base/java.util.concurrent.ThreadPoolExecutor.runWorker(ThreadPoolExecutor.java:1144) ~[?:?]
	at java.base/java.util.concurrent.ThreadPoolExecutor$Worker.run(ThreadPoolExecutor.java:642) ~[?:?]
	at java.base/java.lang.Thread.run(Thread.java:1583) [?:?]
[13Sep2026 17:30:32.692] [modloading-sync-worker/ERROR] [net.neoforged.bus.EventBus/EVENTBUS]: Exception caught during firing event: Cannot get config value before config is loaded.
	Index: 0
	Listeners:
		0: fr.iglee42.createqualityoflife.CreateQOL$$Lambda/0x0000730155d32148@6111665
java.lang.IllegalStateException: Cannot get config value before config is loaded.
	at MC-BOOTSTRAP/com.google.common@32.1.2-jre/com.google.common.base.Preconditions.checkState(Preconditions.java:512)
	at TRANSFORMER/neoforge@21.1.250/net.neoforged.neoforge.common.ModConfigSpec$ConfigValue.getRaw(ModConfigSpec.java:1235)
	at TRANSFORMER/neoforge@21.1.250/net.neoforged.neoforge.common.ModConfigSpec$ConfigValue.get(ModConfigSpec.java:1222)
	at TRANSFORMER/ponder@1.0.82+mc1.21.1/net.createmod.catnip.config.ConfigBase$CValue.get(ConfigBase.java:128)
	at TRANSFORMER/createqol@1.6.3-fix1/fr.iglee42.createqualityoflife.utils.QOLConfigurableItem.appliesReach(QOLConfigurableItem.java:128)
	at TRANSFORMER/createqol@1.6.3-fix1/fr.iglee42.createqualityoflife.utils.QOLConfigurableItem.getAppliedAttributes(QOLConfigurableItem.java:136)
	at TRANSFORMER/createqol@1.6.3-fix1/fr.iglee42.createqualityoflife.utils.QOLConfigurableItem.modifyAttributes(QOLConfigurableItem.java:147)
	at MC-BOOTSTRAP/net.neoforged.bus/net.neoforged.bus.ConsumerEventHandler.invoke(ConsumerEventHandler.java:27)
	at MC-BOOTSTRAP/net.neoforged.bus/net.neoforged.bus.EventBus.post(EventBus.java:360)
	at MC-BOOTSTRAP/net.neoforged.bus/net.neoforged.bus.EventBus.post(EventBus.java:328)
	at TRANSFORMER/neoforge@21.1.250/net.neoforged.neoforge.common.CommonHooks.computeModifiedAttributes(CommonHooks.java:957)
	at TRANSFORMER/neoforge@21.1.250/net.neoforged.neoforge.common.extensions.IItemStackExtension.getAttributeModifiers(IItemStackExtension.java:514)
	at TRANSFORMER/minecolonies@1.1.1383-1.21.1-snapshot/com.minecolonies.api.util.ItemStackUtils.getItemStackAttributeValue(ItemStackUtils.java:1032)
	at TRANSFORMER/minecolonies@1.1.1383-1.21.1-snapshot/com.minecolonies.api.util.ItemStackUtils.getArmorValue(ItemStackUtils.java:341)
	at TRANSFORMER/minecolonies@1.1.1383-1.21.1-snapshot/com.minecolonies.api.util.ItemStackUtils.getArmorLevel(ItemStackUtils.java:314)
	at TRANSFORMER/minecolonies@1.1.1383-1.21.1-snapshot/com.minecolonies.api.equipment.ModEquipmentTypes.initRegisterEquipmentTiers(ModEquipmentTypes.java:269)
	at java.base/java.util.concurrent.CompletableFuture$AsyncRun.run(CompletableFuture.java:1804)
	at MC-BOOTSTRAP/fml_loader@4.0.44/net.neoforged.fml.DeferredWorkQueue.lambda$makeRunnable$2(DeferredWorkQueue.java:67)
	at MC-BOOTSTRAP/fml_loader@4.0.44/net.neoforged.fml.DeferredWorkQueue.makeRunnable(DeferredWorkQueue.java:62)
	at MC-BOOTSTRAP/fml_loader@4.0.44/net.neoforged.fml.DeferredWorkQueue.lambda$runTasks$0(DeferredWorkQueue.java:47)
	at java.base/java.util.concurrent.ConcurrentLinkedDeque.forEach(ConcurrentLinkedDeque.java:1650)
	at MC-BOOTSTRAP/fml_loader@4.0.44/net.neoforged.fml.DeferredWorkQueue.runTasks(DeferredWorkQueue.java:47)
	at java.base/java.util.concurrent.CompletableFuture$AsyncRun.run(CompletableFuture.java:1804)
	at java.base/java.util.concurrent.ThreadPoolExecutor.runWorker(ThreadPoolExecutor.java:1144)
	at java.base/java.util.concurrent.ThreadPoolExecutor$Worker.run(ThreadPoolExecutor.java:642)
	at java.base/java.lang.Thread.run(Thread.java:1583)

[13Sep2026 17:30:32.693] [modloading-sync-worker/WARN] [minecolonies/]: Could not get attribute value for 'attribute.name.generic.armor' on item 'item.createqol.shadow_steel_chestplate'
java.lang.IllegalStateException: Cannot get config value before config is loaded.
	at MC-BOOTSTRAP/com.google.common@32.1.2-jre/com.google.common.base.Preconditions.checkState(Preconditions.java:512) ~[guava-32.1.2-jre.jar%2387!/:?]
	at TRANSFORMER/neoforge@21.1.250/net.neoforged.neoforge.common.ModConfigSpec$ConfigValue.getRaw(ModConfigSpec.java:1235) ~[neoforge-21.1.250-universal.jar%23231!/:?]
	at TRANSFORMER/neoforge@21.1.250/net.neoforged.neoforge.common.ModConfigSpec$ConfigValue.get(ModConfigSpec.java:1222) ~[neoforge-21.1.250-universal.jar%23231!/:?]
	at TRANSFORMER/ponder@1.0.82+mc1.21.1/net.createmod.catnip.config.ConfigBase$CValue.get(ConfigBase.java:128) ~[ponder-neoforge-1.0.82+mc1.21.1.jar%23540!/:1.0.82+mc1.21.1]
	at TRANSFORMER/createqol@1.6.3-fix1/fr.iglee42.createqualityoflife.utils.QOLConfigurableItem.appliesReach(QOLConfigurableItem.java:128) ~[Create%20Quality%20of%20Life-1.21.1-1.6.3-fix1.jar%23256!/:?]
	at TRANSFORMER/createqol@1.6.3-fix1/fr.iglee42.createqualityoflife.utils.QOLConfigurableItem.getAppliedAttributes(QOLConfigurableItem.java:136) ~[Create%20Quality%20of%20Life-1.21.1-1.6.3-fix1.jar%23256!/:?]
	at TRANSFORMER/createqol@1.6.3-fix1/fr.iglee42.createqualityoflife.utils.QOLConfigurableItem.modifyAttributes(QOLConfigurableItem.java:147) ~[Create%20Quality%20of%20Life-1.21.1-1.6.3-fix1.jar%23256!/:?]
	at MC-BOOTSTRAP/net.neoforged.bus/net.neoforged.bus.ConsumerEventHandler.invoke(ConsumerEventHandler.java:27) ~[bus-8.0.5.jar%2362!/:?]
	at MC-BOOTSTRAP/net.neoforged.bus/net.neoforged.bus.EventBus.post(EventBus.java:360) ~[bus-8.0.5.jar%2362!/:?]
	at MC-BOOTSTRAP/net.neoforged.bus/net.neoforged.bus.EventBus.post(EventBus.java:328) ~[bus-8.0.5.jar%2362!/:?]
	at TRANSFORMER/neoforge@21.1.250/net.neoforged.neoforge.common.CommonHooks.computeModifiedAttributes(CommonHooks.java:957) ~[neoforge-21.1.250-universal.jar%23231!/:?]
	at TRANSFORMER/neoforge@21.1.250/net.neoforged.neoforge.common.extensions.IItemStackExtension.getAttributeModifiers(IItemStackExtension.java:514) ~[neoforge-21.1.250-universal.jar%23231!/:?]
	at TRANSFORMER/minecolonies@1.1.1383-1.21.1-snapshot/com.minecolonies.api.util.ItemStackUtils.getItemStackAttributeValue(ItemStackUtils.java:1032) ~[minecolonies-1.1.1383-1.21.1-snapshot.jar%23308!/:1.1.1383-1.21.1-snapshot]
	at TRANSFORMER/minecolonies@1.1.1383-1.21.1-snapshot/com.minecolonies.api.util.ItemStackUtils.getArmorValue(ItemStackUtils.java:341) ~[minecolonies-1.1.1383-1.21.1-snapshot.jar%23308!/:1.1.1383-1.21.1-snapshot]
	at TRANSFORMER/minecolonies@1.1.1383-1.21.1-snapshot/com.minecolonies.api.util.ItemStackUtils.getArmorLevel(ItemStackUtils.java:314) ~[minecolonies-1.1.1383-1.21.1-snapshot.jar%23308!/:1.1.1383-1.21.1-snapshot]
	at TRANSFORMER/minecolonies@1.1.1383-1.21.1-snapshot/com.minecolonies.api.equipment.ModEquipmentTypes.initRegisterEquipmentTiers(ModEquipmentTypes.java:269) ~[minecolonies-1.1.1383-1.21.1-snapshot.jar%23308!/:1.1.1383-1.21.1-snapshot]
	at java.base/java.util.concurrent.CompletableFuture$AsyncRun.run(CompletableFuture.java:1804) ~[?:?]
	at MC-BOOTSTRAP/fml_loader@4.0.44/net.neoforged.fml.DeferredWorkQueue.lambda$makeRunnable$2(DeferredWorkQueue.java:67) ~[loader-4.0.44.jar%2359!/:4.0]
	at MC-BOOTSTRAP/fml_loader@4.0.44/net.neoforged.fml.DeferredWorkQueue.makeRunnable(DeferredWorkQueue.java:62) ~[loader-4.0.44.jar%2359!/:4.0]
	at MC-BOOTSTRAP/fml_loader@4.0.44/net.neoforged.fml.DeferredWorkQueue.lambda$runTasks$0(DeferredWorkQueue.java:47) ~[loader-4.0.44.jar%2359!/:4.0]
	at java.base/java.util.concurrent.ConcurrentLinkedDeque.forEach(ConcurrentLinkedDeque.java:1650) ~[?:?]
	at MC-BOOTSTRAP/fml_loader@4.0.44/net.neoforged.fml.DeferredWorkQueue.runTasks(DeferredWorkQueue.java:47) ~[loader-4.0.44.jar%2359!/:4.0]
	at java.base/java.util.concurrent.CompletableFuture$AsyncRun.run(CompletableFuture.java:1804) ~[?:?]
	at java.base/java.util.concurrent.ThreadPoolExecutor.runWorker(ThreadPoolExecutor.java:1144) ~[?:?]
	at java.base/java.util.concurrent.ThreadPoolExecutor$Worker.run(ThreadPoolExecutor.java:642) ~[?:?]
	at java.base/java.lang.Thread.run(Thread.java:1583) [?:?]
[13Sep2026 17:30:32.696] [modloading-sync-worker/ERROR] [net.neoforged.bus.EventBus/EVENTBUS]: Exception caught during firing event: Cannot get config value before config is loaded.
	Index: 0
	Listeners:
		0: fr.iglee42.createqualityoflife.CreateQOL$$Lambda/0x0000730155d32148@6111665
java.lang.IllegalStateException: Cannot get config value before config is loaded.
	at MC-BOOTSTRAP/com.google.common@32.1.2-jre/com.google.common.base.Preconditions.checkState(Preconditions.java:512)
	at TRANSFORMER/neoforge@21.1.250/net.neoforged.neoforge.common.ModConfigSpec$ConfigValue.getRaw(ModConfigSpec.java:1235)
	at TRANSFORMER/neoforge@21.1.250/net.neoforged.neoforge.common.ModConfigSpec$ConfigValue.get(ModConfigSpec.java:1222)
	at TRANSFORMER/ponder@1.0.82+mc1.21.1/net.createmod.catnip.config.ConfigBase$CValue.get(ConfigBase.java:128)
	at TRANSFORMER/createqol@1.6.3-fix1/fr.iglee42.createqualityoflife.utils.QOLConfigurableItem.appliesReach(QOLConfigurableItem.java:128)
	at TRANSFORMER/createqol@1.6.3-fix1/fr.iglee42.createqualityoflife.utils.QOLConfigurableItem.getAppliedAttributes(QOLConfigurableItem.java:136)
	at TRANSFORMER/createqol@1.6.3-fix1/fr.iglee42.createqualityoflife.utils.QOLConfigurableItem.modifyAttributes(QOLConfigurableItem.java:147)
	at MC-BOOTSTRAP/net.neoforged.bus/net.neoforged.bus.ConsumerEventHandler.invoke(ConsumerEventHandler.java:27)
	at MC-BOOTSTRAP/net.neoforged.bus/net.neoforged.bus.EventBus.post(EventBus.java:360)
	at MC-BOOTSTRAP/net.neoforged.bus/net.neoforged.bus.EventBus.post(EventBus.java:328)
	at TRANSFORMER/neoforge@21.1.250/net.neoforged.neoforge.common.CommonHooks.computeModifiedAttributes(CommonHooks.java:957)
	at TRANSFORMER/neoforge@21.1.250/net.neoforged.neoforge.common.extensions.IItemStackExtension.getAttributeModifiers(IItemStackExtension.java:514)
	at TRANSFORMER/minecolonies@1.1.1383-1.21.1-snapshot/com.minecolonies.api.util.ItemStackUtils.getItemStackAttributeValue(ItemStackUtils.java:1032)
	at TRANSFORMER/minecolonies@1.1.1383-1.21.1-snapshot/com.minecolonies.api.util.ItemStackUtils.getArmorValue(ItemStackUtils.java:342)
	at TRANSFORMER/minecolonies@1.1.1383-1.21.1-snapshot/com.minecolonies.api.util.ItemStackUtils.getArmorLevel(ItemStackUtils.java:314)
	at TRANSFORMER/minecolonies@1.1.1383-1.21.1-snapshot/com.minecolonies.api.equipment.ModEquipmentTypes.initRegisterEquipmentTiers(ModEquipmentTypes.java:269)
	at java.base/java.util.concurrent.CompletableFuture$AsyncRun.run(CompletableFuture.java:1804)
	at MC-BOOTSTRAP/fml_loader@4.0.44/net.neoforged.fml.DeferredWorkQueue.lambda$makeRunnable$2(DeferredWorkQueue.java:67)
	at MC-BOOTSTRAP/fml_loader@4.0.44/net.neoforged.fml.DeferredWorkQueue.makeRunnable(DeferredWorkQueue.java:62)
	at MC-BOOTSTRAP/fml_loader@4.0.44/net.neoforged.fml.DeferredWorkQueue.lambda$runTasks$0(DeferredWorkQueue.java:47)
	at java.base/java.util.concurrent.ConcurrentLinkedDeque.forEach(ConcurrentLinkedDeque.java:1650)
	at MC-BOOTSTRAP/fml_loader@4.0.44/net.neoforged.fml.DeferredWorkQueue.runTasks(DeferredWorkQueue.java:47)
	at java.base/java.util.concurrent.CompletableFuture$AsyncRun.run(CompletableFuture.java:1804)
	at java.base/java.util.concurrent.ThreadPoolExecutor.runWorker(ThreadPoolExecutor.java:1144)
	at java.base/java.util.concurrent.ThreadPoolExecutor$Worker.run(ThreadPoolExecutor.java:642)
	at java.base/java.lang.Thread.run(Thread.java:1583)

[13Sep2026 17:30:32.697] [modloading-sync-worker/WARN] [minecolonies/]: Could not get attribute value for 'attribute.name.generic.armor_toughness' on item 'item.createqol.shadow_steel_chestplate'
java.lang.IllegalStateException: Cannot get config value before config is loaded.
	at MC-BOOTSTRAP/com.google.common@32.1.2-jre/com.google.common.base.Preconditions.checkState(Preconditions.java:512) ~[guava-32.1.2-jre.jar%2387!/:?]
	at TRANSFORMER/neoforge@21.1.250/net.neoforged.neoforge.common.ModConfigSpec$ConfigValue.getRaw(ModConfigSpec.java:1235) ~[neoforge-21.1.250-universal.jar%23231!/:?]
	at TRANSFORMER/neoforge@21.1.250/net.neoforged.neoforge.common.ModConfigSpec$ConfigValue.get(ModConfigSpec.java:1222) ~[neoforge-21.1.250-universal.jar%23231!/:?]
	at TRANSFORMER/ponder@1.0.82+mc1.21.1/net.createmod.catnip.config.ConfigBase$CValue.get(ConfigBase.java:128) ~[ponder-neoforge-1.0.82+mc1.21.1.jar%23540!/:1.0.82+mc1.21.1]
	at TRANSFORMER/createqol@1.6.3-fix1/fr.iglee42.createqualityoflife.utils.QOLConfigurableItem.appliesReach(QOLConfigurableItem.java:128) ~[Create%20Quality%20of%20Life-1.21.1-1.6.3-fix1.jar%23256!/:?]
	at TRANSFORMER/createqol@1.6.3-fix1/fr.iglee42.createqualityoflife.utils.QOLConfigurableItem.getAppliedAttributes(QOLConfigurableItem.java:136) ~[Create%20Quality%20of%20Life-1.21.1-1.6.3-fix1.jar%23256!/:?]
	at TRANSFORMER/createqol@1.6.3-fix1/fr.iglee42.createqualityoflife.utils.QOLConfigurableItem.modifyAttributes(QOLConfigurableItem.java:147) ~[Create%20Quality%20of%20Life-1.21.1-1.6.3-fix1.jar%23256!/:?]
	at MC-BOOTSTRAP/net.neoforged.bus/net.neoforged.bus.ConsumerEventHandler.invoke(ConsumerEventHandler.java:27) ~[bus-8.0.5.jar%2362!/:?]
	at MC-BOOTSTRAP/net.neoforged.bus/net.neoforged.bus.EventBus.post(EventBus.java:360) ~[bus-8.0.5.jar%2362!/:?]
	at MC-BOOTSTRAP/net.neoforged.bus/net.neoforged.bus.EventBus.post(EventBus.java:328) ~[bus-8.0.5.jar%2362!/:?]
	at TRANSFORMER/neoforge@21.1.250/net.neoforged.neoforge.common.CommonHooks.computeModifiedAttributes(CommonHooks.java:957) ~[neoforge-21.1.250-universal.jar%23231!/:?]
	at TRANSFORMER/neoforge@21.1.250/net.neoforged.neoforge.common.extensions.IItemStackExtension.getAttributeModifiers(IItemStackExtension.java:514) ~[neoforge-21.1.250-universal.jar%23231!/:?]
	at TRANSFORMER/minecolonies@1.1.1383-1.21.1-snapshot/com.minecolonies.api.util.ItemStackUtils.getItemStackAttributeValue(ItemStackUtils.java:1032) ~[minecolonies-1.1.1383-1.21.1-snapshot.jar%23308!/:1.1.1383-1.21.1-snapshot]
	at TRANSFORMER/minecolonies@1.1.1383-1.21.1-snapshot/com.minecolonies.api.util.ItemStackUtils.getArmorValue(ItemStackUtils.java:342) ~[minecolonies-1.1.1383-1.21.1-snapshot.jar%23308!/:1.1.1383-1.21.1-snapshot]
	at TRANSFORMER/minecolonies@1.1.1383-1.21.1-snapshot/com.minecolonies.api.util.ItemStackUtils.getArmorLevel(ItemStackUtils.java:314) ~[minecolonies-1.1.1383-1.21.1-snapshot.jar%23308!/:1.1.1383-1.21.1-snapshot]
	at TRANSFORMER/minecolonies@1.1.1383-1.21.1-snapshot/com.minecolonies.api.equipment.ModEquipmentTypes.initRegisterEquipmentTiers(ModEquipmentTypes.java:269) ~[minecolonies-1.1.1383-1.21.1-snapshot.jar%23308!/:1.1.1383-1.21.1-snapshot]
	at java.base/java.util.concurrent.CompletableFuture$AsyncRun.run(CompletableFuture.java:1804) ~[?:?]
	at MC-BOOTSTRAP/fml_loader@4.0.44/net.neoforged.fml.DeferredWorkQueue.lambda$makeRunnable$2(DeferredWorkQueue.java:67) ~[loader-4.0.44.jar%2359!/:4.0]
	at MC-BOOTSTRAP/fml_loader@4.0.44/net.neoforged.fml.DeferredWorkQueue.makeRunnable(DeferredWorkQueue.java:62) ~[loader-4.0.44.jar%2359!/:4.0]
	at MC-BOOTSTRAP/fml_loader@4.0.44/net.neoforged.fml.DeferredWorkQueue.lambda$runTasks$0(DeferredWorkQueue.java:47) ~[loader-4.0.44.jar%2359!/:4.0]
	at java.base/java.util.concurrent.ConcurrentLinkedDeque.forEach(ConcurrentLinkedDeque.java:1650) ~[?:?]
	at MC-BOOTSTRAP/fml_loader@4.0.44/net.neoforged.fml.DeferredWorkQueue.runTasks(DeferredWorkQueue.java:47) ~[loader-4.0.44.jar%2359!/:4.0]
	at java.base/java.util.concurrent.CompletableFuture$AsyncRun.run(CompletableFuture.java:1804) ~[?:?]
	at java.base/java.util.concurrent.ThreadPoolExecutor.runWorker(ThreadPoolExecutor.java:1144) ~[?:?]
	at java.base/java.util.concurrent.ThreadPoolExecutor$Worker.run(ThreadPoolExecutor.java:642) ~[?:?]
	at java.base/java.lang.Thread.run(Thread.java:1583) [?:?]
[13Sep2026 17:30:32.701] [modloading-sync-worker/ERROR] [net.neoforged.bus.EventBus/EVENTBUS]: Exception caught during firing event: Cannot get config value before config is loaded.
	Index: 0
	Listeners:
		0: fr.iglee42.createqualityoflife.CreateQOL$$Lambda/0x0000730155d32148@6111665
java.lang.IllegalStateException: Cannot get config value before config is loaded.
	at MC-BOOTSTRAP/com.google.common@32.1.2-jre/com.google.common.base.Preconditions.checkState(Preconditions.java:512)
	at TRANSFORMER/neoforge@21.1.250/net.neoforged.neoforge.common.ModConfigSpec$ConfigValue.getRaw(ModConfigSpec.java:1235)
	at TRANSFORMER/neoforge@21.1.250/net.neoforged.neoforge.common.ModConfigSpec$ConfigValue.get(ModConfigSpec.java:1222)
	at TRANSFORMER/ponder@1.0.82+mc1.21.1/net.createmod.catnip.config.ConfigBase$CValue.get(ConfigBase.java:128)
	at TRANSFORMER/createqol@1.6.3-fix1/fr.iglee42.createqualityoflife.utils.QOLConfigurableItem.appliesReach(QOLConfigurableItem.java:128)
	at TRANSFORMER/createqol@1.6.3-fix1/fr.iglee42.createqualityoflife.utils.QOLConfigurableItem.getAppliedAttributes(QOLConfigurableItem.java:136)
	at TRANSFORMER/createqol@1.6.3-fix1/fr.iglee42.createqualityoflife.utils.QOLConfigurableItem.modifyAttributes(QOLConfigurableItem.java:147)
	at MC-BOOTSTRAP/net.neoforged.bus/net.neoforged.bus.ConsumerEventHandler.invoke(ConsumerEventHandler.java:27)
	at MC-BOOTSTRAP/net.neoforged.bus/net.neoforged.bus.EventBus.post(EventBus.java:360)
	at MC-BOOTSTRAP/net.neoforged.bus/net.neoforged.bus.EventBus.post(EventBus.java:328)
	at TRANSFORMER/neoforge@21.1.250/net.neoforged.neoforge.common.CommonHooks.computeModifiedAttributes(CommonHooks.java:957)
	at TRANSFORMER/neoforge@21.1.250/net.neoforged.neoforge.common.extensions.IItemStackExtension.getAttributeModifiers(IItemStackExtension.java:514)
	at TRANSFORMER/minecolonies@1.1.1383-1.21.1-snapshot/com.minecolonies.api.util.ItemStackUtils.getItemStackAttributeValue(ItemStackUtils.java:1032)
	at TRANSFORMER/minecolonies@1.1.1383-1.21.1-snapshot/com.minecolonies.api.util.ItemStackUtils.getArmorValue(ItemStackUtils.java:341)
	at TRANSFORMER/minecolonies@1.1.1383-1.21.1-snapshot/com.minecolonies.api.util.ItemStackUtils.getArmorLevel(ItemStackUtils.java:314)
	at TRANSFORMER/minecolonies@1.1.1383-1.21.1-snapshot/com.minecolonies.api.equipment.ModEquipmentTypes.initRegisterEquipmentTiers(ModEquipmentTypes.java:269)
	at java.base/java.util.concurrent.CompletableFuture$AsyncRun.run(CompletableFuture.java:1804)
	at MC-BOOTSTRAP/fml_loader@4.0.44/net.neoforged.fml.DeferredWorkQueue.lambda$makeRunnable$2(DeferredWorkQueue.java:67)
	at MC-BOOTSTRAP/fml_loader@4.0.44/net.neoforged.fml.DeferredWorkQueue.makeRunnable(DeferredWorkQueue.java:62)
	at MC-BOOTSTRAP/fml_loader@4.0.44/net.neoforged.fml.DeferredWorkQueue.lambda$runTasks$0(DeferredWorkQueue.java:47)
	at java.base/java.util.concurrent.ConcurrentLinkedDeque.forEach(ConcurrentLinkedDeque.java:1650)
	at MC-BOOTSTRAP/fml_loader@4.0.44/net.neoforged.fml.DeferredWorkQueue.runTasks(DeferredWorkQueue.java:47)
	at java.base/java.util.concurrent.CompletableFuture$AsyncRun.run(CompletableFuture.java:1804)
	at java.base/java.util.concurrent.ThreadPoolExecutor.runWorker(ThreadPoolExecutor.java:1144)
	at java.base/java.util.concurrent.ThreadPoolExecutor$Worker.run(ThreadPoolExecutor.java:642)
	at java.base/java.lang.Thread.run(Thread.java:1583)

[13Sep2026 17:30:32.701] [modloading-sync-worker/WARN] [minecolonies/]: Could not get attribute value for 'attribute.name.generic.armor' on item 'item.createqol.shadow_steel_leggings'
java.lang.IllegalStateException: Cannot get config value before config is loaded.
	at MC-BOOTSTRAP/com.google.common@32.1.2-jre/com.google.common.base.Preconditions.checkState(Preconditions.java:512) ~[guava-32.1.2-jre.jar%2387!/:?]
	at TRANSFORMER/neoforge@21.1.250/net.neoforged.neoforge.common.ModConfigSpec$ConfigValue.getRaw(ModConfigSpec.java:1235) ~[neoforge-21.1.250-universal.jar%23231!/:?]
	at TRANSFORMER/neoforge@21.1.250/net.neoforged.neoforge.common.ModConfigSpec$ConfigValue.get(ModConfigSpec.java:1222) ~[neoforge-21.1.250-universal.jar%23231!/:?]
	at TRANSFORMER/ponder@1.0.82+mc1.21.1/net.createmod.catnip.config.ConfigBase$CValue.get(ConfigBase.java:128) ~[ponder-neoforge-1.0.82+mc1.21.1.jar%23540!/:1.0.82+mc1.21.1]
	at TRANSFORMER/createqol@1.6.3-fix1/fr.iglee42.createqualityoflife.utils.QOLConfigurableItem.appliesReach(QOLConfigurableItem.java:128) ~[Create%20Quality%20of%20Life-1.21.1-1.6.3-fix1.jar%23256!/:?]
	at TRANSFORMER/createqol@1.6.3-fix1/fr.iglee42.createqualityoflife.utils.QOLConfigurableItem.getAppliedAttributes(QOLConfigurableItem.java:136) ~[Create%20Quality%20of%20Life-1.21.1-1.6.3-fix1.jar%23256!/:?]
	at TRANSFORMER/createqol@1.6.3-fix1/fr.iglee42.createqualityoflife.utils.QOLConfigurableItem.modifyAttributes(QOLConfigurableItem.java:147) ~[Create%20Quality%20of%20Life-1.21.1-1.6.3-fix1.jar%23256!/:?]
	at MC-BOOTSTRAP/net.neoforged.bus/net.neoforged.bus.ConsumerEventHandler.invoke(ConsumerEventHandler.java:27) ~[bus-8.0.5.jar%2362!/:?]
	at MC-BOOTSTRAP/net.neoforged.bus/net.neoforged.bus.EventBus.post(EventBus.java:360) ~[bus-8.0.5.jar%2362!/:?]
	at MC-BOOTSTRAP/net.neoforged.bus/net.neoforged.bus.EventBus.post(EventBus.java:328) ~[bus-8.0.5.jar%2362!/:?]
	at TRANSFORMER/neoforge@21.1.250/net.neoforged.neoforge.common.CommonHooks.computeModifiedAttributes(CommonHooks.java:957) ~[neoforge-21.1.250-universal.jar%23231!/:?]
	at TRANSFORMER/neoforge@21.1.250/net.neoforged.neoforge.common.extensions.IItemStackExtension.getAttributeModifiers(IItemStackExtension.java:514) ~[neoforge-21.1.250-universal.jar%23231!/:?]
	at TRANSFORMER/minecolonies@1.1.1383-1.21.1-snapshot/com.minecolonies.api.util.ItemStackUtils.getItemStackAttributeValue(ItemStackUtils.java:1032) ~[minecolonies-1.1.1383-1.21.1-snapshot.jar%23308!/:1.1.1383-1.21.1-snapshot]
	at TRANSFORMER/minecolonies@1.1.1383-1.21.1-snapshot/com.minecolonies.api.util.ItemStackUtils.getArmorValue(ItemStackUtils.java:341) ~[minecolonies-1.1.1383-1.21.1-snapshot.jar%23308!/:1.1.1383-1.21.1-snapshot]
	at TRANSFORMER/minecolonies@1.1.1383-1.21.1-snapshot/com.minecolonies.api.util.ItemStackUtils.getArmorLevel(ItemStackUtils.java:314) ~[minecolonies-1.1.1383-1.21.1-snapshot.jar%23308!/:1.1.1383-1.21.1-snapshot]
	at TRANSFORMER/minecolonies@1.1.1383-1.21.1-snapshot/com.minecolonies.api.equipment.ModEquipmentTypes.initRegisterEquipmentTiers(ModEquipmentTypes.java:269) ~[minecolonies-1.1.1383-1.21.1-snapshot.jar%23308!/:1.1.1383-1.21.1-snapshot]
	at java.base/java.util.concurrent.CompletableFuture$AsyncRun.run(CompletableFuture.java:1804) ~[?:?]
	at MC-BOOTSTRAP/fml_loader@4.0.44/net.neoforged.fml.DeferredWorkQueue.lambda$makeRunnable$2(DeferredWorkQueue.java:67) ~[loader-4.0.44.jar%2359!/:4.0]
	at MC-BOOTSTRAP/fml_loader@4.0.44/net.neoforged.fml.DeferredWorkQueue.makeRunnable(DeferredWorkQueue.java:62) ~[loader-4.0.44.jar%2359!/:4.0]
	at MC-BOOTSTRAP/fml_loader@4.0.44/net.neoforged.fml.DeferredWorkQueue.lambda$runTasks$0(DeferredWorkQueue.java:47) ~[loader-4.0.44.jar%2359!/:4.0]
	at java.base/java.util.concurrent.ConcurrentLinkedDeque.forEach(ConcurrentLinkedDeque.java:1650) ~[?:?]
	at MC-BOOTSTRAP/fml_loader@4.0.44/net.neoforged.fml.DeferredWorkQueue.runTasks(DeferredWorkQueue.java:47) ~[loader-4.0.44.jar%2359!/:4.0]
	at java.base/java.util.concurrent.CompletableFuture$AsyncRun.run(CompletableFuture.java:1804) ~[?:?]
	at java.base/java.util.concurrent.ThreadPoolExecutor.runWorker(ThreadPoolExecutor.java:1144) ~[?:?]
	at java.base/java.util.concurrent.ThreadPoolExecutor$Worker.run(ThreadPoolExecutor.java:642) ~[?:?]
	at java.base/java.lang.Thread.run(Thread.java:1583) [?:?]
[13Sep2026 17:30:32.705] [modloading-sync-worker/ERROR] [net.neoforged.bus.EventBus/EVENTBUS]: Exception caught during firing event: Cannot get config value before config is loaded.
	Index: 0
	Listeners:
		0: fr.iglee42.createqualityoflife.CreateQOL$$Lambda/0x0000730155d32148@6111665
java.lang.IllegalStateException: Cannot get config value before config is loaded.
	at MC-BOOTSTRAP/com.google.common@32.1.2-jre/com.google.common.base.Preconditions.checkState(Preconditions.java:512)
	at TRANSFORMER/neoforge@21.1.250/net.neoforged.neoforge.common.ModConfigSpec$ConfigValue.getRaw(ModConfigSpec.java:1235)
	at TRANSFORMER/neoforge@21.1.250/net.neoforged.neoforge.common.ModConfigSpec$ConfigValue.get(ModConfigSpec.java:1222)
	at TRANSFORMER/ponder@1.0.82+mc1.21.1/net.createmod.catnip.config.ConfigBase$CValue.get(ConfigBase.java:128)
	at TRANSFORMER/createqol@1.6.3-fix1/fr.iglee42.createqualityoflife.utils.QOLConfigurableItem.appliesReach(QOLConfigurableItem.java:128)
	at TRANSFORMER/createqol@1.6.3-fix1/fr.iglee42.createqualityoflife.utils.QOLConfigurableItem.getAppliedAttributes(QOLConfigurableItem.java:136)
	at TRANSFORMER/createqol@1.6.3-fix1/fr.iglee42.createqualityoflife.utils.QOLConfigurableItem.modifyAttributes(QOLConfigurableItem.java:147)
	at MC-BOOTSTRAP/net.neoforged.bus/net.neoforged.bus.ConsumerEventHandler.invoke(ConsumerEventHandler.java:27)
	at MC-BOOTSTRAP/net.neoforged.bus/net.neoforged.bus.EventBus.post(EventBus.java:360)
	at MC-BOOTSTRAP/net.neoforged.bus/net.neoforged.bus.EventBus.post(EventBus.java:328)
	at TRANSFORMER/neoforge@21.1.250/net.neoforged.neoforge.common.CommonHooks.computeModifiedAttributes(CommonHooks.java:957)
	at TRANSFORMER/neoforge@21.1.250/net.neoforged.neoforge.common.extensions.IItemStackExtension.getAttributeModifiers(IItemStackExtension.java:514)
	at TRANSFORMER/minecolonies@1.1.1383-1.21.1-snapshot/com.minecolonies.api.util.ItemStackUtils.getItemStackAttributeValue(ItemStackUtils.java:1032)
	at TRANSFORMER/minecolonies@1.1.1383-1.21.1-snapshot/com.minecolonies.api.util.ItemStackUtils.getArmorValue(ItemStackUtils.java:342)
	at TRANSFORMER/minecolonies@1.1.1383-1.21.1-snapshot/com.minecolonies.api.util.ItemStackUtils.getArmorLevel(ItemStackUtils.java:314)
	at TRANSFORMER/minecolonies@1.1.1383-1.21.1-snapshot/com.minecolonies.api.equipment.ModEquipmentTypes.initRegisterEquipmentTiers(ModEquipmentTypes.java:269)
	at java.base/java.util.concurrent.CompletableFuture$AsyncRun.run(CompletableFuture.java:1804)
	at MC-BOOTSTRAP/fml_loader@4.0.44/net.neoforged.fml.DeferredWorkQueue.lambda$makeRunnable$2(DeferredWorkQueue.java:67)
	at MC-BOOTSTRAP/fml_loader@4.0.44/net.neoforged.fml.DeferredWorkQueue.makeRunnable(DeferredWorkQueue.java:62)
	at MC-BOOTSTRAP/fml_loader@4.0.44/net.neoforged.fml.DeferredWorkQueue.lambda$runTasks$0(DeferredWorkQueue.java:47)
	at java.base/java.util.concurrent.ConcurrentLinkedDeque.forEach(ConcurrentLinkedDeque.java:1650)
	at MC-BOOTSTRAP/fml_loader@4.0.44/net.neoforged.fml.DeferredWorkQueue.runTasks(DeferredWorkQueue.java:47)
	at java.base/java.util.concurrent.CompletableFuture$AsyncRun.run(CompletableFuture.java:1804)
	at java.base/java.util.concurrent.ThreadPoolExecutor.runWorker(ThreadPoolExecutor.java:1144)
	at java.base/java.util.concurrent.ThreadPoolExecutor$Worker.run(ThreadPoolExecutor.java:642)
	at java.base/java.lang.Thread.run(Thread.java:1583)

[13Sep2026 17:30:32.706] [modloading-sync-worker/WARN] [minecolonies/]: Could not get attribute value for 'attribute.name.generic.armor_toughness' on item 'item.createqol.shadow_steel_leggings'
java.lang.IllegalStateException: Cannot get config value before config is loaded.
	at MC-BOOTSTRAP/com.google.common@32.1.2-jre/com.google.common.base.Preconditions.checkState(Preconditions.java:512) ~[guava-32.1.2-jre.jar%2387!/:?]
	at TRANSFORMER/neoforge@21.1.250/net.neoforged.neoforge.common.ModConfigSpec$ConfigValue.getRaw(ModConfigSpec.java:1235) ~[neoforge-21.1.250-universal.jar%23231!/:?]
	at TRANSFORMER/neoforge@21.1.250/net.neoforged.neoforge.common.ModConfigSpec$ConfigValue.get(ModConfigSpec.java:1222) ~[neoforge-21.1.250-universal.jar%23231!/:?]
	at TRANSFORMER/ponder@1.0.82+mc1.21.1/net.createmod.catnip.config.ConfigBase$CValue.get(ConfigBase.java:128) ~[ponder-neoforge-1.0.82+mc1.21.1.jar%23540!/:1.0.82+mc1.21.1]
	at TRANSFORMER/createqol@1.6.3-fix1/fr.iglee42.createqualityoflife.utils.QOLConfigurableItem.appliesReach(QOLConfigurableItem.java:128) ~[Create%20Quality%20of%20Life-1.21.1-1.6.3-fix1.jar%23256!/:?]
	at TRANSFORMER/createqol@1.6.3-fix1/fr.iglee42.createqualityoflife.utils.QOLConfigurableItem.getAppliedAttributes(QOLConfigurableItem.java:136) ~[Create%20Quality%20of%20Life-1.21.1-1.6.3-fix1.jar%23256!/:?]
	at TRANSFORMER/createqol@1.6.3-fix1/fr.iglee42.createqualityoflife.utils.QOLConfigurableItem.modifyAttributes(QOLConfigurableItem.java:147) ~[Create%20Quality%20of%20Life-1.21.1-1.6.3-fix1.jar%23256!/:?]
	at MC-BOOTSTRAP/net.neoforged.bus/net.neoforged.bus.ConsumerEventHandler.invoke(ConsumerEventHandler.java:27) ~[bus-8.0.5.jar%2362!/:?]
	at MC-BOOTSTRAP/net.neoforged.bus/net.neoforged.bus.EventBus.post(EventBus.java:360) ~[bus-8.0.5.jar%2362!/:?]
	at MC-BOOTSTRAP/net.neoforged.bus/net.neoforged.bus.EventBus.post(EventBus.java:328) ~[bus-8.0.5.jar%2362!/:?]
	at TRANSFORMER/neoforge@21.1.250/net.neoforged.neoforge.common.CommonHooks.computeModifiedAttributes(CommonHooks.java:957) ~[neoforge-21.1.250-universal.jar%23231!/:?]
	at TRANSFORMER/neoforge@21.1.250/net.neoforged.neoforge.common.extensions.IItemStackExtension.getAttributeModifiers(IItemStackExtension.java:514) ~[neoforge-21.1.250-universal.jar%23231!/:?]
	at TRANSFORMER/minecolonies@1.1.1383-1.21.1-snapshot/com.minecolonies.api.util.ItemStackUtils.getItemStackAttributeValue(ItemStackUtils.java:1032) ~[minecolonies-1.1.1383-1.21.1-snapshot.jar%23308!/:1.1.1383-1.21.1-snapshot]
	at TRANSFORMER/minecolonies@1.1.1383-1.21.1-snapshot/com.minecolonies.api.util.ItemStackUtils.getArmorValue(ItemStackUtils.java:342) ~[minecolonies-1.1.1383-1.21.1-snapshot.jar%23308!/:1.1.1383-1.21.1-snapshot]
	at TRANSFORMER/minecolonies@1.1.1383-1.21.1-snapshot/com.minecolonies.api.util.ItemStackUtils.getArmorLevel(ItemStackUtils.java:314) ~[minecolonies-1.1.1383-1.21.1-snapshot.jar%23308!/:1.1.1383-1.21.1-snapshot]
	at TRANSFORMER/minecolonies@1.1.1383-1.21.1-snapshot/com.minecolonies.api.equipment.ModEquipmentTypes.initRegisterEquipmentTiers(ModEquipmentTypes.java:269) ~[minecolonies-1.1.1383-1.21.1-snapshot.jar%23308!/:1.1.1383-1.21.1-snapshot]
	at java.base/java.util.concurrent.CompletableFuture$AsyncRun.run(CompletableFuture.java:1804) ~[?:?]
	at MC-BOOTSTRAP/fml_loader@4.0.44/net.neoforged.fml.DeferredWorkQueue.lambda$makeRunnable$2(DeferredWorkQueue.java:67) ~[loader-4.0.44.jar%2359!/:4.0]
	at MC-BOOTSTRAP/fml_loader@4.0.44/net.neoforged.fml.DeferredWorkQueue.makeRunnable(DeferredWorkQueue.java:62) ~[loader-4.0.44.jar%2359!/:4.0]
	at MC-BOOTSTRAP/fml_loader@4.0.44/net.neoforged.fml.DeferredWorkQueue.lambda$runTasks$0(DeferredWorkQueue.java:47) ~[loader-4.0.44.jar%2359!/:4.0]
	at java.base/java.util.concurrent.ConcurrentLinkedDeque.forEach(ConcurrentLinkedDeque.java:1650) ~[?:?]
	at MC-BOOTSTRAP/fml_loader@4.0.44/net.neoforged.fml.DeferredWorkQueue.runTasks(DeferredWorkQueue.java:47) ~[loader-4.0.44.jar%2359!/:4.0]
	at java.base/java.util.concurrent.CompletableFuture$AsyncRun.run(CompletableFuture.java:1804) ~[?:?]
	at java.base/java.util.concurrent.ThreadPoolExecutor.runWorker(ThreadPoolExecutor.java:1144) ~[?:?]
	at java.base/java.util.concurrent.ThreadPoolExecutor$Worker.run(ThreadPoolExecutor.java:642) ~[?:?]
	at java.base/java.lang.Thread.run(Thread.java:1583) [?:?]
[13Sep2026 17:30:32.710] [modloading-sync-worker/ERROR] [net.neoforged.bus.EventBus/EVENTBUS]: Exception caught during firing event: Cannot get config value before config is loaded.
	Index: 0
	Listeners:
		0: fr.iglee42.createqualityoflife.CreateQOL$$Lambda/0x0000730155d32148@6111665
java.lang.IllegalStateException: Cannot get config value before config is loaded.
	at MC-BOOTSTRAP/com.google.common@32.1.2-jre/com.google.common.base.Preconditions.checkState(Preconditions.java:512)
	at TRANSFORMER/neoforge@21.1.250/net.neoforged.neoforge.common.ModConfigSpec$ConfigValue.getRaw(ModConfigSpec.java:1235)
	at TRANSFORMER/neoforge@21.1.250/net.neoforged.neoforge.common.ModConfigSpec$ConfigValue.get(ModConfigSpec.java:1222)
	at TRANSFORMER/ponder@1.0.82+mc1.21.1/net.createmod.catnip.config.ConfigBase$CValue.get(ConfigBase.java:128)
	at TRANSFORMER/createqol@1.6.3-fix1/fr.iglee42.createqualityoflife.utils.QOLConfigurableItem.appliesReach(QOLConfigurableItem.java:128)
	at TRANSFORMER/createqol@1.6.3-fix1/fr.iglee42.createqualityoflife.utils.QOLConfigurableItem.getAppliedAttributes(QOLConfigurableItem.java:136)
	at TRANSFORMER/createqol@1.6.3-fix1/fr.iglee42.createqualityoflife.utils.QOLConfigurableItem.modifyAttributes(QOLConfigurableItem.java:147)
	at MC-BOOTSTRAP/net.neoforged.bus/net.neoforged.bus.ConsumerEventHandler.invoke(ConsumerEventHandler.java:27)
	at MC-BOOTSTRAP/net.neoforged.bus/net.neoforged.bus.EventBus.post(EventBus.java:360)
	at MC-BOOTSTRAP/net.neoforged.bus/net.neoforged.bus.EventBus.post(EventBus.java:328)
	at TRANSFORMER/neoforge@21.1.250/net.neoforged.neoforge.common.CommonHooks.computeModifiedAttributes(CommonHooks.java:957)
	at TRANSFORMER/neoforge@21.1.250/net.neoforged.neoforge.common.extensions.IItemStackExtension.getAttributeModifiers(IItemStackExtension.java:514)
	at TRANSFORMER/minecolonies@1.1.1383-1.21.1-snapshot/com.minecolonies.api.util.ItemStackUtils.getItemStackAttributeValue(ItemStackUtils.java:1032)
	at TRANSFORMER/minecolonies@1.1.1383-1.21.1-snapshot/com.minecolonies.api.util.ItemStackUtils.getArmorValue(ItemStackUtils.java:341)
	at TRANSFORMER/minecolonies@1.1.1383-1.21.1-snapshot/com.minecolonies.api.util.ItemStackUtils.getArmorLevel(ItemStackUtils.java:314)
	at TRANSFORMER/minecolonies@1.1.1383-1.21.1-snapshot/com.minecolonies.api.equipment.ModEquipmentTypes.initRegisterEquipmentTiers(ModEquipmentTypes.java:269)
	at java.base/java.util.concurrent.CompletableFuture$AsyncRun.run(CompletableFuture.java:1804)
	at MC-BOOTSTRAP/fml_loader@4.0.44/net.neoforged.fml.DeferredWorkQueue.lambda$makeRunnable$2(DeferredWorkQueue.java:67)
	at MC-BOOTSTRAP/fml_loader@4.0.44/net.neoforged.fml.DeferredWorkQueue.makeRunnable(DeferredWorkQueue.java:62)
	at MC-BOOTSTRAP/fml_loader@4.0.44/net.neoforged.fml.DeferredWorkQueue.lambda$runTasks$0(DeferredWorkQueue.java:47)
	at java.base/java.util.concurrent.ConcurrentLinkedDeque.forEach(ConcurrentLinkedDeque.java:1650)
	at MC-BOOTSTRAP/fml_loader@4.0.44/net.neoforged.fml.DeferredWorkQueue.runTasks(DeferredWorkQueue.java:47)
	at java.base/java.util.concurrent.CompletableFuture$AsyncRun.run(CompletableFuture.java:1804)
	at java.base/java.util.concurrent.ThreadPoolExecutor.runWorker(ThreadPoolExecutor.java:1144)
	at java.base/java.util.concurrent.ThreadPoolExecutor$Worker.run(ThreadPoolExecutor.java:642)
	at java.base/java.lang.Thread.run(Thread.java:1583)

[13Sep2026 17:30:32.711] [modloading-sync-worker/WARN] [minecolonies/]: Could not get attribute value for 'attribute.name.generic.armor' on item 'item.createqol.shadow_steel_boots'
java.lang.IllegalStateException: Cannot get config value before config is loaded.
	at MC-BOOTSTRAP/com.google.common@32.1.2-jre/com.google.common.base.Preconditions.checkState(Preconditions.java:512) ~[guava-32.1.2-jre.jar%2387!/:?]
	at TRANSFORMER/neoforge@21.1.250/net.neoforged.neoforge.common.ModConfigSpec$ConfigValue.getRaw(ModConfigSpec.java:1235) ~[neoforge-21.1.250-universal.jar%23231!/:?]
	at TRANSFORMER/neoforge@21.1.250/net.neoforged.neoforge.common.ModConfigSpec$ConfigValue.get(ModConfigSpec.java:1222) ~[neoforge-21.1.250-universal.jar%23231!/:?]
	at TRANSFORMER/ponder@1.0.82+mc1.21.1/net.createmod.catnip.config.ConfigBase$CValue.get(ConfigBase.java:128) ~[ponder-neoforge-1.0.82+mc1.21.1.jar%23540!/:1.0.82+mc1.21.1]
	at TRANSFORMER/createqol@1.6.3-fix1/fr.iglee42.createqualityoflife.utils.QOLConfigurableItem.appliesReach(QOLConfigurableItem.java:128) ~[Create%20Quality%20of%20Life-1.21.1-1.6.3-fix1.jar%23256!/:?]
	at TRANSFORMER/createqol@1.6.3-fix1/fr.iglee42.createqualityoflife.utils.QOLConfigurableItem.getAppliedAttributes(QOLConfigurableItem.java:136) ~[Create%20Quality%20of%20Life-1.21.1-1.6.3-fix1.jar%23256!/:?]
	at TRANSFORMER/createqol@1.6.3-fix1/fr.iglee42.createqualityoflife.utils.QOLConfigurableItem.modifyAttributes(QOLConfigurableItem.java:147) ~[Create%20Quality%20of%20Life-1.21.1-1.6.3-fix1.jar%23256!/:?]
	at MC-BOOTSTRAP/net.neoforged.bus/net.neoforged.bus.ConsumerEventHandler.invoke(ConsumerEventHandler.java:27) ~[bus-8.0.5.jar%2362!/:?]
	at MC-BOOTSTRAP/net.neoforged.bus/net.neoforged.bus.EventBus.post(EventBus.java:360) ~[bus-8.0.5.jar%2362!/:?]
	at MC-BOOTSTRAP/net.neoforged.bus/net.neoforged.bus.EventBus.post(EventBus.java:328) ~[bus-8.0.5.jar%2362!/:?]
	at TRANSFORMER/neoforge@21.1.250/net.neoforged.neoforge.common.CommonHooks.computeModifiedAttributes(CommonHooks.java:957) ~[neoforge-21.1.250-universal.jar%23231!/:?]
	at TRANSFORMER/neoforge@21.1.250/net.neoforged.neoforge.common.extensions.IItemStackExtension.getAttributeModifiers(IItemStackExtension.java:514) ~[neoforge-21.1.250-universal.jar%23231!/:?]
	at TRANSFORMER/minecolonies@1.1.1383-1.21.1-snapshot/com.minecolonies.api.util.ItemStackUtils.getItemStackAttributeValue(ItemStackUtils.java:1032) ~[minecolonies-1.1.1383-1.21.1-snapshot.jar%23308!/:1.1.1383-1.21.1-snapshot]
	at TRANSFORMER/minecolonies@1.1.1383-1.21.1-snapshot/com.minecolonies.api.util.ItemStackUtils.getArmorValue(ItemStackUtils.java:341) ~[minecolonies-1.1.1383-1.21.1-snapshot.jar%23308!/:1.1.1383-1.21.1-snapshot]
	at TRANSFORMER/minecolonies@1.1.1383-1.21.1-snapshot/com.minecolonies.api.util.ItemStackUtils.getArmorLevel(ItemStackUtils.java:314) ~[minecolonies-1.1.1383-1.21.1-snapshot.jar%23308!/:1.1.1383-1.21.1-snapshot]
	at TRANSFORMER/minecolonies@1.1.1383-1.21.1-snapshot/com.minecolonies.api.equipment.ModEquipmentTypes.initRegisterEquipmentTiers(ModEquipmentTypes.java:269) ~[minecolonies-1.1.1383-1.21.1-snapshot.jar%23308!/:1.1.1383-1.21.1-snapshot]
	at java.base/java.util.concurrent.CompletableFuture$AsyncRun.run(CompletableFuture.java:1804) ~[?:?]
	at MC-BOOTSTRAP/fml_loader@4.0.44/net.neoforged.fml.DeferredWorkQueue.lambda$makeRunnable$2(DeferredWorkQueue.java:67) ~[loader-4.0.44.jar%2359!/:4.0]
	at MC-BOOTSTRAP/fml_loader@4.0.44/net.neoforged.fml.DeferredWorkQueue.makeRunnable(DeferredWorkQueue.java:62) ~[loader-4.0.44.jar%2359!/:4.0]
	at MC-BOOTSTRAP/fml_loader@4.0.44/net.neoforged.fml.DeferredWorkQueue.lambda$runTasks$0(DeferredWorkQueue.java:47) ~[loader-4.0.44.jar%2359!/:4.0]
	at java.base/java.util.concurrent.ConcurrentLinkedDeque.forEach(ConcurrentLinkedDeque.java:1650) ~[?:?]
	at MC-BOOTSTRAP/fml_loader@4.0.44/net.neoforged.fml.DeferredWorkQueue.runTasks(DeferredWorkQueue.java:47) ~[loader-4.0.44.jar%2359!/:4.0]
	at java.base/java.util.concurrent.CompletableFuture$AsyncRun.run(CompletableFuture.java:1804) ~[?:?]
	at java.base/java.util.concurrent.ThreadPoolExecutor.runWorker(ThreadPoolExecutor.java:1144) ~[?:?]
	at java.base/java.util.concurrent.ThreadPoolExecutor$Worker.run(ThreadPoolExecutor.java:642) ~[?:?]
	at java.base/java.lang.Thread.run(Thread.java:1583) [?:?]
[13Sep2026 17:30:32.715] [modloading-sync-worker/ERROR] [net.neoforged.bus.EventBus/EVENTBUS]: Exception caught during firing event: Cannot get config value before config is loaded.
	Index: 0
	Listeners:
		0: fr.iglee42.createqualityoflife.CreateQOL$$Lambda/0x0000730155d32148@6111665
java.lang.IllegalStateException: Cannot get config value before config is loaded.
	at MC-BOOTSTRAP/com.google.common@32.1.2-jre/com.google.common.base.Preconditions.checkState(Preconditions.java:512)
	at TRANSFORMER/neoforge@21.1.250/net.neoforged.neoforge.common.ModConfigSpec$ConfigValue.getRaw(ModConfigSpec.java:1235)
	at TRANSFORMER/neoforge@21.1.250/net.neoforged.neoforge.common.ModConfigSpec$ConfigValue.get(ModConfigSpec.java:1222)
	at TRANSFORMER/ponder@1.0.82+mc1.21.1/net.createmod.catnip.config.ConfigBase$CValue.get(ConfigBase.java:128)
	at TRANSFORMER/createqol@1.6.3-fix1/fr.iglee42.createqualityoflife.utils.QOLConfigurableItem.appliesReach(QOLConfigurableItem.java:128)
	at TRANSFORMER/createqol@1.6.3-fix1/fr.iglee42.createqualityoflife.utils.QOLConfigurableItem.getAppliedAttributes(QOLConfigurableItem.java:136)
	at TRANSFORMER/createqol@1.6.3-fix1/fr.iglee42.createqualityoflife.utils.QOLConfigurableItem.modifyAttributes(QOLConfigurableItem.java:147)
	at MC-BOOTSTRAP/net.neoforged.bus/net.neoforged.bus.ConsumerEventHandler.invoke(ConsumerEventHandler.java:27)
	at MC-BOOTSTRAP/net.neoforged.bus/net.neoforged.bus.EventBus.post(EventBus.java:360)
	at MC-BOOTSTRAP/net.neoforged.bus/net.neoforged.bus.EventBus.post(EventBus.java:328)
	at TRANSFORMER/neoforge@21.1.250/net.neoforged.neoforge.common.CommonHooks.computeModifiedAttributes(CommonHooks.java:957)
	at TRANSFORMER/neoforge@21.1.250/net.neoforged.neoforge.common.extensions.IItemStackExtension.getAttributeModifiers(IItemStackExtension.java:514)
	at TRANSFORMER/minecolonies@1.1.1383-1.21.1-snapshot/com.minecolonies.api.util.ItemStackUtils.getItemStackAttributeValue(ItemStackUtils.java:1032)
	at TRANSFORMER/minecolonies@1.1.1383-1.21.1-snapshot/com.minecolonies.api.util.ItemStackUtils.getArmorValue(ItemStackUtils.java:342)
	at TRANSFORMER/minecolonies@1.1.1383-1.21.1-snapshot/com.minecolonies.api.util.ItemStackUtils.getArmorLevel(ItemStackUtils.java:314)
	at TRANSFORMER/minecolonies@1.1.1383-1.21.1-snapshot/com.minecolonies.api.equipment.ModEquipmentTypes.initRegisterEquipmentTiers(ModEquipmentTypes.java:269)
	at java.base/java.util.concurrent.CompletableFuture$AsyncRun.run(CompletableFuture.java:1804)
	at MC-BOOTSTRAP/fml_loader@4.0.44/net.neoforged.fml.DeferredWorkQueue.lambda$makeRunnable$2(DeferredWorkQueue.java:67)
	at MC-BOOTSTRAP/fml_loader@4.0.44/net.neoforged.fml.DeferredWorkQueue.makeRunnable(DeferredWorkQueue.java:62)
	at MC-BOOTSTRAP/fml_loader@4.0.44/net.neoforged.fml.DeferredWorkQueue.lambda$runTasks$0(DeferredWorkQueue.java:47)
	at java.base/java.util.concurrent.ConcurrentLinkedDeque.forEach(ConcurrentLinkedDeque.java:1650)
	at MC-BOOTSTRAP/fml_loader@4.0.44/net.neoforged.fml.DeferredWorkQueue.runTasks(DeferredWorkQueue.java:47)
	at java.base/java.util.concurrent.CompletableFuture$AsyncRun.run(CompletableFuture.java:1804)
	at java.base/java.util.concurrent.ThreadPoolExecutor.runWorker(ThreadPoolExecutor.java:1144)
	at java.base/java.util.concurrent.ThreadPoolExecutor$Worker.run(ThreadPoolExecutor.java:642)
	at java.base/java.lang.Thread.run(Thread.java:1583)

[13Sep2026 17:30:32.716] [modloading-sync-worker/WARN] [minecolonies/]: Could not get attribute value for 'attribute.name.generic.armor_toughness' on item 'item.createqol.shadow_steel_boots'
java.lang.IllegalStateException: Cannot get config value before config is loaded.
	at MC-BOOTSTRAP/com.google.common@32.1.2-jre/com.google.common.base.Preconditions.checkState(Preconditions.java:512) ~[guava-32.1.2-jre.jar%2387!/:?]
	at TRANSFORMER/neoforge@21.1.250/net.neoforged.neoforge.common.ModConfigSpec$ConfigValue.getRaw(ModConfigSpec.java:1235) ~[neoforge-21.1.250-universal.jar%23231!/:?]
	at TRANSFORMER/neoforge@21.1.250/net.neoforged.neoforge.common.ModConfigSpec$ConfigValue.get(ModConfigSpec.java:1222) ~[neoforge-21.1.250-universal.jar%23231!/:?]
	at TRANSFORMER/ponder@1.0.82+mc1.21.1/net.createmod.catnip.config.ConfigBase$CValue.get(ConfigBase.java:128) ~[ponder-neoforge-1.0.82+mc1.21.1.jar%23540!/:1.0.82+mc1.21.1]
	at TRANSFORMER/createqol@1.6.3-fix1/fr.iglee42.createqualityoflife.utils.QOLConfigurableItem.appliesReach(QOLConfigurableItem.java:128) ~[Create%20Quality%20of%20Life-1.21.1-1.6.3-fix1.jar%23256!/:?]
	at TRANSFORMER/createqol@1.6.3-fix1/fr.iglee42.createqualityoflife.utils.QOLConfigurableItem.getAppliedAttributes(QOLConfigurableItem.java:136) ~[Create%20Quality%20of%20Life-1.21.1-1.6.3-fix1.jar%23256!/:?]
	at TRANSFORMER/createqol@1.6.3-fix1/fr.iglee42.createqualityoflife.utils.QOLConfigurableItem.modifyAttributes(QOLConfigurableItem.java:147) ~[Create%20Quality%20of%20Life-1.21.1-1.6.3-fix1.jar%23256!/:?]
	at MC-BOOTSTRAP/net.neoforged.bus/net.neoforged.bus.ConsumerEventHandler.invoke(ConsumerEventHandler.java:27) ~[bus-8.0.5.jar%2362!/:?]
	at MC-BOOTSTRAP/net.neoforged.bus/net.neoforged.bus.EventBus.post(EventBus.java:360) ~[bus-8.0.5.jar%2362!/:?]
	at MC-BOOTSTRAP/net.neoforged.bus/net.neoforged.bus.EventBus.post(EventBus.java:328) ~[bus-8.0.5.jar%2362!/:?]
	at TRANSFORMER/neoforge@21.1.250/net.neoforged.neoforge.common.CommonHooks.computeModifiedAttributes(CommonHooks.java:957) ~[neoforge-21.1.250-universal.jar%23231!/:?]
	at TRANSFORMER/neoforge@21.1.250/net.neoforged.neoforge.common.extensions.IItemStackExtension.getAttributeModifiers(IItemStackExtension.java:514) ~[neoforge-21.1.250-universal.jar%23231!/:?]
	at TRANSFORMER/minecolonies@1.1.1383-1.21.1-snapshot/com.minecolonies.api.util.ItemStackUtils.getItemStackAttributeValue(ItemStackUtils.java:1032) ~[minecolonies-1.1.1383-1.21.1-snapshot.jar%23308!/:1.1.1383-1.21.1-snapshot]
	at TRANSFORMER/minecolonies@1.1.1383-1.21.1-snapshot/com.minecolonies.api.util.ItemStackUtils.getArmorValue(ItemStackUtils.java:342) ~[minecolonies-1.1.1383-1.21.1-snapshot.jar%23308!/:1.1.1383-1.21.1-snapshot]
	at TRANSFORMER/minecolonies@1.1.1383-1.21.1-snapshot/com.minecolonies.api.util.ItemStackUtils.getArmorLevel(ItemStackUtils.java:314) ~[minecolonies-1.1.1383-1.21.1-snapshot.jar%23308!/:1.1.1383-1.21.1-snapshot]
	at TRANSFORMER/minecolonies@1.1.1383-1.21.1-snapshot/com.minecolonies.api.equipment.ModEquipmentTypes.initRegisterEquipmentTiers(ModEquipmentTypes.java:269) ~[minecolonies-1.1.1383-1.21.1-snapshot.jar%23308!/:1.1.1383-1.21.1-snapshot]
	at java.base/java.util.concurrent.CompletableFuture$AsyncRun.run(CompletableFuture.java:1804) ~[?:?]
	at MC-BOOTSTRAP/fml_loader@4.0.44/net.neoforged.fml.DeferredWorkQueue.lambda$makeRunnable$2(DeferredWorkQueue.java:67) ~[loader-4.0.44.jar%2359!/:4.0]
	at MC-BOOTSTRAP/fml_loader@4.0.44/net.neoforged.fml.DeferredWorkQueue.makeRunnable(DeferredWorkQueue.java:62) ~[loader-4.0.44.jar%2359!/:4.0]
	at MC-BOOTSTRAP/fml_loader@4.0.44/net.neoforged.fml.DeferredWorkQueue.lambda$runTasks$0(DeferredWorkQueue.java:47) ~[loader-4.0.44.jar%2359!/:4.0]
	at java.base/java.util.concurrent.ConcurrentLinkedDeque.forEach(ConcurrentLinkedDeque.java:1650) ~[?:?]
	at MC-BOOTSTRAP/fml_loader@4.0.44/net.neoforged.fml.DeferredWorkQueue.runTasks(DeferredWorkQueue.java:47) ~[loader-4.0.44.jar%2359!/:4.0]
	at java.base/java.util.concurrent.CompletableFuture$AsyncRun.run(CompletableFuture.java:1804) ~[?:?]
	at java.base/java.util.concurrent.ThreadPoolExecutor.runWorker(ThreadPoolExecutor.java:1144) ~[?:?]
	at java.base/java.util.concurrent.ThreadPoolExecutor$Worker.run(ThreadPoolExecutor.java:642) ~[?:?]
	at java.base/java.lang.Thread.run(Thread.java:1583) [?:?]
[13Sep2026 17:30:32.748] [modloading-sync-worker/ERROR] [com.armilp.ezvcsurvival.EZVCSurvival/]: VIBRATION_FREQUENCY_FOR_EVENT is not an Object2IntOpenHashMap!
[13Sep2026 17:30:32.753] [Structurize IO Worker #0/INFO] [structurize/]: Registered structure pack: Pagoda
[13Sep2026 17:30:32.754] [Structurize IO Worker #0/INFO] [structurize/]: Registered structure pack: Colonial
[13Sep2026 17:30:32.754] [Structurize IO Worker #0/INFO] [structurize/]: Registered structure pack: Dark Oak Treehouse
[13Sep2026 17:30:32.754] [Structurize IO Worker #0/INFO] [structurize/]: Registered structure pack: Incan
[13Sep2026 17:30:32.754] [Structurize IO Worker #0/INFO] [structurize/]: Registered structure pack: Nordic Spruce
[13Sep2026 17:30:32.754] [Structurize IO Worker #0/INFO] [structurize/]: Registered structure pack: Fortress
[13Sep2026 17:30:32.754] [Structurize IO Worker #0/INFO] [structurize/]: Registered structure pack: Warped Netherlands
[13Sep2026 17:30:32.754] [Structurize IO Worker #0/INFO] [structurize/]: Registered structure pack: Lost Mesa City
[13Sep2026 17:30:32.754] [Structurize IO Worker #0/INFO] [structurize/]: Registered structure pack: Caledonia
[13Sep2026 17:30:32.754] [Structurize IO Worker #0/INFO] [structurize/]: Registered structure pack: Urban Savanna
[13Sep2026 17:30:32.754] [Structurize IO Worker #0/INFO] [structurize/]: Registered structure pack: Shire
[13Sep2026 17:30:32.754] [Structurize IO Worker #0/INFO] [structurize/]: Registered structure pack: Minecolonies Original
[13Sep2026 17:30:32.754] [Structurize IO Worker #0/INFO] [structurize/]: Registered structure pack: Medieval Oak
[13Sep2026 17:30:32.755] [Structurize IO Worker #0/INFO] [structurize/]: Registered structure pack: Desert Oasis
[13Sep2026 17:30:32.755] [Structurize IO Worker #0/INFO] [structurize/]: Registered structure pack: Cavern
[13Sep2026 17:30:32.755] [Structurize IO Worker #0/INFO] [structurize/]: Registered structure pack: Space Wars
[13Sep2026 17:30:32.755] [Structurize IO Worker #0/INFO] [structurize/]: Registered structure pack: Stalactite Caves
[13Sep2026 17:30:32.755] [Structurize IO Worker #0/INFO] [structurize/]: Registered structure pack: Urban Birch
[13Sep2026 17:30:32.755] [Structurize IO Worker #0/INFO] [structurize/]: Registered structure pack: Jungle Treehouse
[13Sep2026 17:30:32.755] [Structurize IO Worker #0/INFO] [structurize/]: Registered structure pack: Ancient Athens
[13Sep2026 17:30:32.755] [Structurize IO Worker #0/INFO] [structurize/]: Registered structure pack: Medieval Birch
[13Sep2026 17:30:32.755] [Structurize IO Worker #0/INFO] [structurize/]: Registered structure pack: Medieval Dark Oak
[13Sep2026 17:30:32.755] [Structurize IO Worker #0/INFO] [structurize/]: Registered structure pack: Medieval Spruce
[13Sep2026 17:30:32.756] [Structurize IO Worker #0/WARN] [structurize/]: Failed loading packs from main folder path: .
[13Sep2026 17:30:32.756] [Structurize IO Worker #0/WARN] [structurize/]: Failed loading client packs from main folder path: .
[13Sep2026 17:30:32.756] [Structurize IO Worker #0/WARN] [structurize/]: Finished discovering Server Structure packs
[13Sep2026 17:30:32.764] [modloading-sync-worker/INFO] [net.swzo.createsa_tank_fix.CreateSATankFix/]: [CreateSATankFix] Successfully registered hacked tank capability for: create_sa:small_filling_tank
[13Sep2026 17:30:32.764] [modloading-sync-worker/INFO] [net.swzo.createsa_tank_fix.CreateSATankFix/]: [CreateSATankFix] Successfully registered hacked tank capability for: create_sa:medium_filling_tank
[13Sep2026 17:30:32.764] [modloading-sync-worker/INFO] [net.swzo.createsa_tank_fix.CreateSATankFix/]: [CreateSATankFix] Successfully registered hacked tank capability for: create_sa:large_filling_tank
[13Sep2026 17:30:32.764] [modloading-sync-worker/INFO] [net.swzo.createsa_tank_fix.CreateSATankFix/]: [CreateSATankFix] Successfully registered hacked tank capability for: create_sa:small_fueling_tank
[13Sep2026 17:30:32.764] [modloading-sync-worker/INFO] [net.swzo.createsa_tank_fix.CreateSATankFix/]: [CreateSATankFix] Successfully registered hacked tank capability for: create_sa:medium_fueling_tank
[13Sep2026 17:30:32.764] [modloading-sync-worker/INFO] [net.swzo.createsa_tank_fix.CreateSATankFix/]: [CreateSATankFix] Successfully registered hacked tank capability for: create_sa:large_fueling_tank
[13Sep2026 17:30:32.789] [NeoForge Version Check/INFO] [net.neoforged.fml.VersionChecker/]: [mr_netherrack_recipe] Found status: OUTDATED Current: 1 Target: 1+mod
[13Sep2026 17:30:32.789] [NeoForge Version Check/INFO] [net.neoforged.fml.VersionChecker/]: [mr_create_coalrecipe] Starting version check at https://api.modrinth.com/updates/rDH5tdx9/forge_updates.json?neoforge=only
[13Sep2026 17:30:32.803] [modloading-sync-worker/WARN] [mixin/]: Static binding violation: PRIVATE @Overwrite method readChunk in c2me-rewrites-chunk-system.mixins.json:async_serialization.MixinThreadedAnvilChunkStorage from mod c2me_rewrites_chunk_system cannot reduce visibiliy of PUBLIC target method, visibility will be upgraded.
[13Sep2026 17:30:32.895] [modloading-worker-0/WARN] [minecolonies/]: Register mappings
[13Sep2026 17:30:32.910] [NeoForge Version Check/INFO] [net.neoforged.fml.VersionChecker/]: [mr_create_coalrecipe] Found status: OUTDATED Current: 1 Target: 1+mod
[13Sep2026 17:30:32.910] [NeoForge Version Check/INFO] [net.neoforged.fml.VersionChecker/]: [voicechat] Starting version check at https://update.maxhenkel.de/neoforge/voicechat
[13Sep2026 17:30:32.925] [modloading-worker-0/INFO] [snownee.jade.Jade/]: Start loading plugin from de.maxhenkel.gravestone.integration.waila.PluginGraveStone
[13Sep2026 17:30:32.934] [modloading-worker-0/INFO] [snownee.jade.Jade/]: Start loading plugin from de.theidler.create_mobile_packages.compat.jade.JadePlugin
[13Sep2026 17:30:32.935] [modloading-worker-0/INFO] [snownee.jade.Jade/]: Start loading plugin from net.p3pp3rf1y.sophisticatedstorage.compat.jade.StorageJadePlugin
[13Sep2026 17:30:32.935] [modloading-worker-0/INFO] [snownee.jade.Jade/]: Start loading plugin from snownee.jade.addon.vanilla.VanillaPlugin
[13Sep2026 17:30:32.946] [modloading-worker-0/INFO] [snownee.jade.Jade/]: Start loading plugin from snownee.jade.addon.universal.UniversalPlugin
[13Sep2026 17:30:32.950] [modloading-worker-0/INFO] [snownee.jade.Jade/]: Start loading plugin from snownee.jade.addon.debug.DebugPlugin
[13Sep2026 17:30:32.951] [modloading-worker-0/INFO] [snownee.jade.Jade/]: Start loading plugin from snownee.jade.addon.core.CorePlugin
[13Sep2026 17:30:32.952] [modloading-worker-0/INFO] [snownee.jade.Jade/]: Start loading plugin from snownee.jade.addon.access.AccessibilityPlugin
[13Sep2026 17:30:32.952] [modloading-worker-0/INFO] [snownee.jade.Jade/]: Start loading plugin from steve_gall.minecolonies_compatibility.module.common.jade.JadePlugin
[13Sep2026 17:30:33.002] [NeoForge Version Check/INFO] [net.neoforged.fml.VersionChecker/]: [voicechat] Found status: UP_TO_DATE Current: 1.21.1-2.6.23 Target: null
[13Sep2026 17:30:33.004] [NeoForge Version Check/INFO] [net.neoforged.fml.VersionChecker/]: [gravestone] Starting version check at https://update.maxhenkel.de/neoforge/gravestone
[13Sep2026 17:30:33.021] [NeoForge Version Check/INFO] [net.neoforged.fml.VersionChecker/]: [gravestone] Found status: UP_TO_DATE Current: 1.21.1-1.0.40 Target: null
[13Sep2026 17:30:33.021] [NeoForge Version Check/INFO] [net.neoforged.fml.VersionChecker/]: [mr_create_renewablebrass] Starting version check at https://api.modrinth.com/updates/AqQzrKJo/forge_updates.json?neoforge=only
[13Sep2026 17:30:33.110] [modloading-sync-worker/INFO] [Create cobblestone NeoForge/]: Registering packets for Create cobblestone NeoForge
[13Sep2026 17:30:33.171] [NeoForge Version Check/INFO] [net.neoforged.fml.VersionChecker/]: [mr_create_renewablebrass] Found status: OUTDATED Current: 1.0.2 Target: 1.0.2+mod
[13Sep2026 17:30:33.171] [NeoForge Version Check/INFO] [net.neoforged.fml.VersionChecker/]: [mr_create_diamondproduction] Starting version check at https://api.modrinth.com/updates/jxcqrCWz/forge_updates.json?neoforge=only
[13Sep2026 17:30:33.284] [main/INFO] [com.mojang.authlib.yggdrasil.YggdrasilAuthenticationService/]: Environment: Environment[sessionHost=https://sessionserver.mojang.com, servicesHost=https://api.minecraftservices.com, name=PROD]
[13Sep2026 17:30:33.295] [NeoForge Version Check/INFO] [net.neoforged.fml.VersionChecker/]: [mr_create_diamondproduction] Found status: OUTDATED Current: 1 Target: 1+mod
[13Sep2026 17:30:33.295] [NeoForge Version Check/INFO] [net.neoforged.fml.VersionChecker/]: [mr_create_jetpackvesselrecipefix] Starting version check at https://api.modrinth.com/updates/1Q74Gtvt/forge_updates.json?neoforge=only
[13Sep2026 17:30:33.358] [main/WARN] [net.minecraft.server.packs.VanillaPackResourcesBuilder/]: Assets URL 'union:/home/amp/.ampdata/instances/FusionCreateMine01/Minecraft/libraries/net/minecraft/server/1.21.1-20240808.144430/server-1.21.1-20240808.144430-srg.jar%23230!/assets/.mcassetsroot' uses unexpected schema
[13Sep2026 17:30:33.358] [main/WARN] [net.minecraft.server.packs.VanillaPackResourcesBuilder/]: Assets URL 'union:/home/amp/.ampdata/instances/FusionCreateMine01/Minecraft/libraries/net/minecraft/server/1.21.1-20240808.144430/server-1.21.1-20240808.144430-srg.jar%23230!/data/.mcassetsroot' uses unexpected schema
[13Sep2026 17:30:33.423] [NeoForge Version Check/INFO] [net.neoforged.fml.VersionChecker/]: [mr_create_jetpackvesselrecipefix] Found status: OUTDATED Current: 1 Target: 1+mod
[13Sep2026 17:30:33.423] [NeoForge Version Check/INFO] [net.neoforged.fml.VersionChecker/]: [sleeping_bags] Starting version check at https://update.maxhenkel.de/neoforge/sleeping_bags
[13Sep2026 17:30:33.441] [NeoForge Version Check/INFO] [net.neoforged.fml.VersionChecker/]: [sleeping_bags] Found status: BETA Current: 1.21.1-1.0.9 Target: 1.21.1-1.0.8
[13Sep2026 17:30:33.441] [NeoForge Version Check/INFO] [net.neoforged.fml.VersionChecker/]: [mr_create_zincrecipe] Starting version check at https://api.modrinth.com/updates/UT3EnpiI/forge_updates.json?neoforge=only
[13Sep2026 17:30:33.445] [main/INFO] [com.simibubi.create.Create/]: Created 157 recipes which will be injected into the game
[13Sep2026 17:30:33.449] [main/INFO] [com.simibubi.create.Create/]: Created 0 tags which will be injected into the game
[13Sep2026 17:30:33.460] [main/INFO] [plus.dragons.createdragonsplus.data.runtime.RuntimePackResources/]: Starting provider [plus.dragons.createdragonsplus.data.internal.CDPRuntimeRecipeProvider@73ebe37f] for runtime resource [create_dragons_plus:runtime]
[13Sep2026 17:30:33.477] [main/INFO] [plus.dragons.createdragonsplus.data.runtime.RuntimePackResources/]: plus.dragons.createdragonsplus.data.internal.CDPRuntimeRecipeProvider@73ebe37f finished after 17 ms
[13Sep2026 17:30:33.533] [main/INFO] [net.minecraft.server.MinecraftServer/]: Found new data pack fabric, loading it automatically
[13Sep2026 17:30:33.534] [main/INFO] [net.minecraft.server.MinecraftServer/]: Found new data pack create:dynamic_data, loading it automatically
[13Sep2026 17:30:33.534] [main/INFO] [net.minecraft.server.MinecraftServer/]: Found new data pack create_dragons_plus:runtime, loading it automatically
[13Sep2026 17:30:33.551] [main/INFO] [KubeJS Server/]: server_scripts:main.js#2: Hello, World! (Loaded server example script)
[13Sep2026 17:30:33.552] [main/INFO] [KubeJS Server/]: Loaded script server_scripts:main.js in 0.0 s
[13Sep2026 17:30:33.558] [main/INFO] [KubeJS Server/]: Loaded 1/1 KubeJS server scripts in 0.016 s with 0 errors and 0 warnings
[13Sep2026 17:30:33.564] [NeoForge Version Check/INFO] [net.neoforged.fml.VersionChecker/]: [mr_create_zincrecipe] Found status: OUTDATED Current: 1.20.1-1.1-Datapack Target: 1.21.1-1.1-Neoforge
[13Sep2026 17:30:33.564] [NeoForge Version Check/INFO] [net.neoforged.fml.VersionChecker/]: [mr_create_stones] Starting version check at https://api.modrinth.com/updates/KKlx33Ch/forge_updates.json?neoforge=only
[13Sep2026 17:30:33.723] [NeoForge Version Check/INFO] [net.neoforged.fml.VersionChecker/]: [mr_create_stones] Found status: OUTDATED Current: 2.0.1 Target: 2.0.1+mod
[13Sep2026 17:30:33.723] [NeoForge Version Check/INFO] [net.neoforged.fml.VersionChecker/]: [create_connected] Starting version check at https://raw.githubusercontent.com/hlysine/create_connected/main/update.json
[13Sep2026 17:30:33.752] [NeoForge Version Check/INFO] [net.neoforged.fml.VersionChecker/]: [create_connected] Found status: UP_TO_DATE Current: 1.3.3-mc1.21.1 Target: null
[13Sep2026 17:30:33.752] [NeoForge Version Check/INFO] [net.neoforged.fml.VersionChecker/]: [mr_mll] Starting version check at https://api.modrinth.com/updates/vrNwRK7O/forge_updates.json?neoforge=only
[13Sep2026 17:30:33.865] [NeoForge Version Check/INFO] [net.neoforged.fml.VersionChecker/]: [mr_mll] Found status: UP_TO_DATE Current: 1.0 Target: null
[13Sep2026 17:30:33.865] [NeoForge Version Check/INFO] [net.neoforged.fml.VersionChecker/]: [copycats] Starting version check at https://raw.githubusercontent.com/copycats-plus/copycats/multiloader/update.json
[13Sep2026 17:30:33.872] [NeoForge Version Check/INFO] [net.neoforged.fml.VersionChecker/]: [copycats] Found status: AHEAD Current: 3.0.9+mc.1.21.1-neoforge Target: null
[13Sep2026 17:30:33.872] [NeoForge Version Check/INFO] [net.neoforged.fml.VersionChecker/]: [create] Starting version check at https://api.modrinth.com/updates/create/forge_updates.json?neoforge=only
[13Sep2026 17:30:33.990] [NeoForge Version Check/INFO] [net.neoforged.fml.VersionChecker/]: [create] Found status: OUTDATED Current: 6.0.10 Target: 6.0.10+mc1.21.1
[13Sep2026 17:30:33.990] [NeoForge Version Check/INFO] [net.neoforged.fml.VersionChecker/]: [clumps] Starting version check at https://updates.blamejared.com/get?n=clumps&gv=1.21.1&ml=neoforge
[13Sep2026 17:30:34.069] [NeoForge Version Check/INFO] [net.neoforged.fml.VersionChecker/]: [clumps] Found status: BETA Current: 19.0.0.1 Target: 19.0.0.1
[13Sep2026 17:30:34.069] [NeoForge Version Check/INFO] [net.neoforged.fml.VersionChecker/]: [mr_create_crimsiterecipe] Starting version check at https://api.modrinth.com/updates/t1fcPMyu/forge_updates.json?neoforge=only
[13Sep2026 17:30:34.179] [Worker-Main-5/ERROR] [net.minecraft.world.level.storage.loot.LootDataType/]: Couldn't parse element ResourceKey[minecraft:root / minecraft:loot_table]:createcasing:blocks/weathered_iron_slicer - Unknown registry key in ResourceKey[minecraft:root / minecraft:item]: createcasing:weathered_iron_slicer
[13Sep2026 17:30:34.180] [Worker-Main-5/ERROR] [net.minecraft.world.level.storage.loot.LootDataType/]: Couldn't parse element ResourceKey[minecraft:root / minecraft:loot_table]:create_connected:blocks/dye_depot_amber_fan_dyeing_catalyst - Unknown registry key in ResourceKey[minecraft:root / minecraft:item]: create_connected:dye_depot_amber_fan_dyeing_catalyst
[13Sep2026 17:30:34.183] [NeoForge Version Check/INFO] [net.neoforged.fml.VersionChecker/]: [mr_create_crimsiterecipe] Found status: OUTDATED Current: 1 Target: 1+mod
[13Sep2026 17:30:34.183] [NeoForge Version Check/INFO] [net.neoforged.fml.VersionChecker/]: [mr_create_aeronauticsultimatefactoryrecipefix] Starting version check at https://api.modrinth.com/updates/mFXRseBe/forge_updates.json?neoforge=only
[13Sep2026 17:30:34.201] [Worker-Main-5/ERROR] [net.minecraft.world.level.storage.loot.LootDataType/]: Couldn't parse element ResourceKey[minecraft:root / minecraft:loot_table]:create_connected:blocks/dye_depot_coral_fan_dyeing_catalyst - Unknown registry key in ResourceKey[minecraft:root / minecraft:item]: create_connected:dye_depot_coral_fan_dyeing_catalyst
[13Sep2026 17:30:34.212] [Worker-Main-5/ERROR] [net.minecraft.world.level.storage.loot.LootDataType/]: Couldn't parse element ResourceKey[minecraft:root / minecraft:loot_table]:create_connected:blocks/dye_depot_forest_fan_dyeing_catalyst - Unknown registry key in ResourceKey[minecraft:root / minecraft:item]: create_connected:dye_depot_forest_fan_dyeing_catalyst
[13Sep2026 17:30:34.229] [Worker-Main-5/ERROR] [net.minecraft.world.level.storage.loot.LootDataType/]: Couldn't parse element ResourceKey[minecraft:root / minecraft:loot_table]:createcasing:blocks/railway_slicer - Unknown registry key in ResourceKey[minecraft:root / minecraft:item]: createcasing:railway_slicer
[13Sep2026 17:30:34.233] [Worker-Main-5/ERROR] [net.minecraft.world.level.storage.loot.LootDataType/]: Couldn't parse element ResourceKey[minecraft:root / minecraft:loot_table]:createcasing:blocks/industrial_iron_slicer - Unknown registry key in ResourceKey[minecraft:root / minecraft:item]: createcasing:industrial_iron_slicer
[13Sep2026 17:30:34.247] [Worker-Main-5/ERROR] [net.minecraft.world.level.storage.loot.LootDataType/]: Couldn't parse element ResourceKey[minecraft:root / minecraft:loot_table]:createcasing:blocks/shadow_steel_slicer - Unknown registry key in ResourceKey[minecraft:root / minecraft:item]: createcasing:shadow_steel_slicer
[13Sep2026 17:30:34.253] [Worker-Main-5/ERROR] [net.minecraft.world.level.storage.loot.LootDataType/]: Couldn't parse element ResourceKey[minecraft:root / minecraft:loot_table]:create_connected:blocks/dye_depot_aqua_fan_dyeing_catalyst - Unknown registry key in ResourceKey[minecraft:root / minecraft:item]: create_connected:dye_depot_aqua_fan_dyeing_catalyst
[13Sep2026 17:30:34.258] [Worker-Main-5/ERROR] [net.minecraft.world.level.storage.loot.LootDataType/]: Couldn't parse element ResourceKey[minecraft:root / minecraft:loot_table]:create_connected:blocks/dye_depot_slate_fan_dyeing_catalyst - Unknown registry key in ResourceKey[minecraft:root / minecraft:item]: create_connected:dye_depot_slate_fan_dyeing_catalyst
[13Sep2026 17:30:34.267] [Worker-Main-5/ERROR] [net.minecraft.world.level.storage.loot.LootDataType/]: Couldn't parse element ResourceKey[minecraft:root / minecraft:loot_table]:create_connected:blocks/dye_depot_ginger_fan_dyeing_catalyst - Unknown registry key in ResourceKey[minecraft:root / minecraft:item]: create_connected:dye_depot_ginger_fan_dyeing_catalyst
[13Sep2026 17:30:34.278] [Worker-Main-5/ERROR] [net.minecraft.world.level.storage.loot.LootDataType/]: Couldn't parse element ResourceKey[minecraft:root / minecraft:loot_table]:create_connected:blocks/dye_depot_rose_fan_dyeing_catalyst - Unknown registry key in ResourceKey[minecraft:root / minecraft:item]: create_connected:dye_depot_rose_fan_dyeing_catalyst
[13Sep2026 17:30:34.280] [Worker-Main-5/ERROR] [net.minecraft.world.level.storage.loot.LootDataType/]: Couldn't parse element ResourceKey[minecraft:root / minecraft:loot_table]:createcasing:blocks/copper_slicer - Unknown registry key in ResourceKey[minecraft:root / minecraft:item]: createcasing:copper_slicer
[13Sep2026 17:30:34.283] [Worker-Main-5/ERROR] [net.minecraft.world.level.storage.loot.LootDataType/]: Couldn't parse element ResourceKey[minecraft:root / minecraft:loot_table]:createdieselgenerators:blocks/andesite_girder_strut - Unknown registry key in ResourceKey[minecraft:root / minecraft:item]: createdieselgenerators:andesite_girder_strut
[13Sep2026 17:30:34.288] [Worker-Main-5/ERROR] [net.minecraft.world.level.storage.loot.LootDataType/]: Couldn't parse element ResourceKey[minecraft:root / minecraft:loot_table]:drivebysable:blocks/advanced_cable_hub - Unknown registry key in ResourceKey[minecraft:root / minecraft:item]: drivebysable:advanced_cable_hub
[13Sep2026 17:30:34.293] [Worker-Main-5/ERROR] [net.minecraft.world.level.storage.loot.LootDataType/]: Couldn't parse element ResourceKey[minecraft:root / minecraft:loot_table]:create_connected:blocks/dye_depot_maroon_fan_dyeing_catalyst - Unknown registry key in ResourceKey[minecraft:root / minecraft:item]: create_connected:dye_depot_maroon_fan_dyeing_catalyst
[13Sep2026 17:30:34.293] [Worker-Main-5/ERROR] [net.minecraft.world.level.storage.loot.LootDataType/]: Couldn't parse element ResourceKey[minecraft:root / minecraft:loot_table]:create_connected:blocks/dye_depot_mint_fan_dyeing_catalyst - Unknown registry key in ResourceKey[minecraft:root / minecraft:item]: create_connected:dye_depot_mint_fan_dyeing_catalyst
[13Sep2026 17:30:34.294] [Worker-Main-5/ERROR] [net.minecraft.world.level.storage.loot.LootDataType/]: Couldn't parse element ResourceKey[minecraft:root / minecraft:loot_table]:createcasing:blocks/refined_radiance_slicer - Unknown registry key in ResourceKey[minecraft:root / minecraft:item]: createcasing:refined_radiance_slicer
[13Sep2026 17:30:34.303] [NeoForge Version Check/INFO] [net.neoforged.fml.VersionChecker/]: [mr_create_aeronauticsultimatefactoryrecipefix] Found status: BETA_OUTDATED Current: 0.1 Target: 0.1+mod
[13Sep2026 17:30:34.303] [NeoForge Version Check/INFO] [net.neoforged.fml.VersionChecker/]: [mr_create_redstonerecipe] Starting version check at https://api.modrinth.com/updates/CYSgjm6s/forge_updates.json?neoforge=only
[13Sep2026 17:30:34.306] [Worker-Main-5/ERROR] [net.minecraft.world.level.storage.loot.LootDataType/]: Couldn't parse element ResourceKey[minecraft:root / minecraft:loot_table]:create_connected:blocks/dye_depot_olive_fan_dyeing_catalyst - Unknown registry key in ResourceKey[minecraft:root / minecraft:item]: create_connected:dye_depot_olive_fan_dyeing_catalyst
[13Sep2026 17:30:34.311] [Worker-Main-5/ERROR] [net.minecraft.world.level.storage.loot.LootDataType/]: Couldn't parse element ResourceKey[minecraft:root / minecraft:loot_table]:create_connected:blocks/dye_depot_verdant_fan_dyeing_catalyst - Unknown registry key in ResourceKey[minecraft:root / minecraft:item]: create_connected:dye_depot_verdant_fan_dyeing_catalyst
[13Sep2026 17:30:34.313] [Worker-Main-5/ERROR] [net.minecraft.world.level.storage.loot.LootDataType/]: Couldn't parse element ResourceKey[minecraft:root / minecraft:loot_table]:createcasing:blocks/creative_slicer - Unknown registry key in ResourceKey[minecraft:root / minecraft:item]: createcasing:creative_slicer
[13Sep2026 17:30:34.314] [Worker-Main-5/ERROR] [net.minecraft.world.level.storage.loot.LootDataType/]: Couldn't parse element ResourceKey[minecraft:root / minecraft:loot_table]:minecolonies_compatibility:blocks/citizen_grid - Unknown registry key in ResourceKey[minecraft:root / minecraft:item]: minecolonies_compatibility:citizen_grid
[13Sep2026 17:30:34.321] [Worker-Main-5/ERROR] [net.minecraft.world.level.storage.loot.LootDataType/]: Couldn't parse element ResourceKey[minecraft:root / minecraft:loot_table]:create_connected:blocks/dye_depot_beige_fan_dyeing_catalyst - Unknown registry key in ResourceKey[minecraft:root / minecraft:item]: create_connected:dye_depot_beige_fan_dyeing_catalyst
[13Sep2026 17:30:34.330] [Worker-Main-5/ERROR] [net.minecraft.world.level.storage.loot.LootDataType/]: Couldn't parse element ResourceKey[minecraft:root / minecraft:loot_table]:createcasing:blocks/brass_slicer - Unknown registry key in ResourceKey[minecraft:root / minecraft:item]: createcasing:brass_slicer
[13Sep2026 17:30:34.339] [Worker-Main-5/ERROR] [net.minecraft.world.level.storage.loot.LootDataType/]: Couldn't parse element ResourceKey[minecraft:root / minecraft:loot_table]:create_connected:blocks/dye_depot_teal_fan_dyeing_catalyst - Unknown registry key in ResourceKey[minecraft:root / minecraft:item]: create_connected:dye_depot_teal_fan_dyeing_catalyst
[13Sep2026 17:30:34.346] [Worker-Main-5/ERROR] [net.minecraft.world.level.storage.loot.LootDataType/]: Couldn't parse element ResourceKey[minecraft:root / minecraft:loot_table]:create_connected:blocks/dye_depot_tan_fan_dyeing_catalyst - Unknown registry key in ResourceKey[minecraft:root / minecraft:item]: create_connected:dye_depot_tan_fan_dyeing_catalyst
[13Sep2026 17:30:34.347] [Worker-Main-5/ERROR] [net.minecraft.world.level.storage.loot.LootDataType/]: Couldn't parse element ResourceKey[minecraft:root / minecraft:loot_table]:create_connected:blocks/dye_depot_indigo_fan_dyeing_catalyst - Unknown registry key in ResourceKey[minecraft:root / minecraft:item]: create_connected:dye_depot_indigo_fan_dyeing_catalyst
[13Sep2026 17:30:34.350] [Worker-Main-5/ERROR] [net.minecraft.world.level.storage.loot.LootDataType/]: Couldn't parse element ResourceKey[minecraft:root / minecraft:loot_table]:create_connected:blocks/dye_depot_navy_fan_dyeing_catalyst - Unknown registry key in ResourceKey[minecraft:root / minecraft:item]: create_connected:dye_depot_navy_fan_dyeing_catalyst
[13Sep2026 17:30:34.410] [NeoForge Version Check/INFO] [net.neoforged.fml.VersionChecker/]: [mr_create_redstonerecipe] Found status: OUTDATED Current: 1 Target: 1+mod
[13Sep2026 17:30:35.092] [main/ERROR] [net.minecraft.world.item.crafting.RecipeManager/]: Parsing error loading recipe drivebysable:advanced_cable_hub: com.google.gson.JsonParseException: Unknown registry key in ResourceKey[minecraft:root / minecraft:item]: drivebysable:advanced_cable_hub
[13Sep2026 17:30:35.198] [main/ERROR] [net.minecraft.world.item.crafting.RecipeManager/]: Parsing error loading recipe stones:mixing/dirt: com.google.gson.JsonParseException: Failed to parse either. First: No key amount in MapLike[{"item":"minecraft:dirt"}]; No key id in MapLike[{"item":"minecraft:dirt"}]; Second: Failed to parse either. First: No key id in MapLike[{"item":"minecraft:dirt"}]; Second: Failed to parse either. First: Not a JSON object: "minecraft:dirt"; Second: Compat cannot be deserialized
[13Sep2026 17:30:35.203] [main/INFO] [net.minecraft.world.item.crafting.RecipeManager/]: Loaded 5040 recipes
[13Sep2026 17:30:35.417] [main/INFO] [net.minecraft.advancements.AdvancementTree/]: Loaded 3926 advancements
[13Sep2026 17:30:35.423] [main/INFO] [Curios API/]: Loaded 11 curio slots
[13Sep2026 17:30:35.426] [main/INFO] [Curios API/]: Loaded 1 curio entities
[13Sep2026 17:30:35.438] [main/INFO] [Moonlight/]: Failed to load custom color set definition {"id":"quark:rune","colors":{"default":"quark:blank_rune"},"replace":false}. Ignoring
[13Sep2026 17:30:35.439] [main/INFO] [Moonlight/]: Failed to load custom color set definition {"id":"suppsquared:sack","colors":{"default":"supplementaries:sack"},"replace":false}. Ignoring
[13Sep2026 17:30:35.439] [main/INFO] [Moonlight/]: Failed to load custom color set definition {"id":"quark:shard","colors":{"default":"quark:clear_shard"},"replace":false}. Ignoring
[13Sep2026 17:30:35.441] [main/INFO] [minecolonies/]: Beginning load of custom recipes for colony workers
[13Sep2026 17:30:35.449] [main/INFO] [minecolonies/]: Loaded 162 recipes for 16 crafters
[13Sep2026 17:30:35.450] [main/INFO] [minecolonies/]: Research loading...
[13Sep2026 17:30:35.461] [main/INFO] [minecolonies/]: Research loaded. Located 4 branches, 208 researches and 103 effects.
[13Sep2026 17:30:35.463] [main/INFO] [minecolonies/]: Loading quests from data
[13Sep2026 17:30:35.470] [main/INFO] [minecolonies/]: Finished loading quests from data
[13Sep2026 17:30:35.470] [main/WARN] [minecolonies/]: Read 1 items with their nbt keys for compatibility.
[13Sep2026 17:30:35.472] [main/WARN] [minecolonies/]: Read 1635 items with their nbt keys for compatibility.
[13Sep2026 17:30:35.472] [main/INFO] [minecolonies/]: [Study items Loader]: Starting reload...
[13Sep2026 17:30:35.473] [main/INFO] [minecolonies/]: [Study items Loader]: Finished reloading. 2 entries created.
[13Sep2026 17:30:35.474] [main/INFO] [Create cobblestone NeoForge/]: Generator types cleared
[13Sep2026 17:30:35.474] [main/INFO] [Create cobblestone NeoForge/]: Loading generator types from datapacks
[13Sep2026 17:30:35.475] [main/INFO] [Create cobblestone NeoForge/]: Generator types loading done
[13Sep2026 17:30:35.485] [main/INFO] [fr.iglee42.createqualityoflife.CreateQOL/]: Reloading Liquids for Blaze Burner...
[13Sep2026 17:30:35.487] [main/INFO] [fr.iglee42.createqualityoflife.CreateQOL/]: Liquids for Blaze Burner Reloaded, found 2 liquids.
[13Sep2026 17:30:35.489] [main/INFO] [placebo/]: Registered 0 gear_sets.
[13Sep2026 17:30:35.490] [main/INFO] [placebo/]: Registered 0 wanderer_trades.
[13Sep2026 17:30:35.491] [main/INFO] [placebo/]: Registered 0 brewing_mixes.
[13Sep2026 17:30:35.653] [main/WARN] [ModernFix/]: Initial datapack load took 2.162 s
[13Sep2026 17:30:35.714] [Server thread/INFO] [net.minecraft.server.dedicated.DedicatedServer/]: Starting minecraft server version 1.21.1
[13Sep2026 17:30:35.715] [Server thread/INFO] [net.minecraft.server.dedicated.DedicatedServer/]: Loading properties
[13Sep2026 17:30:35.715] [Server thread/INFO] [net.minecraft.server.dedicated.DedicatedServer/]: Default game type: SURVIVAL
[13Sep2026 17:30:35.715] [Server thread/INFO] [net.minecraft.server.MinecraftServer/]: Generating keypair
[13Sep2026 17:30:35.754] [Server thread/INFO] [net.minecraft.server.dedicated.DedicatedServer/]: Starting Minecraft server on 0.0.0.0:16767
[13Sep2026 17:30:35.781] [Server thread/INFO] [dev.ryanhcode.sable.Sable/]: Adding UDP server channel future
[13Sep2026 17:30:35.810] [Netty Epoll Server IO #0/INFO] [dev.ryanhcode.sable.Sable/]: Server UDP channel active
[13Sep2026 17:30:35.810] [Server thread/INFO] [net.minecraft.server.network.ServerConnectionListener/]: Using epoll channel type
[13Sep2026 17:30:35.883] [Server thread/INFO] [net.minecraft.server.dedicated.DedicatedServer/]: Preparing level "world"
[13Sep2026 17:30:35.940] [Server thread/INFO] [CheckedThreadLocalRandom/]: Enforcing safe world random access
[13Sep2026 17:30:35.954] [Server thread/INFO] [dev.ryanhcode.sable.Sable/]: Creating physics pipeline for ResourceKey[minecraft:dimension / minecraft:overworld] using RapierPhysicsPipelineProvider
[13Sep2026 17:30:35.964] [Server thread/INFO] [dev.ryanhcode.sable.Sable/]: Using game directory relative Sable Rapier native directory /home/amp/.ampdata/instances/FusionCreateMine01/Minecraft/.sable/natives
[13Sep2026 17:30:36.074] [Server thread/ERROR] [dev.ryanhcode.sable.Sable/]: Failed to apply tag physics properties. Unknown block: copycats:copycat_catwalk
[13Sep2026 17:30:36.084] [Server thread/ERROR] [dev.ryanhcode.sable.Sable/]: Failed to apply tag physics properties. Unknown block: copycats:copycat_step
[13Sep2026 17:30:36.085] [Server thread/ERROR] [dev.ryanhcode.sable.Sable/]: Failed to apply tag physics properties. Unknown block: copycats:copycat_dence
[13Sep2026 17:30:36.085] [Server thread/ERROR] [dev.ryanhcode.sable.Sable/]: Failed to apply tag physics properties. Unknown block: framedblocks:framed_collapsible_copycat_block
[13Sep2026 17:30:36.564] [Server thread/INFO] [STDOUT/]: [net.minecraft.world.level.levelgen.RandomState:handler$zga000$c2me_opts_dfc$postCreate:599]: Density function compilation finished in 290.3 ms
[13Sep2026 17:30:36.633] [Server thread/INFO] [TheSpeedyObjectFactory/]: Using TheSpeedyObjectFactory with Unsafe
[13Sep2026 17:30:36.830] [Server thread/INFO] [com.swigbox.sablecleanup.SableCleanupTools/]: Unloaded sub-level scan: 0 region file(s) in ./world/sublevels, found 0 sub-level(s)
[13Sep2026 17:30:36.832] [Server thread/INFO] [dev.ryanhcode.sable.Sable/]: Creating physics pipeline for ResourceKey[minecraft:dimension / minecraft:the_nether] using RapierPhysicsPipelineProvider
[13Sep2026 17:30:36.853] [Server thread/ERROR] [dev.ryanhcode.sable.Sable/]: Failed to apply tag physics properties. Unknown block: copycats:copycat_catwalk
[13Sep2026 17:30:36.890] [Server thread/ERROR] [dev.ryanhcode.sable.Sable/]: Failed to apply tag physics properties. Unknown block: copycats:copycat_step
[13Sep2026 17:30:36.890] [Server thread/ERROR] [dev.ryanhcode.sable.Sable/]: Failed to apply tag physics properties. Unknown block: copycats:copycat_dence
[13Sep2026 17:30:36.890] [Server thread/ERROR] [dev.ryanhcode.sable.Sable/]: Failed to apply tag physics properties. Unknown block: framedblocks:framed_collapsible_copycat_block
[13Sep2026 17:30:36.925] [Server thread/INFO] [STDOUT/]: [net.minecraft.world.level.levelgen.RandomState:handler$zga000$c2me_opts_dfc$postCreate:599]: Density function compilation finished in 15.49 ms
[13Sep2026 17:30:37.495] [Server thread/INFO] [com.swigbox.sablecleanup.SableCleanupTools/]: Unloaded sub-level scan: 0 region file(s) in ./world/DIM-1/sublevels, found 0 sub-level(s)
[13Sep2026 17:30:37.495] [Server thread/INFO] [dev.ryanhcode.sable.Sable/]: Creating physics pipeline for ResourceKey[minecraft:dimension / minecraft:the_end] using RapierPhysicsPipelineProvider
[13Sep2026 17:30:37.498] [Server thread/ERROR] [dev.ryanhcode.sable.Sable/]: Failed to apply tag physics properties. Unknown block: copycats:copycat_catwalk
[13Sep2026 17:30:37.504] [Server thread/ERROR] [dev.ryanhcode.sable.Sable/]: Failed to apply tag physics properties. Unknown block: copycats:copycat_step
[13Sep2026 17:30:37.505] [Server thread/ERROR] [dev.ryanhcode.sable.Sable/]: Failed to apply tag physics properties. Unknown block: copycats:copycat_dence
[13Sep2026 17:30:37.505] [Server thread/ERROR] [dev.ryanhcode.sable.Sable/]: Failed to apply tag physics properties. Unknown block: framedblocks:framed_collapsible_copycat_block
[13Sep2026 17:30:37.516] [Server thread/INFO] [STDOUT/]: [net.minecraft.world.level.levelgen.RandomState:handler$zga000$c2me_opts_dfc$postCreate:599]: Density function compilation finished in 7.855 ms
[13Sep2026 17:30:37.530] [Server thread/INFO] [com.swigbox.sablecleanup.SableCleanupTools/]: Unloaded sub-level scan: 0 region file(s) in ./world/DIM1/sublevels, found 0 sub-level(s)
[13Sep2026 17:30:37.532] [Server thread/INFO] [net.minecraft.server.MinecraftServer/]: Preparing start region for dimension minecraft:overworld
[13Sep2026 17:30:37.546] [Server thread/INFO] [KubeJS Server/]: Server resource reload complete!
[13Sep2026 17:30:37.679] [c2me-worker-5/INFO] [net.minecraft.server.level.progress.LoggerChunkProgressListener/]: Preparing spawn area: 0%
[13Sep2026 17:30:37.679] [c2me-worker-0/INFO] [net.minecraft.server.level.progress.LoggerChunkProgressListener/]: Preparing spawn area: 0%
[13Sep2026 17:30:37.931] [Server thread/INFO] [net.minecraft.server.level.progress.LoggerChunkProgressListener/]: Time elapsed: 398 ms
[13Sep2026 17:30:37.931] [Server thread/INFO] [net.minecraft.server.dedicated.DedicatedServer/]: Done (2.109s)! For help, type "help"
[13Sep2026 17:30:38.009] [Server thread/INFO] [net.neoforged.neoforge.server.permission.PermissionAPI/]: Successfully initialized permission handler neoforge:default_handler
[13Sep2026 17:30:38.010] [Server thread/INFO] [org.code.structures.Structures/]: HELLO from server starting
[13Sep2026 17:30:38.010] [Server thread/INFO] [com.boulterie.gearboxed.CreateCompactGearbox/]: Server starting
[13Sep2026 17:30:38.025] [Server thread/INFO] [com.hotelbows.hotstuff.HotsAerostuff/]: Hot's Aerostuff server starting
[13Sep2026 17:30:38.034] [VoiceChatServerThread/INFO] [voicechat/]: [voicechat] Using server-ip as bind address: 0.0.0.0
[13Sep2026 17:30:38.034] [VoiceChatServerThread/INFO] [voicechat/]: [voicechat] Voice chat server started at 0.0.0.0:24454
[13Sep2026 17:30:38.034] [Server thread/WARN] [ModernFix/]: Dedicated server took 21.979 seconds to load
[13Sep2026 17:30:38.060] [Server thread/WARN] [minecolonies/]: Starting Compat Discovery
[13Sep2026 17:30:38.217] [Server thread/INFO] [minecolonies/]: Finished discovering Ores 21 24
[13Sep2026 17:30:38.217] [Server thread/INFO] [minecolonies/]: Finished discovering saplings 14
[13Sep2026 17:30:38.217] [Server thread/INFO] [minecolonies/]: Finished discovering plantables 19
[13Sep2026 17:30:38.217] [Server thread/INFO] [minecolonies/]: Finished discovering food 180 203
[13Sep2026 17:30:38.217] [Server thread/INFO] [minecolonies/]: Finished discovering fuel 321
[13Sep2026 17:30:38.217] [Server thread/INFO] [minecolonies/]: Finished discovering flowers 33
[13Sep2026 17:30:38.217] [Server thread/INFO] [minecolonies/]: Finished discovering items 3530
[13Sep2026 17:30:38.223] [Server thread/INFO] [minecolonies/]: Finished discovering compostables 328
[13Sep2026 17:30:38.641] [Server thread/INFO] [STDOUT/]: [net.caffeinemc.mods.lithium.common.block.TrackedBlockStatePredicate:<clinit>:13]: Lithium Cached BlockState Flags are disabled!
